"site";"engine";"scenario";"kind";"repetition";"concurrency";"durationMs";"requests";"attempts";"errors";"requestsPerSecond";"cpuMsPerRequest";"loadMedianRssMiB";"sampledPeakRssMiB";"p50Ms";"p95Ms";"p99Ms";"ttfbP95Ms";"cpuPercentOneCore";"meanBodyBytes";"meanDecodedBytes";"startupMs";"encodings";"clientCpuMs";"elapsedMs";"cpuValid";"reachedCap";"error"
"boutique";"next";"static";"route";"1";"4";"5000";"50398";"50398";"0";"10078,54443977377";"0,1176633993412437";"244,546875";"246,328125";"0,27616699999998673";"0,707749999999578";"1,0931250000000006";"0,6970000000001164";"118,58757991955724";"7531";"7531";"180,257292";"{""identity"":50398}";"2044,358";"5000,523667";"true";"false";""
"boutique";"rustyx";"static";"route";"1";"4";"5000";"145534";"145534";"0";"29104,327587371456";"0,084722470350571";"8,84375";"8,9375";"0,1257500000001528";"0,1995839999999589";"0,28691700000013043";"0,1922500000000582";"246,5790531094384";"6323";"6323";"28,651084000000083";"{""identity"":145534}";"4334,408";"5000,424749999999";"true";"false";""
"boutique";"next";"runtime";"route";"1";"4";"5000";"3305";"3305";"0";"660,4802571216986";"1,5219364599092284";"265,875";"308,796875";"5,95895900000005";"8,173667000000023";"9,58299999999997";"6,515374999999949";"100,5208984363735";"5892";"5892";"190,80529100000058";"{""identity"":3305}";"415,378";"5003,934583";"true";"false";""
"boutique";"rustyx";"runtime";"route";"1";"4";"5000";"21073";"21073";"0";"4212,676491913792";"0,4446448061500498";"283,5625";"290,828125";"0,8406249999998181";"1,5577919999996084";"2,375750000000039";"1,5093340000003082";"187,314472211988";"4310,139989560101";"4310,139989560101";"27,175500000001193";"{""identity"":21073}";"1536,332";"5002,283";"true";"false";""
"boutique";"next";"api-get";"route";"1";"4";"5000";"33991";"33991";"0";"6796,443913073121";"0,18828513430025595";"258,8125";"265,921875";"0,45554099999935715";"1,221082999999993";"1,7023340000000076";"1,2163329999998496";"127,96693549371297";"140";"140";"183,5043340000011";"{""identity"":33991}";"1317,238";"5001,291915999999";"true";"false";""
"boutique";"rustyx";"api-get";"route";"1";"4";"5000";"87127";"87127";"0";"17423,957731898743";"0,12441608227070827";"173,578125";"176,3125";"0,20587499999965075";"0,35858400000051915";"0,7195419999999899";"0,3492080000000328";"216,78205586532573";"140";"140";"27,995084000001953";"{""identity"":87127}";"3047,505";"5000,413875";"true";"false";""
"boutique";"next";"api-post";"route";"1";"4";"5000";"29501";"29501";"0";"5899,296129904582";"0,22202637198739025";"265,15625";"268,84375";"0,5281250000000455";"1,4188329999999496";"1,9230419999999953";"1,4146660000001248";"130,97993170019666";"41";"41";"196,48608399999648";"{""identity"":29501}";"1234,689";"5000,766083";"true";"false";""
"boutique";"rustyx";"api-post";"route";"1";"4";"5000";"74918";"74918";"0";"14982,425003319113";"0,12680530713580182";"177,4375";"180,640625";"0,22658300000011877";"0,4615000000000009";"0,8015419999999267";"0,4532080000000178";"189,98510041849966";"41";"41";"26,734542000005604";"{""identity"":74918}";"2750,47";"5000,392125";"true";"false";""
"boutique";"next";"image-hot";"route";"1";"4";"5000";"86061";"86061";"0";"17210,978881048388";"0,07250671035660752";"218,5";"220,3125";"0,20125000000007276";"0,3332500000000209";"0,8272499999998217";"0,32829100000003564";"124,79114606818645";"2254";"2254";"189,81616699999722";"{""identity"":86061}";"2278,68";"5000,35475";"true";"false";""
"boutique";"rustyx";"image-hot";"route";"1";"4";"5000";"148458";"148458";"0";"29689,640733104596";"0,07955111883495669";"14,375";"14,640625";"0,12391600000000835";"0,19512500000018917";"0,2727500000000873";"0,19174999999995634";"236,18441381263742";"2254";"2254";"27,511583999999857";"{""identity"":148458}";"4379,438";"5000,329958";"true";"false";""
"boutique";"next";"mixed";"mixed";"1";"4";"8000";"16953";"16953";"0";"2118,231856540175";"0,6022532885035097";"321,015625";"344,15625";"0,9592499999998836";"5,594167000000198";"6,821374999999989";"4,488875000000007";"127,5712101414215";"5054,146109833068";"5054,146109833068";"190,45562500000233";"{""identity"":16953}";"1034,403";"8003,373166";"true";"false";""
"boutique";"rustyx";"mixed";"mixed";"1";"4";"8000";"102204";"102204";"0";"12774,480569304798";"0,21506007592657822";"298,890625";"301,53125";"0,18420900000000273";"0,8000419999998485";"1,3462090000002718";"0,7629590000001372";"274,7280761157288";"3780,360621893468";"3780,360621893468";"27,80029099999956";"{""identity"":102204}";"4474,77";"8000,638417";"true";"false";""
"boutique";"rustyx";"static";"route";"2";"4";"5000";"137238";"137238";"0";"27445,92465684547";"0,09020825135895306";"8,96875";"8,96875";"0,13387499999998909";"0,21112499999981083";"0,2956249999999727";"0,20345799999995506";"247,58488702236033";"6323";"6323";"28,79595800000243";"{""identity"":137238}";"4354,716";"5000,305208";"true";"false";""
"boutique";"next";"static";"route";"2";"4";"5000";"50051";"50051";"0";"10009,162049895425";"0,11847915126570897";"243,65625";"244,265625";"0,2782500000002983";"0,7156249999999318";"1,0965830000000096";"0,7055830000001606";"118,58770245525538";"7531";"7531";"195,83233299999847";"{""identity"":50051}";"2026,175";"5000,5185";"true";"false";""
"boutique";"rustyx";"runtime";"route";"2";"4";"5000";"20910";"20910";"0";"4181,202958186096";"0,45767575322812054";"278,046875";"285,484375";"0,8418330000004062";"1,5643339999996897";"2,287999999999556";"1,5201250000000073";"191,3635213287467";"4310,125490196078";"4310,125490196078";"26,556750000003376";"{""identity"":20910}";"1537,948";"5000,953125";"true";"false";""
"boutique";"next";"runtime";"route";"2";"4";"5000";"3196";"3196";"0";"638,4482537406678";"1,5644555694618272";"292,171875";"311,296875";"6,145250000000033";"8,333583000000544";"10,134457999999995";"6,717915999999946";"99,88239263777656";"5892";"5892";"180,16849999999977";"{""identity"":3196}";"417,26";"5005,887291999999";"true";"false";""
"boutique";"rustyx";"api-get";"route";"2";"4";"5000";"84323";"84323";"0";"16863,238293507802";"0,12760456814866644";"175,015625";"178,65625";"0,2102500000000873";"0,39745899999979883";"0,7542499999999563";"0,3862500000000182";"215,18262400311178";"140";"140";"29,316250000003492";"{""identity"":84323}";"3059,402";"5000,4037499999995";"true";"false";""
"boutique";"next";"api-get";"route";"2";"4";"5000";"33611";"33611";"0";"6721,39158462716";"0,1898188093183779";"258,4375";"270,5625";"0,4650420000000395";"1,2438339999999926";"1,7352089999999407";"1,239875000000211";"127,58465475564928";"140";"140";"186,6070000000036";"{""identity"":33611}";"1313,905";"5000,601374999999";"true";"false";""
"boutique";"rustyx";"api-post";"route";"2";"4";"5000";"74617";"74617";"0";"14922,05403072643";"0,1275848667193803";"173,6875";"178,765625";"0,23012500000004366";"0,47400000000016007";"0,8062920000002123";"0,4640839999999855";"190,3828274689623";"41";"41";"28,818792000005487";"{""identity"":74617}";"2793,849";"5000,451";"true";"false";""
"boutique";"next";"api-post";"route";"2";"4";"5000";"29184";"29184";"0";"5836,041168747033";"0,22443804824561403";"259,328125";"264,71875";"0,5360419999999522";"1,4392500000000013";"1,9456659999999601";"1,4360000000001492";"130,98296893946363";"41";"41";"184,84395900000527";"{""identity"":29184}";"1236,983";"5000,650125";"true";"false";""
"boutique";"rustyx";"image-hot";"route";"2";"4";"5000";"143395";"143395";"0";"28677,100618123917";"0,08215070260469333";"14,546875";"14,765625";"0,12712499999997817";"0,2062919999999906";"0,3029590000001008";"0,20266700000047422";"235,58439644443652";"2254";"2254";"26,420666999998502";"{""identity"":143395}";"4364,534";"5000,331167";"true";"false";""
"boutique";"next";"image-hot";"route";"2";"4";"5000";"86832";"86832";"0";"17365,308444495673";"0,07197807259996315";"218,90625";"220,40625";"0,19962499999996908";"0,33358300000008967";"0,8272500000000491";"0,3291250000000048";"124,99214319386626";"2254";"2254";"194,7659580000036";"{""identity"":86832}";"2334,264";"5000,314292";"true";"false";""
"boutique";"rustyx";"mixed";"mixed";"2";"4";"8000";"96290";"96290";"0";"12033,812024895082";"0,22567244781389553";"299,1875";"301,765625";"0,19112499999982901";"0,8653749999999718";"1,4330830000008064";"0,8233749999999418";"271,56998161903635";"3780,368999896147";"3780,368999896147";"28,950041000003694";"{""identity"":96290}";"4427,175";"8001,62075";"true";"false";""
"boutique";"next";"mixed";"mixed";"2";"4";"8000";"16719";"16719";"0";"2088,9324235561135";"0,6100843351875113";"326,203125";"341,609375";"0,9861659999996846";"5,6296659999998155";"6,967624999999998";"4,523875000000089";"127,44249488768679";"5053,949877385011";"5053,949877385011";"186,49883399999817";"{""identity"":16719}";"1031,068";"8003,609792";"true";"false";""
"boutique";"next";"static";"route";"3";"4";"5000";"50037";"50037";"0";"10005,592907874976";"0,11851230089733597";"251,015625";"251,9375";"0,27741699999978664";"0,7137079999993148";"1,0996250000000032";"0,7024580000000356";"118,578583735433";"7531";"7531";"180,7367919999815";"{""identity"":50037}";"2038,163";"5000,903041";"true";"false";""
"boutique";"rustyx";"static";"route";"3";"4";"5000";"137963";"137963";"0";"27590,794640497967";"0,08987917050223611";"8,953125";"9";"0,13354100000015023";"0,2087500000000091";"0,2952909999999065";"0,20112499999959255";"247,98377357854991";"6323";"6323";"27,829708000004757";"{""identity"":137963}";"4347,141";"5000,327167";"true";"false";""
"boutique";"next";"runtime";"route";"3";"4";"5000";"3210";"3210";"0";"641,1233706018554";"1,5482866043613708";"289,28125";"311,109375";"6,132833000000119";"8,385374999999996";"10,173041999999441";"6,7821659999999895";"99,26427264458634";"5892";"5892";"192,65087499999208";"{""identity"":3210}";"411,733";"5006,8366670000005";"true";"false";""
"boutique";"rustyx";"runtime";"route";"3";"4";"5000";"21043";"21043";"0";"4207,997589797841";"0,446704367248016";"280,671875";"287,09375";"0,8436249999999745";"1,5432499999997162";"2,353375000000142";"1,4992080000001806";"187,97309007318208";"4310,137337832059";"4310,137337832059";"28,90116599999601";"{""identity"":21043}";"1550,74";"5000,715792";"true";"false";""
"boutique";"next";"api-get";"route";"3";"4";"5000";"33947";"33947";"0";"6788,527504502485";"0,18911833151677615";"268,5625";"273,9375";"0,45562500000005457";"1,216957999999977";"1,6879169999999988";"1,213124999999991";"128,3834995107254";"140";"140";"183,30562500000815";"{""identity"":33947}";"1316,42";"5000,6426249999995";"true";"false";""
"boutique";"rustyx";"api-get";"route";"3";"4";"5000";"82111";"82111";"0";"16420,815176825367";"0,130676766815652";"173,578125";"176,71875";"0,2161670000000413";"0,3982090000008611";"0,7825409999999948";"0,38724999999999454";"214,58190357849276";"140";"140";"28,711957999999868";"{""identity"":82111}";"3070,882";"5000,421667";"true";"false";""
"boutique";"next";"api-post";"route";"3";"4";"5000";"29098";"29098";"0";"5818,609236312287";"0,22647604646367447";"257,84375";"260,875";"0,5347500000002583";"1,4489170000006197";"1,9797080000000022";"1,444417000000044";"131,7775615757027";"41";"41";"182,57995800001663";"{""identity"":29098}";"1232,421";"5000,851375";"true";"false";""
"boutique";"rustyx";"api-post";"route";"3";"4";"5000";"73018";"73018";"0";"14602,369020291588";"0,1302418581719576";"175,4375";"178,484375";"0,23379099999999653";"0,4795409999999265";"0,8328330000003916";"0,46908299999995506";"190,18396749154044";"41";"41";"27,224459000019124";"{""identity"":73018}";"2768,291";"5000,4215";"true";"false";""
"boutique";"next";"image-hot";"route";"3";"4";"5000";"86956";"86956";"0";"17388,036970015644";"0,07210543263259579";"217,640625";"219,546875";"0,19979200000034325";"0,32883299999998883";"0,8282080000003589";"0,3241659999999911";"125,37719283545482";"2254";"2254";"183,13812499999767";"{""identity"":86956}";"2313,123";"5000,909541999999";"true";"false";""
"boutique";"rustyx";"image-hot";"route";"3";"4";"5000";"140302";"140302";"0";"28058,74289553858";"0,0842468389616684";"15,296875";"15,46875";"0,130500000000211";"0,20695900000009715";"0,2887500000001637";"0,20329199999991943";"236,3860394187296";"2254";"2254";"28,72816599998623";"{""identity"":140302}";"4372,033";"5000,295292";"true";"false";""
"boutique";"next";"mixed";"mixed";"3";"4";"8000";"17016";"17016";"0";"2125,5855004333325";"0,5982604607428302";"301";"335,75";"0,9546250000000214";"5,59958400000005";"6,8338329999999985";"4,4854159999999865";"127,16537608375249";"5054";"5054";"194,73237500002142";"{""identity"":17016}";"1024,755";"8005,323708";"true";"false";""
"boutique";"rustyx";"mixed";"mixed";"3";"4";"8000";"97402";"97402";"0";"12174,462844886686";"0,22679205765795363";"298,703125";"301,484375";"0,19495800000004238";"0,8373340000000553";"1,403332999999975";"0,7994580000001861";"276,10714794721554";"3780,373349623211";"3780,373349623211";"29,205374999990454";"{""identity"":97402}";"4517,137";"8000,51725";"true";"false";""
"boutique";"rustyx";"capacity-1";"capacity";"1";"1";"6000";"21779";"21779";"0";"3629,64050868131";"0,2800863216860278";"261,921875";"275,671875";"0,20087499999954161";"0,577750000000151";"0,7726659999999583";"0,5237919999999576";"101,66126591191511";"3779,7257449836998";"3779,7257449836998";"29,031208000000333";"{""identity"":21779}";"1398,395";"6000,318749999999";"true";"false";""
"boutique";"next";"capacity-1";"capacity";"1";"1";"6000";"3168";"3168";"0";"527,9583792811001";"1,057449494949495";"191,203125";"228,453125";"0,45783399999982066";"6,985625000000027";"7,506250000000364";"5,559500000000298";"55,82893215251531";"5054";"5054";"183,95699999999488";"{""identity"":3168}";"438,559";"6000,473";"true";"false";""
"boutique";"next";"capacity-16";"capacity";"1";"16";"6000";"12122";"12122";"0";"2017,1689556786487";"0,6599571027883188";"316,234375";"353,40625";"4,216833999999835";"22,350415999999996";"28,347250000000713";"17,523042000000032";"133,12449798242196";"5054,336248143871";"5054,336248143871";"211,77083399999538";"{""identity"":12122}";"852,419";"6009,412332999999";"true";"false";""
"boutique";"rustyx";"capacity-16";"capacity";"1";"16";"6000";"85816";"85816";"0";"14295,09522897587";"0,258693017619092";"319,15625";"323,390625";"0,4130000000000109";"3,4175420000001395";"5,169665999999978";"3,3783749999993233";"369,80413219360526";"3780,2862636338214";"3780,2862636338214";"28,937166999996407";"{""identity"":85816}";"4148,307";"6003,177917";"true";"false";""
"boutique";"next";"capacity-64";"capacity";"1";"64";"6000";"12222";"12222";"0";"2027,8827375642238";"0,693012600229095";"366,390625";"373,828125";"16,496083";"85,54954199999997";"101,525958";"67,29654200000004";"140,53482889190784";"5054,333496972672";"5054,333496972672";"183,81849999999395";"{""identity"":12222}";"842,19";"6026,975709";"true";"false";""
"boutique";"rustyx";"capacity-64";"capacity";"1";"64";"6000";"82953";"82953";"0";"13797,728238451287";"0,2588212602316975";"323,8125";"331,96875";"0,4283750000000168";"17,45979199999988";"24,440165999999977";"17,40975000000003";"357,11454110104415";"3780,300905331935";"3780,300905331935";"27,89474999997765";"{""identity"":82953}";"4242,727";"6012,076667";"true";"false";""
"boutique";"next";"capacity-128";"capacity";"1";"128";"6000";"12182";"12182";"0";"2013,2910760360726";"0,7100640288950911";"380,875";"461,484375";"32,94183299999986";"170,0357909999998";"202,72325";"134,330375";"142,9565572788707";"5054,334592021015";"5054,334592021015";"184,52587499999208";"{""identity"":12182}";"869,449";"6050,78925";"true";"false";""
"boutique";"rustyx";"capacity-128";"capacity";"1";"128";"6000";"83255";"83255";"0";"13819,179974365186";"0,25908353852621463";"324,0625";"332,078125";"0,4358330000004571";"37,227916999999934";"50,467916";"37,19724999999994";"358,03220472891365";"3780,26561768062";"3780,26561768062";"29,073499999998603";"{""identity"":83255}";"4483,802";"6024,597708";"true";"false";""
"boutique-node";"next";"static";"route";"1";"4";"5000";"49464";"49464";"0";"9891,884339920683";"0,12008733624454149";"226,15625";"229,828125";"0,28012500000022555";"0,7300000000000182";"1,1075419999999667";"0,7186249999999745";"118,78900408201694";"7531";"7531";"172,8037089999998";"{""identity"":49464}";"2026,053";"5000,462834";"true";"false";""
"boutique-node";"rustyx";"static";"route";"1";"4";"5000";"131587";"131587";"0";"26315,36033852474";"0,09393025146861012";"8,9375";"8,9375";"0,13999999999987267";"0,22208399999999529";"0,30204200000025594";"0,2136249999998654";"247,1808414084718";"6323";"6323";"27,98550000000978";"{""identity"":131587}";"4383,217";"5000,3875419999995";"true";"false";""
"boutique-node";"next";"runtime";"route";"1";"4";"5000";"52374";"52374";"0";"10473,809615415625";"0,11417879100316951";"232,296875";"235,578125";"0,26383400000008805";"0,6893749999999841";"1,0617090000000644";"0,6806249999999636";"119,58869190855279";"5872";"5872";"186,42074999999022";"{""identity"":52374}";"2032,689";"5000,472790999999";"true";"false";""
"boutique-node";"rustyx";"runtime";"route";"1";"4";"5000";"130752";"130752";"0";"26148,490067218205";"0,09957782672540381";"8,859375";"8,859375";"0,14166599999998652";"0,21533300000010058";"0,3057499999999891";"0,20929100000012113";"260,38098130443973";"4009";"4009";"28,897957999957725";"{""identity"":130752}";"4119,345";"5000,3652090000005";"true";"false";""
"boutique-node";"next";"mixed";"mixed";"1";"4";"8000";"56979";"56979";"0";"7121,489264772693";"0,16953614489548782";"256,125";"257,71875";"0,43099999999958527";"0,9956250000004729";"1,471958000000086";"0,9877079999998841";"120,73498358641643";"5048,985556082065";"5048,985556082065";"188,2293340000324";"{""identity"":56979}";"2329,983";"8000,995000000001";"true";"false";""
"boutique-node";"rustyx";"mixed";"mixed";"1";"4";"8000";"171957";"171957";"0";"21493,713642361134";"0,12520572003465982";"162,390625";"164,15625";"0,16762500000004366";"0,28295799999995097";"0,4315839999999298";"0,273290999999972";"269,11358928106165";"3705,0152247364167";"3705,0152247364167";"29,148125000006985";"{""identity"":171957}";"6240,512";"8000,339209000001";"true";"false";""
"boutique-node";"rustyx";"static";"route";"2";"4";"5000";"116007";"116007";"0";"23199,67433398408";"0,1064590929857681";"8,9375";"8,9375";"0,15945799999963128";"0,24333300000034797";"0,3374579999999696";"0,23387499999989814";"246,98162871611487";"6323";"6323";"27,957832999993116";"{""identity"":116007}";"4422,085";"5000,371916";"true";"false";""
"boutique-node";"next";"static";"route";"2";"4";"5000";"50608";"50608";"0";"10120,494841963256";"0,11776794182737907";"238,4375";"238,78125";"0,2721670000000813";"0,7044579999999883";"1,0827500000000327";"0,6941669999998794";"119,18698478126188";"7531";"7531";"185,7682499999646";"{""identity"":50608}";"2034,876";"5000,546";"true";"false";""
"boutique-node";"rustyx";"runtime";"route";"2";"4";"5000";"117718";"117718";"0";"23541,721563661336";"0,11111299886168641";"8,84375";"8,875";"0,1589589999994132";"0,23587499999985084";"0,32799999999997453";"0,22912500000029468";"261,57912813052405";"4009";"4009";"27,825667000026442";"{""identity"":117718}";"4111,584";"5000,398959";"true";"false";""
"boutique-node";"next";"runtime";"route";"2";"4";"5000";"57961";"57961";"0";"11590,95136476423";"0,10420800193233382";"230,578125";"235,125";"0,24441699999999855";"0,6524999999996908";"1,0162499999999994";"0,6443330000001879";"120,78698822169382";"5872";"5872";"186,12475000001723";"{""identity"":57961}";"1974,086";"5000,538625";"true";"false";""
"boutique-node";"rustyx";"mixed";"mixed";"2";"4";"8000";"152768";"152768";"0";"19095,01063976123";"0,14368192291579387";"160,546875";"168,125";"0,1902919999997721";"0,311916999999994";"0,45029199999999037";"0,3009999999999309";"274,36078468184365";"3705";"3705";"28,738583000027575";"{""identity"":152768}";"6292,029";"8000,4145";"true";"false";""
"boutique-node";"next";"mixed";"mixed";"2";"4";"8000";"57208";"57208";"0";"7150,460735490326";"0,16798349881135505";"259,609375";"261,28125";"0,4279160000005504";"0,9925839999998516";"1,4471670000002632";"0,9840830000000551";"120,11594124608803";"5049";"5049";"189,32520899997326";"{""identity"":57208}";"2280,339";"8000,603334";"true";"false";""
"boutique-node";"next";"static";"route";"3";"4";"5000";"50163";"50163";"0";"10031,514923131612";"0,11881267069353907";"233,796875";"235,109375";"0,2764999999999418";"0,7111670000003869";"1,0817910000000097";"0,7003750000001219";"119,1871079119359";"7531";"7531";"175,8269169999985";"{""identity"":50163}";"2033,576";"5000,540834";"true";"false";""
"boutique-node";"rustyx";"static";"route";"3";"4";"5000";"119347";"119347";"0";"23867,671188199292";"0,10381492622353305";"8,78125";"8,8125";"0,15695800000003146";"0,23645900000019537";"0,3291669999998703";"0,22737499999993815";"247,78205235304551";"6323";"6323";"28,605792000016663";"{""identity"":119347}";"4430,542";"5000,362166";"true";"false";""
"boutique-node";"next";"runtime";"route";"3";"4";"5000";"56813";"56813";"0";"11361,373160297482";"0,10684174396704979";"230,921875";"237,25";"0,2487500000002001";"0,6649169999999458";"1,036457999999584";"0,6560000000001764";"121,3868922306615";"5872";"5872";"192,3612500000163";"{""identity"":56813}";"1950,151";"5000,539917";"true";"false";""
"boutique-node";"rustyx";"runtime";"route";"3";"4";"5000";"108038";"108038";"0";"21605,36672237908";"0,11977267257816694";"8,859375";"8,875";"0,17254199999979392";"0,2606670000000122";"0,3503339999997479";"0,25345800000013696";"258,7732514370733";"4009";"4009";"27,846375000022817";"{""identity"":108038}";"4150,422";"5000,516834";"true";"false";""
"boutique-node";"next";"mixed";"mixed";"3";"4";"8000";"57580";"57580";"0";"7196,890213789464";"0,16776658562000696";"256,515625";"258,25";"0,41962499999999636";"0,9978340000000117";"1,4634170000000495";"0,9894590000003518";"120,73976982495002";"5049";"5049";"194,54537499998696";"{""identity"":57580}";"2294,351";"8000,677833000001";"true";"false";""
"boutique-node";"rustyx";"mixed";"mixed";"3";"4";"8000";"153138";"153138";"0";"19141,293933043296";"0,1425511630033042";"160,890625";"167,46875";"0,19120899999961694";"0,302208999999948";"0,4482500000000016";"0,2919999999999163";"272,86137115434127";"3705,0212945186695";"3705,0212945186695";"29,116875000006985";"{""identity"":153138}";"6246,65";"8000,399582999999";"true";"false";""
"boutique-node";"rustyx";"capacity-1";"capacity";"1";"1";"6000";"52919";"52919";"0";"8819,49525268198";"0,09750751147980877";"128,65625";"129,078125";"0,09866599999986647";"0,1580420000000231";"0,23341700000000287";"0,14791700000000674";"85,99670345970071";"3704,994255371417";"3704,994255371417";"28,82954200002132";"{""identity"":52919}";"2072,344";"6000,2300000000005";"true";"false";""
"boutique-node";"next";"capacity-1";"capacity";"1";"1";"6000";"30994";"30994";"0";"5165,418834175519";"0,19874814480221978";"234,90625";"250,53125";"0,161583999999948";"0,31941699999993034";"0,6124589999999444";"0,308749999999975";"102,66174104188293";"5049,131831967477";"5049,131831967477";"184,32475000002887";"{""identity"":30994}";"1483,894";"6000,287875";"true";"false";""
"boutique-node";"next";"capacity-16";"capacity";"1";"16";"6000";"41514";"41514";"0";"6915,920781942078";"0,1792166498048851";"255,265625";"262,78125";"1,9742499999999836";"3,991041999999993";"5,345792000000074";"3,9789160000000265";"123,94481528556406";"5049,098424627837";"5049,098424627837";"180,1708749999525";"{""identity"":41514}";"1765,262";"6002,671417";"true";"false";""
"boutique-node";"rustyx";"capacity-16";"capacity";"1";"16";"6000";"153786";"153786";"0";"25627,70132615252";"0,18077068133640253";"166,09375";"174,859375";"0,5357919999996739";"1,1869590000000017";"1,6766250000000582";"1,154166000000032";"463,2737029814418";"3705,021204791073";"3705,021204791073";"28,882875000010245";"{""identity"":153786}";"5659,449";"6000,772291";"true";"false";""
"boutique-node";"next";"capacity-64";"capacity";"1";"64";"6000";"41070";"41070";"0";"6836,567663501044";"0,18066715364012662";"263,421875";"280,125";"8,433500000000095";"14,81254100000001";"18,343875000000025";"14,800791000000004";"123,51432204328646";"5049,099488677867";"5049,099488677867";"191,2062080000178";"{""identity"":41070}";"1767,661";"6007,4005";"true";"false";""
"boutique-node";"rustyx";"capacity-64";"capacity";"1";"64";"6000";"125072";"125072";"0";"20839,375876754566";"0,2246705897403096";"178,6875";"185,171875";"2,475792000000183";"6,20941700000003";"9,256958000000054";"6,01037499999984";"468,1994868050429";"3705";"3705";"27,87787499994738";"{""identity"":125072}";"5832,634";"6001,71525";"true";"false";""
"boutique-node";"next";"capacity-128";"capacity";"1";"128";"6000";"40861";"40861";"0";"6791,505496468981";"0,1825701769413377";"269,046875";"288,9375";"17,098457999999482";"29,042083000000275";"35,500083";"29,030082999999877";"123,99263601884094";"5049,060742517315";"5049,060742517315";"190,1925410000258";"{""identity"":40861}";"1791,562";"6016,486333";"true";"false";""
"boutique-node";"rustyx";"capacity-128";"capacity";"1";"128";"6000";"121199";"121199";"0";"20188,616595154148";"0,2170809990181437";"172,28125";"191,609375";"5,085874999999987";"12,734999999999673";"18,96362500000032";"12,461833000000297";"438,25650592703374";"3704,9974917284794";"3704,9974917284794";"28,882290999987163";"{""identity"":121199}";"5794,572";"6003,333583";"true";"false";""
"journal";"next";"static";"route";"1";"4";"5000";"71760";"71760";"0";"14350,920331470335";"0,10562987736900781";"204,953125";"206,203125";"0,2454579999998714";"0,4261250000000132";"0,8400410000003831";"0,4201659999999947";"151,58859547456123";"2150";"2150";"180,82070800004294";"{""identity"":71760}";"2200,613";"5000,376166999999";"true";"false";""
"journal";"rustyx";"static";"route";"1";"4";"5000";"129821";"129821";"0";"25961,836610935432";"0,09266605556882168";"8,8125";"8,828125";"0,1414999999997235";"0,22341599999981554";"0,31829200000038327";"0,21875";"240,57809940576118";"1840";"1840";"29,300583000003826";"{""identity"":129821}";"4427,996";"5000,455166";"true";"false";""
"journal";"next";"isr-hit";"route";"1";"4";"5000";"41616";"41616";"0";"8322,262289096576";"0,14225297962322184";"222,734375";"228,078125";"0,3519579999999678";"0,8705420000000004";"1,3241250000000093";"0,8635839999997188";"118,38666078299626";"1987";"1987";"178,4503750000149";"{""identity"":41616}";"1400,162";"5000,563375000001";"true";"false";""
"journal";"rustyx";"isr-hit";"route";"1";"4";"5000";"116874";"116874";"0";"23372,878165092876";"0,10558379109126068";"86,359375";"86,375";"0,1586250000000291";"0,24691699999993943";"0,3406249999998181";"0,24175000000013824";"246,77970853846546";"1693";"1693";"28,309041999978945";"{""identity"":116874}";"4229,288";"5000,411125";"true";"false";""
"journal";"next";"ssr";"route";"1";"4";"5000";"22277";"22277";"0";"4454,637848883014";"0,2796606365309512";"228,125";"248,390625";"0,763915999999881";"1,7608750000008513";"2,4430830000000014";"1,744291000000203";"124,5786856333491";"1807,0051173856443";"1807,0051173856443";"177,9953749999986";"{""identity"":22277}";"1242,905";"5000,855458";"true";"false";""
"journal";"rustyx";"ssr";"route";"1";"4";"5000";"62268";"62268";"0";"12452,246234127064";"0,14437592342776387";"139,453125";"145,03125";"0,31708399999999415";"0,5007079999995767";"0,7173750000000041";"0,4770419999999831";"179,780454880199";"1489,1078884820454";"1489,1078884820454";"29,12799999996787";"{""identity"":62268}";"3705,59";"5000,543583";"true";"false";""
"journal";"next";"api-pages";"route";"1";"4";"5000";"63473";"63473";"0";"12693,422789122376";"0,09736423361114174";"216,796875";"218,453125";"0,2173330000000533";"0,6483750000002146";"1,0159999999999627";"0,6453329999999369";"123,58853817651016";"35";"35";"181,36137499997858";"{""identity"":63473}";"1945,847";"5000,463709";"true";"false";""
"journal";"rustyx";"api-pages";"route";"1";"4";"5000";"100175";"100175";"0";"20033,40918303691";"0,11060643873221862";"133,171875";"133,265625";"0,17079100000000835";"0,3090000000000259";"0,8597909999998592";"0,30512499999986176";"221,5824045401038";"35";"35";"28,963875000015832";"{""identity"":100175}";"3827,642";"5000,397041";"true";"false";""
"journal";"next";"mixed";"mixed";"1";"4";"8000";"54145";"54145";"0";"6767,623173974026";"0,1857973958814295";"247,265625";"251,125";"0,3914170000007289";"1,5271250000005239";"2,2008329999999887";"1,523332999999866";"125,74067620311885";"1495,0569396989565";"1495,0569396989565";"180,15791599999648";"{""identity"":54145}";"2059,209";"8000,593208";"true";"false";""
"journal";"rustyx";"mixed";"mixed";"1";"4";"8000";"144954";"144954";"0";"18118,22471457596";"0,12493618665231729";"239,1875";"240,6875";"0,2075829999994312";"0,3421669999997903";"0,5765000000001237";"0,3310829999991256";"226,36219047488905";"1264,7987775432207";"1264,7987775432207";"28,726708000001963";"{""identity"":144954}";"6204,464";"8000,452709";"true";"false";""
"journal";"next";"api-upload";"route";"1";"4";"5000";"49507";"49507";"0";"9900,411772578178";"0,13472842224331913";"242,859375";"244,828125";"0,284958999999958";"0,8201669999998558";"1,225999999999658";"0,8170419999996739";"133,38668576786404";"35";"35";"177,46320800000103";"{""identity"":49507}";"1930,908";"5000,499084";"true";"false";""
"journal";"rustyx";"api-upload";"route";"1";"4";"5000";"61626";"61626";"0";"12324,08364260177";"0,17995651186187647";"202,234375";"218,65625";"0,27016600000001745";"0,7708750000001601";"1,2972909999999729";"0,7674580000000049";"221,77991042166232";"35";"35";"28,080957999976818";"{""identity"":61626}";"3107,626";"5000,452917";"true";"false";""
"journal";"rustyx";"static";"route";"2";"4";"5000";"127562";"127562";"0";"25510,14107700763";"0,09344475627537982";"8,90625";"8,90625";"0,14249999999992724";"0,2359590000000935";"0,3348749999999825";"0,2309580000000011";"238,3788915491533";"1840";"1840";"29,63483300001826";"{""identity"":127562}";"4362,644";"5000,44275";"true";"false";""
"journal";"next";"static";"route";"2";"4";"5000";"68583";"68583";"0";"13715,530416305335";"0,10964816353906945";"201,953125";"203,5";"0,25529199999982666";"0,4635410000000775";"0,8892920000000117";"0,4566250000000025";"150,38827221121286";"2150";"2150";"179,67945900000632";"{""identity"":68583}";"2180,397";"5000,3899169999995";"true";"false";""
"journal";"rustyx";"isr-hit";"route";"2";"4";"5000";"118595";"118595";"0";"23717,12911696044";"0,10379864243855137";"81,171875";"81,296875";"0,15562500000010004";"0,23974999999995816";"0,33362499999975626";"0,2346669999999449";"246,18058048803323";"1693";"1693";"29,212583000015";"{""identity"":118595}";"4255,427";"5000,394416";"true";"false";""
"journal";"next";"isr-hit";"route";"2";"4";"5000";"41448";"41448";"0";"8288,501359144844";"0,1425883034163289";"222,15625";"230,8125";"0,35587500000019645";"0,8629590000000462";"1,309665999999993";"0,8559999999999945";"118,18433466643995";"1987";"1987";"176,82941700000083";"{""identity"":41448}";"1408,879";"5000,66275";"true";"false";""
"journal";"rustyx";"ssr";"route";"2";"4";"5000";"60888";"60888";"0";"12176,256552215322";"0,1468269609775325";"140,078125";"148,1875";"0,3211659999999483";"0,5139170000002196";"0,7386670000000777";"0,49137500000006185";"178,78027456445437";"1489,0876691630535";"1489,0876691630535";"28,91116699995473";"{""identity"":60888}";"3647,614";"5000,551667";"true";"false";""
"journal";"next";"ssr";"route";"2";"4";"5000";"22193";"22193";"0";"4437,889900337671";"0,27981796061821296";"223,6875";"243,125";"0,7645840000000135";"1,748042000000055";"2,3587500000003274";"1,7286250000006476";"124,18013013606515";"1806,9975668003424";"1806,9975668003424";"180,15174999996088";"{""identity"":22193}";"1255,716";"5000,800042";"true";"false";""
"journal";"rustyx";"api-pages";"route";"2";"4";"5000";"96586";"96586";"0";"19315,663601212098";"0,11440581450727849";"135,78125";"135,84375";"0,17550000000028376";"0,33491700000000435";"0,8955410000000938";"0,33062500000005457";"220,9824227045262";"35";"35";"27,594583000056446";"{""identity"":96586}";"3797,886";"5000,397708";"true";"false";""
"journal";"next";"api-pages";"route";"2";"4";"5000";"65041";"65041";"0";"13006,928031696696";"0,09517073845728079";"215,390625";"217,171875";"0,21000000000003638";"0,6234160000000202";"0,9829589999999939";"0,6200830000002497";"123,78789458372803";"35";"35";"183,35037499992177";"{""identity"":65041}";"1945,02";"5000,488958";"true";"false";""
"journal";"rustyx";"mixed";"mixed";"2";"4";"8000";"141228";"141228";"0";"17652,530489926998";"0,12780751692298978";"245,5625";"247,140625";"0,2104170000002341";"0,36629199999970297";"0,6133330000000115";"0,3532920000000104";"225,6126089324938";"1264,766590194579";"1264,766590194579";"27,90362500003539";"{""identity"":141228}";"6167,559";"8000,439375";"true";"false";""
"journal";"next";"mixed";"mixed";"2";"4";"8000";"53328";"53328";"0";"6665,518520435626";"0,18901890189018902";"244,609375";"248,3125";"0,3978750000005675";"1,5554590000001554";"2,2278750000004948";"1,5517089999998461";"125,99089912614593";"1495,041704170417";"1495,041704170417";"179,70179200009443";"{""identity"":53328}";"2069,69";"8000,577875";"true";"false";""
"journal";"rustyx";"api-upload";"route";"2";"4";"5000";"61512";"61512";"0";"12301,202377078731";"0,18029002471062558";"212,890625";"217,5";"0,27395800000022064";"0,7557090000000244";"1,2539170000000013";"0,7510830000001079";"221,77840805339304";"35";"35";"28,803415999980643";"{""identity"":61512}";"3146,863";"5000,486791";"true";"false";""
"journal";"next";"api-upload";"route";"2";"4";"5000";"48047";"48047";"0";"9608,066400383626";"0,13840614398401566";"244,421875";"246,859375";"0,2959579999999278";"0,8482079999999996";"1,3140410000005431";"0,8450420000000065";"132,9815421619479";"35";"35";"183,0520410001045";"{""identity"":48047}";"1919,867";"5000,694";"true";"false";""
"journal";"next";"static";"route";"3";"4";"5000";"67209";"67209";"0";"13439,352916927086";"0,11263372464997247";"200,65625";"201,890625";"0,261583000000428";"0,4626670000000104";"0,8955420000000913";"0,45616599999993923";"151,37243759189698";"2150";"2150";"177,82224999996834";"{""identity"":67209}";"2191,074";"5000,910417";"true";"false";""
"journal";"rustyx";"static";"route";"3";"4";"5000";"126763";"126763";"0";"25350,413526833312";"0,09466484699794105";"8,8125";"8,953125";"0,14512500000000728";"0,2270419999999831";"0,3252079999999751";"0,22233299999993505";"239,97930178522105";"1840";"1840";"28,102083000005223";"{""identity"":126763}";"4432,335";"5000,43125";"true";"false";""
"journal";"next";"isr-hit";"route";"3";"4";"5000";"40912";"40912";"0";"8181,545915331425";"0,14470082127493156";"226,4375";"230,609375";"0,35674999999991996";"0,8867079999999987";"1,364500000000021";"0,8797500000000582";"118,38764132470189";"1987";"1987";"179,4461659999797";"{""identity"":40912}";"1374,374";"5000,521958";"true";"false";""
"journal";"rustyx";"isr-hit";"route";"3";"4";"5000";"114728";"114728";"0";"22943,84727820749";"0,10703577156404714";"78,390625";"78,40625";"0,16145800000049348";"0,24808299999999406";"0,3400000000001455";"0,24295799999981682";"245,58123960706018";"1693";"1693";"28,224374999990687";"{""identity"":114728}";"4298,935";"5000,381959";"true";"false";""
"journal";"next";"ssr";"route";"3";"4";"5000";"21883";"21883";"0";"4375,697330396597";"0,28515285838321985";"222,875";"245,5625";"0,7722920000001068";"1,7917919999999867";"2,5311669999998685";"1,7742500000000518";"124,7742601182414";"1806,9691998354888";"1806,9691998354888";"179,05141700000968";"{""identity"":21883}";"1235,301";"5001,0314579999995";"true";"false";""
"journal";"rustyx";"ssr";"route";"3";"4";"5000";"60573";"60573";"0";"12113,106960239673";"0,14792069073679692";"137,46875";"143,9375";"0,32283300000017334";"0,5154160000000729";"0,7459589999999992";"0,4934160000000247";"179,17791485273548";"1489,0829247354432";"1489,0829247354432";"28,154833000036888";"{""identity"":60573}";"3694,174";"5000,616291";"true";"false";""
"journal";"next";"api-pages";"route";"3";"4";"5000";"63762";"63762";"0";"12751,32974009066";"0,09707976537749757";"211,484375";"213,203125";"0,21766700000000583";"0,6351670000003651";"0,9992500000000177";"0,6317500000000109";"123,78960994191083";"35";"35";"182,56475000001956";"{""identity"":63762}";"1908,957";"5000,419666";"true";"false";""
"journal";"rustyx";"api-pages";"route";"3";"4";"5000";"94455";"94455";"0";"18888,424246028528";"0,11603409030755386";"136,890625";"137,578125";"0,17895799999996598";"0,3489589999999225";"0,9079589999998916";"0,3442920000002232";"219,1701124731064";"35";"35";"28,133333000005223";"{""identity"":94455}";"3798,124";"5000,681834";"true";"false";""
"journal";"next";"mixed";"mixed";"3";"4";"8000";"52645";"52645";"0";"6579,988352404464";"0,19128122328806155";"244,78125";"250,921875";"0,4008750000002692";"1,5821249999999054";"2,2597500000000537";"1,5774579999997513";"125,86282212691226";"1495,0514388830848";"1495,0514388830848";"184,30770799994934";"{""identity"":52645}";"2063,939";"8000,774041";"true";"false";""
"journal";"rustyx";"mixed";"mixed";"3";"4";"8000";"140094";"140094";"0";"17510,822200029997";"0,12991277285251332";"237,15625";"239,625";"0,21424999999999272";"0,3544170000000122";"0,6051659999998265";"0,3423750000000041";"227,48794669332443";"1264,7657786914501";"1264,7657786914501";"29,2255839999998";"{""identity"":140094}";"6165,266";"8000,4238749999995";"true";"false";""
"journal";"next";"api-upload";"route";"3";"4";"5000";"49407";"49407";"0";"9880,341157431318";"0,13479871273301355";"245,8125";"246,6875";"0,2847909999999274";"0,8172910000002958";"1,2032499999999686";"0,8142920000000231";"133,18572693847548";"35";"35";"178,2967499999795";"{""identity"":49407}";"1916,926";"5000,535833";"true";"false";""
"journal";"rustyx";"api-upload";"route";"3";"4";"5000";"58460";"58460";"0";"11690,66375713256";"0,1885049606568594";"219,828125";"221,125";"0,283708999999817";"0,8004590000000462";"1,362875000000031";"0,7963749999998981";"220,37481115908452";"35";"35";"28,240042000077665";"{""identity"":58460}";"3167,949";"5000,5715";"true";"false";""
"journal";"rustyx";"capacity-1";"capacity";"1";"1";"6000";"50108";"50108";"0";"8351,052472128433";"0,10118144807216413";"220,765625";"221,109375";"0,10029199999962657";"0,19058300000000372";"0,32108300000000156";"0,1767500000000055";"84,49715820565808";"1264,2228985391555";"1264,2228985391555";"30,34554200002458";"{""identity"":50108}";"2041,395";"6000,201791";"true";"false";""
"journal";"next";"capacity-1";"capacity";"1";"1";"6000";"23462";"23462";"0";"3910,113253260559";"0,24507714602335692";"208,203125";"241,46875";"0,20737499999995634";"0,45020900000008623";"0,6757500000003347";"0,42745800000000145";"95,82793967372011";"1494,8254198278066";"1494,8254198278066";"176,59675000002608";"{""identity"":23462}";"1366,456";"6000,337709";"true";"false";""
"journal";"next";"capacity-16";"capacity";"1";"16";"6000";"38339";"38339";"0";"6387,589958509989";"0,20344818592034222";"247,703125";"257,921875";"1,4512500000000728";"6,576000000000022";"9,312457999999992";"6,572583000000122";"129,95435894618512";"1494,9983567646523";"1494,9983567646523";"161,514542000019";"{""identity"":38339}";"1688,826";"6002,10725";"true";"false";""
"journal";"rustyx";"capacity-16";"capacity";"1";"16";"6000";"130862";"130862";"0";"21806,435887219242";"0,18813712154789014";"253,546875";"254,71875";"0,630916999999954";"1,5385420000000067";"2,168166000000383";"1,5225420000001577";"410,260007904004";"1264,6963442404976";"1264,6963442404976";"27,939749999903142";"{""identity"":130862}";"5973,559";"6001,072375";"true";"false";""
"journal";"next";"capacity-64";"capacity";"1";"64";"6000";"36580";"36580";"0";"6089,950677179807";"0,21869874248223073";"263,71875";"277,015625";"5,671374999999898";"28,204457999999704";"41,72191699999996";"28,200459000000137";"133,18645548780333";"1494,9463367960634";"1494,9463367960634";"199,51437499991152";"{""identity"":36580}";"1656,602";"6006,616792";"true";"false";""
"journal";"rustyx";"capacity-64";"capacity";"1";"64";"6000";"124972";"124972";"0";"20810,593242195566";"0,2004448996575233";"249,671875";"250,171875";"2,213207999999895";"8,087750000000142";"11,36749999999995";"8,063833000000159";"417,1377274245422";"1264,638671062318";"1264,638671062318";"28,874499999918044";"{""identity"":124972}";"6119,653";"6005,210834";"true";"false";""
"journal";"next";"capacity-128";"capacity";"1";"128";"6000";"35061";"35061";"0";"5831,233029450379";"0,229599840278372";"265,21875";"293,5";"12,402000000000015";"59,33050000000003";"85,78045800000001";"59,32733299999995";"133,88501721877742";"1494,9518553378398";"1494,9518553378398";"187,21974999993108";"{""identity"":35061}";"1680,953";"6012,622";"true";"false";""
"journal";"rustyx";"capacity-128";"capacity";"1";"128";"6000";"121979";"121979";"0";"20313,425164156986";"0,20413349838906697";"261,546875";"269,84375";"4,993124999999964";"18,082874999999945";"26,658000000000357";"18,05929100000003";"414,66505430238726";"1264,6214922240713";"1264,6214922240713";"29,294541000039317";"{""identity"":121979}";"6252,101";"6004,8465";"true";"false";""
"dashboard";"next";"ppr-html";"route";"1";"4";"5000";"4171";"4171";"0";"833,6740837071557";"1,644689522896188";"259,765625";"283,40625";"4,654540999999881";"6,89545899999996";"8,847374999999943";"1,835458000000017";"137,11350309832386";"8771,467753536323";"8771,467753536323";"230,51566699997056";"{""identity"":4171}";"756,698";"5003,154208";"true";"false";""
"dashboard";"rustyx";"ppr-html";"route";"1";"4";"5000";"6233";"6233";"0";"1246,1469114506308";"1,5867158671586716";"241,78125";"283,515625";"3,0641669999999976";"4,462291999999991";"5,9076670000004015";"1,4821660000000065";"197,72810772094877";"7310,8154981549815";"7310,8154981549815";"29,277958000078797";"{""identity"":6233}";"1153,756";"5001,817958";"true";"false";""
"dashboard";"next";"ppr-flight";"route";"1";"4";"5000";"6833";"6833";"0";"1364,7118414681572";"0,9688277476950096";"256,03125";"261,3125";"2,7690419999998994";"4,4995420000000195";"5,780875000000037";"4,463166000000001";"132,21706996223037";"4649,837553051369";"4649,837553051369";"205,0989169999957";"{""identity"":6833}";"697,65";"5006,917792";"true";"false";""
"dashboard";"rustyx";"ppr-flight";"route";"1";"4";"5000";"6811";"6811";"0";"1362,0600709379082";"1,4050800176185583";"232,109375";"247,46875";"2,752083000000084";"4,0932920000000195";"6,113749999999982";"4,0259170000000495";"191,38033884709708";"3572,8370283365143";"3572,8370283365143";"28,76325000007637";"{""identity"":6811}";"929,007";"5000,513667";"true";"false";""
"dashboard";"next";"api-session";"route";"1";"4";"5000";"27820";"27820";"0";"5560,94620639076";"0,2340043134435658";"248,671875";"261,296875";"0,5711670000000595";"1,5303330000000415";"2,161000000000058";"1,5161669999999958";"130,12853991230716";"26,600647016534868";"26,600647016534868";"234,63791699998546";"{""identity"":27820}";"1440,475";"5002,74575";"true";"false";""
"dashboard";"rustyx";"api-session";"route";"1";"4";"5000";"46452";"46452";"0";"9289,27630782858";"0,20623439249117367";"165,875";"171,875";"0,3837079999999844";"0,7336250000000177";"1,2026670000000195";"0,7074590000000001";"191,57682560276803";"26,760828381985707";"26,760828381985707";"29,00237499992363";"{""identity"":46452}";"2966,624";"5000,604833";"true";"false";""
"dashboard";"next";"static";"route";"1";"4";"5000";"42645";"42645";"0";"8528,11172552765";"0,1425724000468988";"240,8125";"245,828125";"0,3456670000000486";"0,9351250000000846";"1,3606249999999704";"0,9233750000000782";"121,58733565765765";"7507";"7507";"222,9421249999432";"{""identity"":42645}";"1808,587";"5000,520791999999";"true";"false";""
"dashboard";"rustyx";"static";"route";"1";"4";"5000";"92724";"92724";"0";"18543,179478167676";"0,136318536732669";"8,328125";"8,328125";"0,20108299999992596";"0,30712500000004184";"0,4191249999998945";"0,29587499999990996";"252,77790928350746";"5447";"5447";"27,84562499995809";"{""identity"":92724}";"4309,214";"5000,436959000001";"true";"false";""
"dashboard";"next";"mixed";"mixed";"1";"4";"8000";"13616";"13616";"0";"1701,5161137019363";"0,7806991774383079";"284,859375";"289,90625";"1,1104170000000977";"6,180624999999964";"7,8131249999999";"1,8042919999999754";"132,8372230365128";"5435,031653936545";"5435,031653936545";"195,51195800001733";"{""identity"":13616}";"1197,8";"8002,2750829999995";"true";"false";""
"dashboard";"rustyx";"mixed";"mixed";"1";"4";"8000";"24812";"24812";"0";"3100,363410261707";"0,7452039335805255";"274,15625";"297,25";"0,49679199999991397";"3,7450830000000224";"4,833499999999731";"1,1798749999998108";"231,04030088561566";"4262,44893599871";"4262,44893599871";"28,753082999959588";"{""identity"":24812}";"2565,633";"8002,932791";"true";"false";""
"dashboard";"rustyx";"ppr-html";"route";"2";"4";"5000";"6138";"6138";"0";"1227,0460807230095";"1,6129032258064515";"257,546875";"281,859375";"3,0284999999998945";"4,64449999999988";"6,535624999999982";"1,4680830000000924";"197,91065818113057";"7310,812642554578";"7310,812642554578";"26,811290999990888";"{""identity"":6138}";"1139,922";"5002,257125";"true";"false";""
"dashboard";"next";"ppr-html";"route";"2";"4";"5000";"3947";"3947";"0";"789,0365435720174";"1,7481631618951101";"262,46875";"284,578125";"4,907208999999966";"7,220625000000155";"10,08479100000001";"1,8638329999999996";"137,9364618861647";"8771,437547504434";"8771,437547504434";"190,02895800000988";"{""identity"":3947}";"752,389";"5002,303166000001";"true";"false";""
"dashboard";"rustyx";"ppr-flight";"route";"2";"4";"5000";"8227";"8227";"0";"1645,1926234698117";"1,175398079494348";"229,96875";"247,65625";"2,297625000000153";"3,347250000000031";"4,776166999999987";"3,286292000000003";"193,37562500246844";"3572,865078400389";"3572,865078400389";"28,949416000046767";"{""identity"":8227}";"896,753";"5000,63025";"true";"false";""
"dashboard";"next";"ppr-flight";"route";"2";"4";"5000";"7094";"7094";"0";"1417,8148194630517";"0,9275444037214547";"257,109375";"264,734375";"2,617999999999938";"4,488875000000007";"5,611000000000004";"4,444083999999748";"131,50862013062982";"4649,843529743445";"4649,843529743445";"186,5884579999838";"{""identity"":7094}";"691,852";"5003,474292";"true";"false";""
"dashboard";"rustyx";"api-session";"route";"2";"4";"5000";"50426";"50426";"0";"10084,083524558046";"0,19374925633601714";"167,828125";"171,125";"0,35599999999999454";"0,6447920000000522";"1,0942500000001019";"0,6197499999999536";"195,37836837134037";"26,77967715067624";"26,77967715067624";"28,87433400005102";"{""identity"":50426}";"3055,83";"5000,553583";"true";"false";""
"dashboard";"next";"api-session";"route";"2";"4";"5000";"30854";"30854";"0";"6169,531852727671";"0,20969728398262785";"252,015625";"259,03125";"0,4997089999997115";"1,3804999999999836";"1,8699160000000035";"1,3695000000000164";"129,37340729613027";"26,639917028586243";"26,639917028586243";"196,52304100000765";"{""identity"":30854}";"1404,893";"5001,02775";"true";"false";""
"dashboard";"rustyx";"static";"route";"2";"4";"5000";"91224";"91224";"0";"18243,163588226136";"0,13877926861352274";"8,140625";"8,15625";"0,20458400000006804";"0,31399999999985084";"0,412916000000223";"0,3026249999999209";"253,17728999708729";"5447";"5447";"28,542833000072278";"{""identity"":91224}";"4298,879";"5000,4484999999995";"true";"false";""
"dashboard";"next";"static";"route";"2";"4";"5000";"43707";"43707";"0";"8740,277166309384";"0,13796417049900472";"234,6875";"240,484375";"0,33266600000001745";"0,8584169999999176";"1,272291000000024";"0,8451250000000528";"120,5845089181266";"7507";"7507";"196,64620800002012";"{""identity"":43707}";"1787,754";"5000,642333000001";"true";"false";""
"dashboard";"rustyx";"mixed";"mixed";"2";"4";"8000";"25858";"25858";"0";"3231,6465909880885";"0,6906953360662077";"279,46875";"297,203125";"0,47745899999995345";"3,6241660000000593";"4,729334000000108";"1,1426249999999527";"223,20832282097325";"4262,64854203728";"4262,64854203728";"28,67662499996368";"{""identity"":25858}";"2571,888";"8001,493750000001";"true";"false";""
"dashboard";"next";"mixed";"mixed";"2";"4";"8000";"13400";"13400";"0";"1674,3778466096987";"0,7925373134328358";"286,46875";"292,546875";"1,1138750000000073";"6,353707999999983";"7,903166999999939";"1,8172500000000582";"132,70069202235075";"5435,016044776119";"5435,016044776119";"190,76983300002757";"{""identity"":13400}";"1209,339";"8002,972583000001";"true";"false";""
"dashboard";"next";"ppr-html";"route";"3";"4";"5000";"3953";"3953";"0";"790,2382289387918";"1,7429800151783457";"262,59375";"275,421875";"4,900290999999925";"7,107540999999856";"9,233124999999973";"1,8855419999999867";"137,73694402702444";"8771,438401214267";"8771,438401214267";"171,94041599996854";"{""identity"":3953}";"748,112";"5002,289";"true";"false";""
"dashboard";"rustyx";"ppr-html";"route";"3";"4";"5000";"6157";"6157";"0";"1230,8709920800625";"1,6046776027286016";"272,3125";"292,421875";"3,066041999999925";"4,5214579999999955";"6,27537499999994";"1,4747089999999616";"197,51511128392104";"7310,813220724379";"7310,813220724379";"28,18570799997542";"{""identity"":6157}";"1149,798";"5002,1489169999995";"true";"false";""
"dashboard";"next";"ppr-flight";"route";"3";"4";"5000";"7054";"7054";"0";"1410,0618092358388";"0,929968812021548";"257,8125";"266,40625";"2,68420900000001";"4,4535000000000196";"5,6666660000000775";"4,412666999999942";"131,13135056120078";"4649,842642472356";"4649,842642472356";"189,0626250000205";"{""identity"":7054}";"709,477";"5002,617583";"true";"false";""
"dashboard";"rustyx";"ppr-flight";"route";"3";"4";"5000";"8349";"8349";"0";"1669,5502072405534";"1,154629296921787";"235,953125";"247,65625";"2,2842499999997017";"3,206583000000137";"4,750167000000147";"3,1556659999999965";"192,7711581961784";"3572,8670499461014";"3572,8670499461014";"28,956958000082523";"{""identity"":8349}";"898,242";"5000,748084";"true";"false";""
"dashboard";"next";"api-session";"route";"3";"4";"5000";"30179";"30179";"0";"6034,135885489438";"0,21538155671162065";"258,28125";"266,421875";"0,5137919999999667";"1,3969580000000406";"1,9679999999998472";"1,386874999999975";"129,96415804261687";"26,631863216143675";"26,631863216143675";"186,42470800003503";"{""identity"":30179}";"1432,514";"5001,378917";"true";"false";""
"dashboard";"rustyx";"api-session";"route";"3";"4";"5000";"50841";"50841";"0";"10166,999700282584";"0,1917743553431286";"170,84375";"174,3125";"0,3527910000002521";"0,6389580000000024";"1,0872080000000324";"0,6173750000002656";"194,9769813295474";"26,781475580732085";"26,781475580732085";"30,079708999954164";"{""identity"":50841}";"3046,503";"5000,590292";"true";"false";""
"dashboard";"next";"static";"route";"3";"4";"5000";"43726";"43726";"0";"8744,19667688258";"0,13790422174449984";"228,546875";"237,953125";"0,33379100000001927";"0,8588750000001255";"1,2591659999998228";"0,8454160000001139";"120,58616375063339";"7507";"7507";"195,907125000027";"{""identity"":43726}";"1782,424";"5000,573708";"true";"false";""
"dashboard";"rustyx";"static";"route";"3";"4";"5000";"90696";"90696";"0";"18137,6895838999";"0,13848460792096676";"8,21875";"8,265625";"0,2041669999998703";"0,31900000000041473";"0,4204580000000533";"0,30687499999976353";"251,17908306185802";"5447";"5447";"27,329166000010446";"{""identity"":90696}";"4287,368";"5000,416375";"true";"false";""
"dashboard";"next";"mixed";"mixed";"3";"4";"8000";"13547";"13547";"0";"1692,918864173534";"0,7846755739278068";"282,84375";"289,5";"1,1085840000000644";"6,18158399999993";"7,928292000000056";"1,8079170000000886";"132,8392081358579";"5435,026721783421";"5435,026721783421";"214,94837500003632";"{""identity"":13547}";"1212,086";"8002,155500000001";"true";"false";""
"dashboard";"rustyx";"mixed";"mixed";"3";"4";"8000";"25253";"25253";"0";"3155,7693758546534";"0,7036787708391082";"278";"297,3125";"0,4845419999999194";"3,774541999999883";"4,85220900000013";"1,1734999999998763";"222,06479154531021";"4262,464380469647";"4262,464380469647";"28,841749999905005";"{""identity"":25253}";"2540,965";"8002,169041";"true";"false";""
"dashboard";"rustyx";"capacity-1";"capacity";"1";"1";"6000";"10126";"10126";"0";"1687,3890678227945";"0,784120086904997";"210,5";"239,515625";"0,3186670000000049";"1,443916999999999";"1,8130419999999958";"0,4517080000000533";"132,31156625037514";"4261,584633616433";"4261,584633616433";"29,149957999936305";"{""identity"":10126}";"1051,219";"6000,987083";"true";"false";""
"dashboard";"next";"capacity-1";"capacity";"1";"1";"6000";"5011";"5011";"0";"835,0979567553467";"1,0057872680103772";"236,09375";"276,625";"0,41762499999992997";"3,15949999999998";"3,6716250000000628";"0,6407499999999686";"83,99308924460082";"5435,443823588106";"5435,443823588106";"172,88970800000243";"{""identity"":5011}";"692,484";"6000,493666";"true";"false";""
"dashboard";"next";"capacity-16";"capacity";"1";"16";"6000";"10200";"10200";"0";"1698,3555437508448";"0,8254901960784313";"282,28125";"304,78125";"4,678207999999813";"23,276791000000003";"28,622999999999934";"6,06145800000013";"140,1975850821776";"5434,910392156863";"5434,910392156863";"171,90066599997226";"{""identity"":10200}";"999,419";"6005,809583";"true";"false";""
"dashboard";"rustyx";"capacity-16";"capacity";"1";"16";"6000";"19718";"19718";"0";"3282,0376017688386";"0,701389593265037";"276,84375";"303,140625";"1,779500000000013";"14,077249999999822";"16,260459";"4,831042000000252";"230,19870185852034";"4262,220458464347";"4262,220458464347";"26,57391700008884";"{""identity"":19718}";"1946,052";"6007,853166999999";"true";"false";""
"dashboard";"rustyx";"capacity-16";"capacity";"2";"16";"6000";"17635";"17635";"0";"2935,073706383115";"0,7859370569889425";"271,625";"299,3125";"2,0456669999999804";"16,44379200000003";"20,281667000000084";"5,5940410000002885";"230,6783190840373";"4262,329231641622";"4262,329231641622";"29,07350000005681";"{""identity"":17635}";"1939,357";"6008,367";"true";"false";""
"dashboard";"next";"capacity-16";"capacity";"2";"16";"6000";"9683";"9683";"0";"1611,700315120451";"0,8695652173913043";"293,21875";"313,53125";"4,9386670000003505";"24,194541999999956";"29,46387500000037";"6,255041999999975";"140,14785348873488";"5434,671073014561";"5434,671073014561";"199,014542000019";"{""identity"":9683}";"977,739";"6007,940750000001";"true";"false";""
"dashboard";"next";"capacity-16";"capacity";"3";"16";"6000";"9656";"9656";"0";"1607,358615317523";"0,8740679370339686";"280,140625";"316,609375";"4,9503330000000005";"24,475625000000036";"28,642542000000006";"6,247707999999989";"140,49406289643633";"5434,6701532725765";"5434,6701532725765";"173,3788329999661";"{""identity"":9656}";"978,4";"6007,371291";"true";"false";""
"dashboard";"rustyx";"capacity-16";"capacity";"3";"16";"6000";"17422";"17422";"0";"2901,00328359503";"0,7966938353805533";"259,125";"312,03125";"2,0157919999999194";"17,03779200000001";"20,649374999999964";"5,5776670000000195";"231,12114324589035";"4262,316955573413";"4262,316955573413";"28,81291700003203";"{""identity"":17422}";"1957,975";"6005,508542";"true";"false";""
"dashboard";"next";"capacity-64";"capacity";"1";"64";"6000";"9887";"9887";"0";"1641,3519082064772";"0,8910690806109032";"323,5625";"341,8125";"18,879417000000103";"96,9190000000001";"118,85612500000002";"24,295709000000016";"146,25579358044973";"5434,67785981592";"5434,67785981592";"215,0080420000013";"{""identity"":9887}";"1067,741";"6023,693";"true";"false";""
"dashboard";"rustyx";"capacity-64";"capacity";"1";"64";"6000";"17362";"17362";"0";"2871,7127020939097";"0,8000230388204124";"272,984375";"310,921875";"2,293999999999869";"74,84012499999994";"81,65779100000009";"62,262833";"229,74363225483472";"4262,313443151711";"4262,313443151711";"28,841666999971494";"{""identity"":17362}";"2021,601";"6045,869417";"true";"false";""
"dashboard";"rustyx";"capacity-64";"capacity";"2";"64";"6000";"17407";"17407";"0";"2878,562157623479";"0,8100189578905038";"274,65625";"302,125";"2,2896670000000086";"72,53425000000004";"82,26016600000003";"60,12120799999991";"233,16899191412105";"4262,316079738036";"4262,316079738036";"28,9861249999376";"{""identity"":17407}";"1991,881";"6047,11625";"true";"false";""
"dashboard";"next";"capacity-64";"capacity";"2";"64";"6000";"9919";"9919";"0";"1645,2536478666634";"0,8892025405786874";"326,109375";"351,359375";"18,67470800000001";"95,75620800000002";"114,00916700000016";"24,109959000000003";"146,29637235793902";"5435,224216150822";"5435,224216150822";"194,73375000001397";"{""identity"":9919}";"1055,913";"6028,857625000001";"true";"false";""
"dashboard";"next";"capacity-64";"capacity";"3";"64";"6000";"9727";"9727";"0";"1613,4854005033371";"0,9026421301531818";"334,1875";"342,734375";"19,291833000000224";"98,2784999999999";"119,34887499999999";"24,105666999999983";"145,63998988813918";"5435,22864192454";"5435,22864192454";"177,39441700000316";"{""identity"":9727}";"1051,514";"6028,564";"true";"false";""
"dashboard";"rustyx";"capacity-64";"capacity";"3";"64";"6000";"17427";"17427";"0";"2886,475045767325";"0,8039249440523326";"272,78125";"298,953125";"2,3269579999996495";"74,47745800000007";"83,61712499999999";"61,798749999999984";"232,05092896769509";"4262,142078384117";"4262,142078384117";"29,04508299997542";"{""identity"":17427}";"2016,524";"6037,467750000001";"true";"false";""
"dashboard";"next";"capacity-128";"capacity";"1";"128";"6000";"10049";"10049";"0";"1661,1408148255432";"0,8866553885958802";"375,734375";"381,828125";"36,89579100000003";"189,52879199999984";"222,166917";"49,34091600000011";"147,2859454681619";"5434,687929147179";"5434,687929147179";"193,74354199995287";"{""identity"":10049}";"1060,397";"6049,457042";"true";"false";""
"dashboard";"rustyx";"capacity-128";"capacity";"1";"128";"6000";"17263";"17263";"0";"2833,492143430761";"0,7976597346926954";"270,125";"315,8125";"2,4466250000004948";"157,39995799999997";"176,87675000000002";"144,22304099999997";"226,01625913828178";"4262,307594276777";"4262,307594276777";"28,62866699998267";"{""identity"":17263}";"2100,8";"6092,482042";"true";"false";""
"dashboard";"rustyx";"capacity-128";"capacity";"2";"128";"6000";"17267";"17267";"0";"2826,756570860232";"0,8177448311808653";"264,96875";"310,234375";"2,4060840000001917";"152,410708";"164,98362499999996";"139,34974999999997";"231,1565574827502";"4262,062489141136";"4262,062489141136";"28,88912499998696";"{""identity"":17267}";"2047,816";"6108,414208";"true";"false";""
"dashboard";"next";"capacity-128";"capacity";"2";"128";"6000";"10087";"10087";"0";"1666,1534896299588";"0,8872806582730247";"371,46875";"384,46875";"36,955375000000004";"188,6949169999998";"222,589084";"49,83004200000005";"147,8345765062767";"5435,229106771091";"5435,229106771091";"202,7874169999268";"{""identity"":10087}";"1072,4";"6054,064084";"true";"false";""
"dashboard";"next";"capacity-128";"capacity";"3";"128";"6000";"9808";"9808";"0";"1621,0048823658888";"0,9115008156606852";"368,390625";"384,640625";"38,02249999999981";"195,54600000000028";"219,9195";"50,53379100000001";"147,75472724664607";"5435,226753670473";"5435,226753670473";"177,98945800005458";"{""identity"":9808}";"1064,779";"6050,5678339999995";"true";"false";""
"dashboard";"rustyx";"capacity-128";"capacity";"3";"128";"6000";"16435";"16435";"0";"2692,3065841593175";"0,8421052631578947";"261,34375";"315,078125";"2,5136249999995925";"180,77370799999994";"217,14645800000005";"164,9848750000001";"226,7205544555215";"4262,255917249772";"4262,255917249772";"28,37237500003539";"{""identity"":16435}";"2107,84";"6104,431084";"true";"false";""
"dashboard";"next";"sustained";"sustained";"1";"64";"60000";"123096";"123096";"0";"2050,2947567291817";"0,6243907194384871";"343,453125";"343,5625";"14,331458000000566";"71,7392920000002";"87,36075000000028";"18,824249999999893";"128,01850182150918";"5436,097330538766";"5436,097330538766";"195,81962500000373";"{""identity"":123096}";"9009,555";"60038,19675";"true";"false";""
"dashboard";"rustyx";"sustained";"sustained";"1";"64";"60000";"224608";"224608";"0";"3740,707884190439";"0,577138837441231";"328,375";"331,765625";"1,735000000000582";"52,60066700000061";"59,22670800000196";"44,05987499999901";"215,89077994889166";"4263,62434997863";"4263,62434997863";"29,509499999927357";"{""identity"":224608}";"18001,403";"60044,250167000006";"true";"false";""
"portail";"next";"ssr";"route";"1";"4";"5000";"8276";"8276";"0";"1654,878319125742";"0,8023199613339778";"278,796875";"288,84375";"2,1771249999999327";"3,627707999999984";"4,848750000000109";"3,586166999999932";"132,77419090134035";"6346,7317544707585";"6346,7317544707585";"177,69375000009313";"{""identity"":8276}";"730,43";"5000,971917";"true";"false";""
"portail";"rustyx";"ssr";"route";"1";"4";"5000";"19553";"19553";"0";"3909,916579425216";"0,4817675037078709";"249,03125";"250,828125";"0,90237500000012";"1,6760419999998248";"2,423791999999594";"1,611417000000074";"188,36707501757036";"4324,406740653608";"4324,406740653608";"28,87362499977462";"{""identity"":19553}";"1757,842";"5000,873958";"true";"false";""
"portail";"next";"ssr-search";"route";"1";"4";"5000";"6517";"6517";"0";"1303,0888549586573";"1,0464937854841185";"257,984375";"273,015625";"2,8503330000000915";"4,417374999999993";"5,689333999999917";"4,368957999999992";"136,36743886478507";"11842,148381156974";"11842,148381156974";"187,26004100008868";"{""identity"":6517}";"706,922";"5001,193875";"true";"false";""
"portail";"rustyx";"ssr-search";"route";"1";"4";"5000";"14335";"14335";"0";"2866,337446099334";"0,6424834321590512";"243,53125";"249,390625";"1,2511670000003505";"2,0680419999998776";"2,953208000000018";"1,9961249999998927";"184,157432009591";"9781,124869201256";"9781,124869201256";"28,861624999903142";"{""identity"":14335}";"1561,855";"5001,15575";"true";"false";""
"portail";"next";"api-fast";"route";"1";"4";"5000";"32821";"32821";"0";"6563,389858474243";"0,19621583742116327";"252,484375";"264,5625";"0,47137500000008004";"1,299874999999929";"1,8153330000000096";"1,2876670000000559";"128,7841037402094";"38,661497212150756";"38,661497212150756";"172,79287499981";"{""identity"":32821}";"1490,807";"5000,617167";"true";"false";""
"portail";"rustyx";"api-fast";"route";"1";"4";"5000";"63336";"63336";"0";"12666,031662440599";"0,167361374257926";"171,0625";"177,046875";"0,2905000000000655";"0,571292000000085";"0,9637080000002243";"0,5467919999998685";"211,98044654204617";"38,82458633320702";"38,82458633320702";"28,44854100001976";"{""identity"":63336}";"3599,939";"5000,461209";"true";"false";""
"portail";"next";"api-async";"route";"1";"4";"5000";"584";"584";"0";"116,31836925231464";"1,4383561643835616";"128,875";"139,96875";"34,13070800000014";"36,800792";"38,12554200000022";"36,673541000000114";"16,73072434451101";"41,81164383561644";"41,81164383561644";"191,04475000011735";"{""identity"":584}";"224,866";"5020,703125";"true";"false";""
"portail";"rustyx";"api-async";"route";"1";"4";"5000";"592";"592";"0";"118,16688528445327";"1,0641891891891893";"84,171875";"93,046875";"33,608834000000115";"35,68925000000036";"37,150709";"35,580667000000176";"12,575192183987426";"41,814189189189186";"41,814189189189186";"29,955666000023484";"{""identity"":592}";"276,174";"5009,863791999999";"true";"false";""
"portail";"next";"stream";"route";"1";"4";"5000";"236";"236";"0";"46,7204534818349";"4,279661016949152";"143,203125";"156,40625";"85,40595800000028";"88,97462500000029";"91,49812500000007";"11,393583999999919";"19,994770346039513";"7521,067796610169";"7521,067796610169";"192,08649999997579";"{""identity"":236}";"148,642";"5051,320833";"true";"false";""
"portail";"rustyx";"stream";"route";"1";"4";"5000";"236";"236";"0";"46,6208820052477";"3,559322033898305";"130,453125";"140,796875";"85,76762499999995";"87,66708299999982";"88,26137500000004";"6,856291999999939";"16,593873256105116";"5065,838983050848";"5065,838983050848";"29,03554099984467";"{""identity"":236}";"179,373";"5062,109292";"true";"false";""
"portail";"next";"proxy";"route";"1";"4";"5000";"6141";"6141";"0";"1227,7256988693841";"1,110568311349943";"275,65625";"287,5625";"3,047375000000102";"4,9274580000000014";"6,483249999999998";"4,874374999999986";"136,34732561943008";"6308,638495359062";"6308,638495359062";"183,362917000195";"{""identity"":6141}";"640,023";"5001,931625";"true";"false";""
"portail";"rustyx";"proxy";"route";"1";"4";"5000";"16034";"16034";"0";"3206,4071888268295";"0,6136958962205313";"252,375";"256,203125";"1,0883750000002692";"2,023624999999811";"3,265375000000006";"1,9583330000004935";"196,77589333950357";"3777,6130722215294";"3777,6130722215294";"27,779250000137836";"{""identity"":16034}";"1529,2";"5000,612541";"true";"false";""
"portail";"next";"export-gzip";"route";"1";"4";"5000";"11718";"11718";"0";"2342,856221401103";"0,5094726062467998";"294,546875";"317,890625";"1,4471659999999247";"3,0059589999999616";"3,980374999999867";"2,8328339999998207";"119,36210651787495";"141815";"141815";"171,38849999988452";"{""identity"":11718}";"2594,798";"5001,5873329999995";"true";"false";""
"portail";"rustyx";"export-gzip";"route";"1";"4";"5000";"14118";"14118";"0";"2822,863915086657";"0,7656891911035557";"222,015625";"235,015625";"1,3152499999996508";"2,230542000000014";"3,08725000000004";"1,989165999999841";"216,1436387738119";"6819,572814846296";"141815";"28,907791999867186";"{""gzip"":14118}";"3467,528";"5001,303791";"true";"false";""
"portail";"next";"export-identity";"route";"1";"4";"5000";"11772";"11772";"0";"2353,750678802991";"0,5071355759429154";"290,296875";"318,640625";"1,4351250000000277";"2,9880829999999605";"3,929040999999984";"2,824792000000002";"119,3670706120783";"141815";"141815";"178,9228329998441";"{""identity"":11772}";"2569,73";"5001,379333";"true";"false";""
"portail";"rustyx";"export-identity";"route";"1";"4";"5000";"15599";"15599";"0";"3119,0607564006227";"0,4359253798320405";"219,59375";"233,9375";"1,027290999999991";"2,1189160000001266";"3,0582500000000437";"1,9217079999999953";"135,9677744953153";"141815";"141815";"28,99466700013727";"{""identity"":15599}";"3399,54";"5001,185042";"true";"false";""
"portail";"next";"mixed";"mixed";"1";"4";"8000";"3584";"3584";"0";"447,40044381035483";"1,0993303571428572";"191,59375";"212,96875";"1,9556250000000546";"32,311417000000006";"33,59166700000014";"32,28558299999986";"49,184088967991016";"4567,052455357143";"4567,052455357143";"178,60945899994113";"{""identity"":3584}";"547,108";"8010,720708000001";"true";"false";""
"portail";"rustyx";"mixed";"mixed";"1";"4";"8000";"3744";"3744";"0";"467,23349130943615";"0,8840811965811965";"190,46875";"198,453125";"1,2282080000004498";"32,23779200000001";"33,18633399999999";"32,198833000000036";"41,307234407965645";"3544,9172008547007";"3544,9172008547007";"29,506291000172496";"{""identity"":3744}";"727,67";"8013,124207999999";"true";"false";""
"portail";"rustyx";"ssr";"route";"2";"4";"5000";"19436";"19436";"0";"3886,502988335667";"0,49289977361597037";"253,671875";"254,765625";"0,9011249999994106";"1,6756250000003092";"2,6275840000002972";"1,6137920000000037";"191,56564431084425";"4324,3911298621115";"4324,3911298621115";"29,022499999962747";"{""identity"":19436}";"1764,378";"5000,896708";"true";"false";""
"portail";"next";"ssr";"route";"2";"4";"5000";"8341";"8341";"0";"1667,9252650212916";"0,7936698237621388";"271,484375";"287,78125";"2,193457999999964";"3,5555830000000697";"4,621166999999787";"3,5214999999999463";"132,37819511378672";"6346,733844862726";"6346,733844862726";"172,89891700004227";"{""identity"":8341}";"735,153";"5000,823583";"true";"false";""
"portail";"rustyx";"ssr-search";"route";"2";"4";"5000";"14630";"14630";"0";"2925,3462096950416";"0,6356801093643198";"244,640625";"250,328125";"1,221458999999868";"2,013792000000194";"2,9495000000000005";"1,9406670000003032";"185,95843985074427";"9781,203007518798";"9781,203007518798";"29,016000000061467";"{""identity"":14630}";"1608,709";"5001,117458";"true";"false";""
"portail";"next";"ssr-search";"route";"2";"4";"5000";"6382";"6382";"0";"1276,1238998748213";"1,0670636164211846";"272,125";"451";"2,8526670000001104";"4,436416999999892";"6,045208000000002";"4,395082999999886";"136,17053836019326";"11842,13036665622";"11842,13036665622";"173,26983399991877";"{""identity"":6382}";"706,028";"5001,081792";"true";"false";""
"portail";"rustyx";"api-fast";"route";"2";"4";"5000";"78711";"78711";"0";"15740,802216763153";"0,1328912096149204";"170,328125";"170,96875";"0,2296249999999418";"0,4788340000000062";"0,8182499999998072";"0,45479199999999764";"209,18142468948759";"38,85885073242622";"38,85885073242622";"28,62387500004843";"{""identity"":78711}";"3490,482";"5000,4439999999995";"true";"false";""
"portail";"next";"api-fast";"route";"2";"4";"5000";"31776";"31776";"0";"6354,404799616329";"0,20172457200402819";"258,6875";"263,84375";"0,4907499999999345";"1,2977079999999432";"1,8171250000000043";"1,2856669999999895";"128,18395885429464";"38,65036505538772";"38,65036505538772";"173,2513339999132";"{""identity"":31776}";"1522,603";"5000,625708";"true";"false";""
"portail";"rustyx";"api-async";"route";"2";"4";"5000";"592";"592";"0";"118,06251829146385";"1,0641891891891893";"84,03125";"92,171875";"33,57229199999995";"35,81320800000003";"36,64154199999996";"35,63079199999993";"12,564085561422672";"41,814189189189186";"41,814189189189186";"28,80770800006576";"{""identity"":592}";"276,217";"5014,2925000000005";"true";"false";""
"portail";"next";"api-async";"route";"2";"4";"5000";"584";"584";"0";"116,12235543044677";"1,4726027397260273";"129,53125";"140,046875";"34,11908399999993";"36,60545900000011";"38,396749999999884";"36,5029999999997";"17,100209875031545";"41,81164383561644";"41,81164383561644";"177,5938750000205";"{""identity"":584}";"233,188";"5029,178041";"true";"false";""
"portail";"rustyx";"stream";"route";"2";"4";"5000";"236";"236";"0";"46,55021791836563";"3,6440677966101696";"129,90625";"141,171875";"85,94329200000038";"88,182458";"89,48141599999963";"6,751625000000331";"16,96321500415019";"5065,838983050848";"5065,838983050848";"28,537458000006154";"{""identity"":236}";"179,465";"5069,793667";"true";"false";""
"portail";"next";"stream";"route";"2";"4";"5000";"236";"236";"0";"46,77909881805278";"4,194915254237288";"140,015625";"155,671875";"85,11274999999978";"88,97004199999992";"91,44200000000001";"11,884958000000097";"19,62343552113231";"7521,067796610169";"7521,067796610169";"182,27570800017565";"{""identity"":236}";"147,046";"5044,988167";"true";"false";""
"portail";"rustyx";"proxy";"route";"2";"4";"5000";"15981";"15981";"0";"3195,6133122390247";"0,614479694637382";"257,78125";"260,21875";"1,0902500000001965";"2,048041000000012";"3,2846250000000055";"1,9857919999999467";"196,36394922837886";"3777,6018396846257";"3777,6018396846257";"29,422416999936104";"{""identity"":15981}";"1521,019";"5000,917958";"true";"false";""
"portail";"next";"proxy";"route";"2";"4";"5000";"6090";"6090";"0";"1217,8053946979273";"1,1280788177339902";"267,921875";"288,859375";"3,0931249999998727";"4,805832999999893";"7,184792000000016";"4,77308400000004";"137,3780469880913";"6308,635467980295";"6308,635467980295";"170,98412499995902";"{""identity"":6090}";"634,3";"5000,799";"true";"false";""
"portail";"rustyx";"export-gzip";"route";"2";"4";"5000";"14959";"14959";"0";"2991,0880211486265";"0,7206364061768835";"217,9375";"232,921875";"1,2227090000001226";"2,0915829999999005";"2,8554159999998774";"1,8892910000004122";"215,5486922119272";"6820,203288989906";"141815";"28,97025000001304";"{""gzip"":14959}";"3470,626";"5001,190167000001";"true";"false";""
"portail";"next";"export-gzip";"route";"2";"4";"5000";"11832";"11832";"0";"2365,721471810908";"0,5045638945233266";"282,296875";"308,5";"1,4358330000000024";"2,947584000000006";"3,8174999999999955";"2,7880830000001424";"119,3657639174368";"141815";"141815";"176,8743330000434";"{""identity"":11832}";"2590,118";"5001,434083";"true";"false";""
"portail";"rustyx";"export-identity";"route";"2";"4";"5000";"15801";"15801";"0";"3159,4072788066082";"0,42908676666033796";"219,5";"237,109375";"1,0087499999999636";"2,0685840000000155";"2,9072909999999865";"1,8741249999999994";"135,56598538262645";"141815";"141815";"28,797291999915615";"{""identity"":15801}";"3378,408";"5001,254540999999";"true";"false";""
"portail";"next";"export-identity";"route";"2";"4";"5000";"11765";"11765";"0";"2352,075164045498";"0,5057373565660859";"279,890625";"316,59375";"1,439292000000023";"2,9938329999995403";"3,8940829999999096";"2,8267920000000117";"118,95322759091127";"141815";"141815";"174,38358299992979";"{""identity"":11765}";"2577,642";"5001,965999999999";"true";"false";""
"portail";"rustyx";"mixed";"mixed";"2";"4";"8000";"3744";"3744";"0";"467,15312921612133";"0,8627136752136753";"190,484375";"199,578125";"1,2037090000000035";"32,2742089999997";"33,243541999999934";"32,212790999999925";"40,301939299360896";"3544,9172008547007";"3544,9172008547007";"27,277957999845967";"{""identity"":3744}";"732,121";"8014,502667";"true";"false";""
"portail";"next";"mixed";"mixed";"2";"4";"8000";"3584";"3584";"0";"446,924202216578";"1,0825892857142858";"222,703125";"245,140625";"1,9703749999998763";"32,304040999999415";"33,55000000000001";"32,2612079999999";"48,38353528460722";"4567,052455357143";"4567,052455357143";"174,29000000003725";"{""identity"":3584}";"541,15";"8019,256917";"true";"false";""
"portail";"next";"ssr";"route";"3";"4";"5000";"8182";"8182";"0";"1635,9816794845558";"0,8103153263260816";"268,5625";"287,9375";"2,220916999999872";"3,606499999999869";"5,172916000000214";"3,5679589999999735";"132,5661028475019";"6346,728672696162";"6346,728672696162";"173,04941600002348";"{""identity"":8182}";"736,199";"5001,2785";"true";"false";""
"portail";"rustyx";"ssr";"route";"3";"4";"5000";"19482";"19482";"0";"3895,562292051817";"0,49532902166102044";"249,203125";"252,015625";"0,9013330000002497";"1,6663330000001224";"2,607082999999875";"1,6064580000000035";"192,9585058941589";"4324,397289805975";"4324,397289805975";"28,860792000079527";"{""identity"":19482}";"1780,566";"5001,075208";"true";"false";""
"portail";"next";"ssr-search";"route";"3";"4";"5000";"6455";"6455";"0";"1290,7508850791796";"1,056545313710302";"273,59375";"457,25";"2,870541000000003";"4,407666000000063";"5,9809999999999945";"4,367165999999997";"136,3736798797832";"11842,140201394268";"11842,140201394268";"172,05875000008382";"{""identity"":6455}";"704,185";"5000,965";"true";"false";""
"portail";"rustyx";"ssr-search";"route";"3";"4";"5000";"14532";"14532";"0";"2905,7202555623116";"0,637214423341591";"245,6875";"252,703125";"1,2232500000000073";"2,0488330000000587";"3,0369160000000193";"1,9740830000000003";"185,15668570401186";"9781,177401596477";"9781,177401596477";"28,842125000199303";"{""identity"":14532}";"1611,515";"5001,169666";"true";"false";""
"portail";"next";"api-fast";"route";"3";"4";"5000";"32333";"32333";"0";"6465,733322760243";"0,19824946648934524";"260,421875";"264,828125";"0,47695900000007896";"1,2684999999999604";"1,7246250000002874";"1,25733299999996";"128,18281816995997";"38,656388210187735";"38,656388210187735";"169,983959000092";"{""identity"":32333}";"1522,881";"5000,6702080000005";"true";"false";""
"portail";"rustyx";"api-fast";"route";"3";"4";"5000";"80817";"80817";"0";"16162,181775548668";"0,13091305047205415";"173,53125";"178,15625";"0,2263329999996131";"0,44720900000001507";"0,788749999999709";"0,4217079999998532";"211,58405185209165";"38,862528923370085";"38,862528923370085";"27,683916999958456";"{""identity"":80817}";"3537,537";"5000,376875";"true";"false";""
"portail";"next";"api-async";"route";"3";"4";"5000";"584";"584";"0";"116,38048134697257";"1,3527397260273972";"127,5";"136,3125";"34,055124999999975";"36,61087500000008";"37,17416600000024";"36,49545799999987";"15,74325004522403";"41,81164383561644";"41,81164383561644";"173,94016600004397";"{""identity"":584}";"211,95";"5018,023583";"true";"false";""
"portail";"rustyx";"api-async";"route";"3";"4";"5000";"596";"596";"0";"118,69202287750187";"0,9899328859060402";"82,1875";"91,78125";"33,50141699999995";"35,3175839999999";"36,268790999999965";"35,20408300000008";"11,749713674115117";"41,81543624161074";"41,81543624161074";"29,55608300003223";"{""identity"":596}";"256,279";"5021,398958";"true";"false";""
"portail";"next";"stream";"route";"3";"4";"5000";"236";"236";"0";"46,836352796194426";"4,1525423728813555";"139,671875";"158,796875";"84,96587500000001";"89,29491599999983";"91,12983399999939";"12,306167000000642";"19,448993957741752";"7521,067796610169";"7521,067796610169";"185,87016599997878";"{""identity"":236}";"149,262";"5038,821042";"true";"false";""
"portail";"rustyx";"stream";"route";"3";"4";"5000";"236";"236";"0";"46,74880700268413";"3,389830508474576";"127,984375";"138,671875";"85,57845799999996";"87,1712500000001";"87,56579099999999";"6,28933300000017";"15,84705322124886";"5065,838983050848";"5065,838983050848";"29,098958999849856";"{""identity"":236}";"172,139";"5048,257167000001";"true";"false";""
"portail";"next";"proxy";"route";"3";"4";"5000";"6160";"6160";"0";"1231,7403390362604";"1,1136363636363635";"270,125";"281,796875";"3";"4,803041000000007";"6,756666999999993";"4,765792000000147";"137,17108321085627";"6308,63961038961";"6308,63961038961";"177,45645800000057";"{""identity"":6160}";"631,629";"5001,054041";"true";"false";""
"portail";"rustyx";"proxy";"route";"3";"4";"5000";"16178";"16178";"0";"3234,4306452917435";"0,6088515267647422";"256,578125";"259,90625";"1,0838749999998072";"2,0026669999997466";"2,9384580000000113";"1,9394170000000486";"196,92880366005485";"3777,6432191865497";"3777,6432191865497";"27,940291999839246";"{""identity"":16178}";"1526,653";"5001,807667";"true";"false";""
"portail";"next";"export-gzip";"route";"3";"4";"5000";"11910";"11910";"0";"2381,2932721625493";"0,5012594458438288";"283,78125";"305,171875";"1,4292500000000246";"2,9442500000004657";"3,7779580000000124";"2,7808750000003783";"119,36457459958372";"141815";"141815";"171,32458300003782";"{""identity"":11910}";"2578,803";"5001,483915999999";"true";"false";""
"portail";"rustyx";"export-gzip";"route";"3";"4";"5000";"15243";"15243";"0";"3047,9395115078564";"0,707209866824116";"218,0625";"229,859375";"1,1875420000000076";"2,0696670000002086";"2,8520829999999933";"1,8543750000000045";"215,55328960214322";"6819,569376107065";"141815";"28,208583999890834";"{""gzip"":15243}";"3475,056";"5001,0835";"true";"false";""
"portail";"next";"export-identity";"route";"3";"4";"5000";"11505";"11505";"0";"2300,531956773394";"0,516297262059974";"260,265625";"303,828125";"1,4647079999999733";"3,0932079999999473";"4,177792000000068";"2,9210410000000024";"118,77583505635776";"141815";"141815";"173,17012499994598";"{""identity"":11505}";"2575,547";"5001,017250000001";"true";"false";""
"portail";"rustyx";"export-identity";"route";"3";"4";"5000";"15833";"15833";"0";"3165,717213163085";"0,43137750268426706";"213,6875";"224,8125";"1,015333000000055";"2,0887500000001182";"2,949374999999918";"1,8940410000000156";"136,56191856188892";"141815";"141815";"27,557917000027373";"{""identity"":15833}";"3346,481";"5001,394292";"true";"false";""
"portail";"next";"mixed";"mixed";"3";"4";"8000";"3597";"3597";"0";"447,9482689323956";"1,1148179038087296";"179,9375";"213,96875";"1,9192080000002534";"32,33599999999933";"33,47679199999993";"32,315583999999944";"49,93807501859623";"4567,549624687239";"4567,549624687239";"171,54608400003053";"{""identity"":3597}";"542,675";"8029,945084";"true";"false";""
"portail";"rustyx";"mixed";"mixed";"3";"4";"8000";"3744";"3744";"0";"466,53802291896073";"0,8974358974358975";"190,65625";"200,625";"1,242334000000028";"32,258458000000246";"33,32220799999959";"32,197999999999865";"41,86879692862468";"3544,9172008547007";"3544,9172008547007";"28,871625000145286";"{""identity"":3744}";"739,323";"8025,069375";"true";"false";""
"portail";"rustyx";"capacity-1";"capacity";"1";"1";"6000";"636";"636";"0";"105,87708480413939";"1,6823899371069182";"156,84375";"168,0625";"1,833042000000205";"33,217125000000124";"33,60912499999995";"33,08679200000006";"17,812654204469993";"3543,2437106918237";"3543,2437106918237";"29,150832999963313";"{""identity"":636}";"271,65";"6006,965541";"true";"false";""
"portail";"next";"capacity-1";"capacity";"1";"1";"6000";"612";"612";"0";"101,73626639756257";"2,4673202614379086";"156,734375";"159,671875";"2,4942909999999756";"33,27783299999987";"33,87670799999978";"33,20054199999959";"25,10159514057508";"4565,091503267974";"4565,091503267974";"178,80691600008868";"{""identity"":612}";"215,606";"6015,553958";"true";"false";""
"portail";"next";"capacity-16";"capacity";"1";"16";"6000";"10818";"10818";"0";"1793,9831914152803";"0,7265668330560178";"284,953125";"292,6875";"1,6380420000000413";"30,91300000000001";"32,08495800000001";"30,897500000000036";"130,3448685942328";"4568,526252542059";"4568,526252542059";"180,80529200006276";"{""identity"":10818}";"912,374";"6030,156833";"true";"false";""
"portail";"rustyx";"capacity-16";"capacity";"1";"16";"6000";"11704";"11704";"0";"1944,1708002725397";"0,48359535201640463";"244,140625";"257,28125";"0,8845830000000205";"30,969208999999864";"32,39683299999979";"30,949583000000075";"94,0191962537814";"3545,774777853725";"3545,774777853725";"29,869416000088677";"{""identity"":11704}";"1157,341";"6020,047209";"true";"false";""
"portail";"rustyx";"capacity-16";"capacity";"2";"16";"6000";"11685";"11685";"0";"1937,6552445526524";"0,49893025246041933";"234,921875";"243,5";"0,8842080000003989";"30,96349999999984";"32,41920800000025";"30,943500000000313";"96,67548203459104";"3545,8382541720152";"3545,8382541720152";"27,974249999970198";"{""identity"":11685}";"1168,231";"6030,484542";"true";"false";""
"portail";"next";"capacity-16";"capacity";"2";"16";"6000";"10840";"10840";"0";"1797,4450745277793";"0,7186346863468634";"281,0625";"293,53125";"1,6024999999999636";"30,86687500000002";"32,09887499999991";"30,850458000000003";"129,17063773589854";"4567,693726937269";"4567,693726937269";"186,32541600009426";"{""identity"":10840}";"910,573";"6030,782333";"true";"false";""
"portail";"next";"capacity-16";"capacity";"3";"16";"6000";"10764";"10764";"0";"1784,741443164096";"0,7376439985135638";"282,203125";"449,859375";"1,60412499999984";"30,950958000000355";"32,19158300000004";"30,93341700000019";"131,6503814448432";"4567,677443329617";"4567,677443329617";"177,45170799992047";"{""identity"":10764}";"905,864";"6031,1257080000005";"true";"false";""
"portail";"rustyx";"capacity-16";"capacity";"3";"16";"6000";"11696";"11696";"0";"1940,9642191145479";"0,5035909712722298";"232,75";"238,9375";"0,8802080000000387";"31,01804200000015";"32,435834";"30,99683300000015";"97,74520563085403";"3545,7734268125855";"3545,7734268125855";"27,730999999912456";"{""identity"":11696}";"1176,62";"6025,871";"true";"false";""
"portail";"next";"capacity-64";"capacity";"1";"64";"6000";"11580";"11580";"0";"1918,312944710134";"0,7374784110535406";"303,6875";"314,359375";"37,38391700000011";"56,17854199999999";"70,78362500000003";"56,121125000000006";"141,4714382368268";"4567,8411053540585";"4567,8411053540585";"183,92112499987707";"{""identity"":11580}";"997,861";"6036,554167";"true";"false";""
"portail";"rustyx";"capacity-64";"capacity";"1";"64";"6000";"36420";"36420";"0";"6039,159480051132";"0,37891268533772654";"292,59375";"297,078125";"3,5679580000000897";"33,04712500000005";"35,0773750000003";"33,028167000000394";"228,8314135768963";"3547,5716913783635";"3547,5716913783635";"28,870292000006884";"{""identity"":36420}";"2775,805";"6030,640542";"true";"false";""
"portail";"rustyx";"capacity-64";"capacity";"2";"64";"6000";"35854";"35854";"0";"5944,241689942574";"0,38656774697383833";"282,421875";"288,0625";"3,6773330000000897";"33,21641699999964";"35,37633299999999";"33,197667000000365";"229,78521175490624";"3547,748730964467";"3547,748730964467";"28,56741699995473";"{""identity"":35854}";"2787,225";"6031,719749999999";"true";"false";""
"portail";"next";"capacity-64";"capacity";"2";"64";"6000";"11877";"11877";"0";"1966,8897101602251";"0,7240885745558643";"361,90625";"372,546875";"36,84091699999999";"55,15270799999999";"65,794291";"55,12312500000007";"142,42023665385145";"4568,044876652353";"4568,044876652353";"171,21783400001004";"{""identity"":11877}";"1008,958";"6038,467708";"true";"false";""
"portail";"next";"capacity-64";"capacity";"3";"64";"6000";"11865";"11865";"0";"1964,672326932073";"0,7206068268015171";"314,765625";"396,15625";"37,14712499999996";"53,139792";"63,90520799999996";"53,10325";"141,57562912152738";"4568,042899283607";"4568,042899283607";"178,4484999999404";"{""identity"":11865}";"977,801";"6039,174999999999";"true";"false";""
"portail";"rustyx";"capacity-64";"capacity";"3";"64";"6000";"35573";"35573";"0";"5898,292506563721";"0,3932757990610857";"286,75";"292,40625";"3,880290999999943";"33,42041700000004";"35,38299999999981";"33,39208400000007";"231,9655698614861";"3547,565513170101";"3547,565513170101";"28,760290999896824";"{""identity"":35573}";"2772,644";"6031,067459";"true";"false";""
"portail";"next";"capacity-128";"capacity";"1";"128";"6000";"11903";"11903";"0";"1969,6821248600072";"0,733428547425019";"361,234375";"376,765625";"72,37133400000039";"116,430208";"146,35820800000002";"116,40929099999994";"144,46210997250998";"4568,2799294295555";"4568,2799294295555";"172,74804199999198";"{""identity"":11903}";"1023,993";"6043,107083";"true";"false";""
"portail";"rustyx";"capacity-128";"capacity";"1";"128";"6000";"36162";"36162";"0";"5993,780429972781";"0,38797632874287924";"299,375";"302,890625";"22,951874999999973";"35,692999999999984";"46,56387500000005";"35,65487500000006";"232,5444926511756";"3547,7572590011614";"3547,7572590011614";"27,862250000005588";"{""identity"":36162}";"2880,361";"6033,254041";"true";"false";""
"portail";"rustyx";"capacity-128";"capacity";"2";"128";"6000";"35537";"35537";"0";"5890,10695861751";"0,404648676027802";"295,734375";"301,296875";"24,346875000000182";"36,103";"44,003874999999994";"36,052374999999984";"238,3423982466719";"3547,5643132509776";"3547,5643132509776";"29,047250000061467";"{""identity"":35537}";"2922,948";"6033,336958";"true";"false";""
"portail";"next";"capacity-128";"capacity";"2";"128";"6000";"11997";"11997";"0";"1984,7660206405528";"0,7326831707926982";"349,921875";"361,90625";"70,67774999999983";"107,97679199999993";"123,43345799999997";"107,95674999999983";"145,4204661284526";"4568,0644327748605";"4568,0644327748605";"171,0068330001086";"{""identity"":11997}";"1004,22";"6044,541208";"true";"false";""
"portail";"next";"capacity-128";"capacity";"3";"128";"6000";"11946";"11946";"0";"1976,560688849435";"0,7332998493219488";"465,765625";"474,421875";"71,04208300000028";"108,71158299999979";"124,16091700000004";"108,66312500000004";"144,9411655308978";"4568,66541101624";"4568,66541101624";"177,45066699991003";"{""identity"":11946}";"987,299";"6043,831625";"true";"false";""
"portail";"rustyx";"capacity-128";"capacity";"3";"128";"6000";"36141";"36141";"0";"5991,7101082297295";"0,3887551534268559";"295,765625";"302,234375";"23,38033299999961";"35,42937499999999";"42,56441599999971";"35,3964160000005";"232,9308182414092";"3547,5841288287543";"3547,5841288287543";"28,760749999899417";"{""identity"":36141}";"2895,676";"6031,833875";"true";"false";""
"portail";"next";"sustained";"sustained";"1";"64";"60000";"145970";"145970";"0";"2431,3385379715482";"0,5219565664177571";"331,21875";"331,421875";"29,041166999995767";"42,209292000000005";"48,41654099999994";"42,19658299999719";"126,90531150787989";"4570,599383434952";"4570,599383434952";"172,36712500010617";"{""identity"":145970}";"8589,654";"60036,888208";"true";"false";""
"portail";"rustyx";"sustained";"sustained";"1";"64";"60000";"344596";"344596";"0";"5739,796413688627";"0,3852337229683455";"305,484375";"308,78125";"4,839167000005546";"33,81316700000025";"35,57254200000001";"33,78983299999891";"221,11631415256275";"3550,1756520679287";"3550,1756520679287";"29,546875";"{""identity"":344596}";"25665,547";"60036,275708";"true";"false";""
"documentation";"next";"static-large";"route";"1";"4";"5000";"27455";"27455";"0";"5490,107583012382";"0,20834092150792205";"205,15625";"225,359375";"0,5314170000001468";"1,29200000000003";"1,62237499999992";"1,247624999999971";"114,38140730224303";"43486";"43486";"161,74895899998955";"{""identity"":27455}";"2351,564";"5000,812749999999";"true";"false";""
"documentation";"rustyx";"static-large";"route";"1";"4";"5000";"69426";"69426";"0";"13883,697783899785";"0,0747558551551292";"8,40625";"8,484375";"0,2605839999996533";"0,4373329999998532";"0,5755830000007336";"0,3938749999997526";"103,78877005508005";"43023";"43023";"27,07666699984111";"{""identity"":69426}";"5390,636";"5000,540999999999";"true";"false";""
"documentation";"next";"static-gzip";"route";"1";"4";"5000";"22188";"22188";"0";"4437,055425101688";"0,3555976203353164";"215,8125";"231,8125";"0,8039160000002994";"1,3392919999998867";"1,9049580000000788";"1,1717500000000882";"157,7806350462066";"1193";"43486";"173,20675000012852";"{""gzip"":22188}";"2264,524";"5000,6136670000005";"true";"false";""
"documentation";"rustyx";"static-gzip";"route";"1";"4";"5000";"63536";"63536";"0";"12706,006057270017";"0,09396247796524805";"8,234375";"8,25";"0,3021670000002814";"0,4115839999999906";"0,5899580000000242";"0,35424999999941065";"119,38878141825421";"1078";"43023";"27,870583000127226";"{""gzip"":63536}";"5309,239";"5000,469834";"true";"false";""
"documentation";"next";"public-gzip";"route";"1";"4";"5000";"11041";"11041";"0";"2207,4554252850517";"1,163843854723304";"198,59375";"199,0625";"1,5971250000002328";"3,150832999999693";"3,959333000000015";"2,2311670000000277";"256,9133431293625";"843";"253952";"170,55550000001676";"{""gzip"":11041}";"4964,283";"5001,6865";"true";"false";""
"documentation";"rustyx";"public-gzip";"route";"1";"4";"5000";"14395";"14395";"0";"2878,12258015521";"0,3848558527266412";"18,484375";"18,5";"1,3464589999999959";"1,6887499999998";"2,002917000000025";"1,3554169999999885";"110,76623198374341";"910,9922889892324";"253952";"30,350749999983236";"{""gzip"":14395}";"5292,856";"5001,524292";"true";"false";""
"documentation";"next";"isr-hit";"route";"1";"4";"5000";"70796";"70796";"0";"14157,903724987586";"0,08545680546923555";"215,734375";"217,21875";"0,19370899999921676";"0,5522080000000642";"0,8559579999999869";"0,5488749999999527";"120,98892244784295";"1669";"1669";"166,01820799987763";"{""identity"":70796}";"2038,296";"5000,457792";"true";"false";""
"documentation";"rustyx";"isr-hit";"route";"1";"4";"5000";"109453";"109453";"0";"21888,75587231776";"0,12215288754077093";"8,5";"8,59375";"0,1698330000003807";"0,2546670000001541";"0,35391600000002654";"0,25079100000039034";"267,37747344786203";"1131";"1131";"28,706250000046566";"{""identity"":109453}";"3869,227";"5000,421249999999";"true";"false";""
"documentation";"next";"api-pages";"route";"1";"4";"5000";"67842";"67842";"0";"13566,692406553542";"0,09168361781787093";"212,8125";"214,53125";"0,19829100000015387";"0,5995830000000524";"0,9715000000001055";"0,5885409999999922";"124,38434416550666";"33,83623713923528";"33,83623713923528";"176,59558299998753";"{""identity"":67842}";"2396,15";"5000,629333";"true";"false";""
"documentation";"rustyx";"api-pages";"route";"1";"4";"5000";"92470";"92470";"0";"18492,347708732224";"0,12230993835838651";"134,71875";"135,125";"0,18299999999999272";"0,33412500000031287";"0,8709159999998519";"0,32024999999998727";"226,17979083568883";"33,87985292527306";"33,87985292527306";"28,810542000224814";"{""identity"":92470}";"4164,481";"5000,44675";"true";"false";""
"documentation";"next";"static-rotation";"route";"1";"4";"5000";"27706";"27706";"0";"5540,2359524062995";"0,20825813903125676";"197,28125";"236,609375";"0,5349579999997331";"1,2846250000000055";"1,677500000000009";"1,2415829999999914";"115,37992292421984";"43485,49902548185";"43485,49902548185";"176,2744159998838";"{""identity"":27706}";"2370,92";"5000,870042";"true";"false";""
"documentation";"rustyx";"static-rotation";"route";"1";"4";"5000";"57462";"57462";"0";"11491,103897707393";"0,11572865545926003";"24,234375";"24,25";"0,33483399999977337";"0,4472089999999298";"0,6554159999998319";"0,3953750000000582";"132,9850003824339";"43022,399603216036";"43022,399603216036";"28,826833000173792";"{""identity"":57462}";"5383,608";"5000,563958999999";"true";"false";""
"documentation";"next";"mixed";"mixed";"1";"4";"8000";"69589";"69589";"0";"8698,097314704733";"0,14140165830806592";"228,53125";"229,96875";"0,316332999999986";"1,0406660000003285";"1,5911669999995866";"1,031500000000051";"122,99253844241845";"13122,376438804984";"13122,376438804984";"174,48816700000316";"{""identity"":69589}";"3445,479";"8000,485334";"true";"false";""
"documentation";"rustyx";"mixed";"mixed";"1";"4";"8000";"131462";"131462";"0";"16431,770085229055";"0,12292525596750392";"133,421875";"133,984375";"0,2239159999999174";"0,342040999999881";"0,5547080000000051";"0,3203330000001188";"201,9879543725955";"12746,973764281694";"12746,973764281694";"27,756458000047132";"{""identity"":131462}";"7931,78";"8000,477083";"true";"false";""
"documentation";"rustyx";"static-large";"route";"2";"4";"5000";"60958";"60958";"0";"12190,154552423946";"0,08612487286328292";"8,3125";"8,3125";"0,3101249999999709";"0,49287500000001216";"0,6049169999998867";"0,4434160000000702";"104,98755110112818";"43023";"43023";"29,377375000156462";"{""identity"":60958}";"5403,394";"5000,592875";"true";"false";""
"documentation";"next";"static-large";"route";"2";"4";"5000";"26362";"26362";"0";"5271,610576316197";"0,22001365602002884";"213,734375";"221,734375";"0,5684999999999718";"1,3553750000000946";"1,7221660000000014";"1,3096250000000964";"115,98263160091777";"43486";"43486";"176,7685000000056";"{""identity"":26362}";"2343,171";"5000,74875";"true";"false";""
"documentation";"rustyx";"static-gzip";"route";"2";"4";"5000";"54337";"54337";"0";"10866,10385418752";"0,11005392274141008";"8,265625";"8,296875";"0,3507500000005166";"0,47537499999998545";"0,6991250000000946";"0,41245900000012625";"119,58573540688917";"1078";"43023";"29,03316599992104";"{""gzip"":54337}";"5287,879";"5000,596417";"true";"false";""
"documentation";"next";"static-gzip";"route";"2";"4";"5000";"20579";"20579";"0";"4113,695810860439";"0,39166140240050534";"221,046875";"234";"0,8777079999999842";"1,416417000000365";"1,8872080000000437";"1,2263750000000755";"161,1175870330684";"1193";"43486";"174,86654199985787";"{""gzip"":20579}";"2353,066";"5002,557540999999";"true";"false";""
"documentation";"rustyx";"public-gzip";"route";"2";"4";"5000";"12527";"12527";"0";"2504,6652774800395";"0,4430430270615471";"17,5";"17,5625";"1,5565419999998085";"1,9324999999998909";"2,2825840000000426";"1,5575000000000045";"110,96744863107064";"910,9972060349645";"253952";"28,17741600004956";"{""gzip"":12527}";"5298,586";"5001,466708";"true";"false";""
"documentation";"next";"public-gzip";"route";"2";"4";"5000";"9359";"9359";"0";"1871,2031172675634";"1,3794208782989636";"193,15625";"194,34375";"1,9066249999999627";"3,66150000000016";"4,537500000000136";"2,6530840000000353";"258,11766474969806";"843";"253952";"179,25212500011548";"{""gzip"":9359}";"5040,149";"5001,594917";"true";"false";""
"documentation";"rustyx";"isr-hit";"route";"2";"4";"5000";"95333";"95333";"0";"19064,96406593744";"0,13898649995279705";"8,53125";"8,578125";"0,1929170000000795";"0,29874999999992724";"0,39637500000003456";"0,2937499999998181";"264,9772627250492";"1131";"1131";"28,467666000127792";"{""identity"":95333}";"3935,818";"5000,429042000001";"true";"false";""
"documentation";"next";"isr-hit";"route";"2";"4";"5000";"60653";"60653";"0";"12129,179876806647";"0,0995828730648113";"221,546875";"222,84375";"0,23283300000002782";"0,65037499999994";"1,0187499999997272";"0,6459159999999997";"120,78585800523001";"1669";"1669";"182,82158300001174";"{""identity"":60653}";"2053,545";"5000,585416";"true";"false";""
"documentation";"rustyx";"api-pages";"route";"2";"4";"5000";"83124";"83124";"0";"16623,383687709807";"0,1357008806120976";"137,265625";"137,765625";"0,2041669999998703";"0,381917000000044";"0,961084000000028";"0,3657500000000482";"225,58078051749993";"33,86634425677301";"33,86634425677301";"28,045083000091836";"{""identity"":83124}";"4210,671";"5000,4259999999995";"true";"false";""
"documentation";"next";"api-pages";"route";"2";"4";"5000";"59967";"59967";"0";"11992,205175824833";"0,10422398986109027";"211,921875";"213,828125";"0,2290419999999358";"0,7065420000000131";"1,1099169999999958";"0,6953340000000026";"124,98754706572817";"33,814731435622924";"33,814731435622924";"216,3176669999957";"{""identity"":59967}";"2447,717";"5000,498167000001";"true";"false";""
"documentation";"rustyx";"static-rotation";"route";"2";"4";"5000";"54104";"54104";"0";"10819,670337695448";"0,12217211296761792";"23,625";"23,625";"0,3617500000000291";"0,47520799999983865";"0,6380410000001575";"0,418042000000014";"132,1861986769313";"43022,39960076889";"43022,39960076889";"28,111125000054017";"{""identity"":54104}";"5423,557";"5000,522041";"true";"false";""
"documentation";"next";"static-rotation";"route";"2";"4";"5000";"25927";"25927";"0";"5184,551763781211";"0,22370501793497127";"191,203125";"240,0625";"0,5844580000000406";"1,3904580000000806";"1,7457910000000538";"1,3448339999999916";"115,98102453014627";"43485,498592201184";"43485,498592201184";"178,81887500011362";"{""identity"":25927}";"2348,775";"5000,818042";"true";"false";""
"documentation";"rustyx";"mixed";"mixed";"2";"4";"8000";"125615";"125615";"0";"15700,90833040114";"0,13000039804163516";"137,5";"138,25";"0,23508300000003146";"0,3655420000000049";"0,558875000000171";"0,34104200000001583";"204,11243325673735";"12746,880070055327";"12746,880070055327";"27,982916000066325";"{""identity"":125615}";"7762,315";"8000,492542";"true";"false";""
"documentation";"next";"mixed";"mixed";"2";"4";"8000";"66835";"66835";"0";"8353,285201176157";"0,1478267374878432";"224,640625";"227,265625";"0,3322090000001481";"1,0872909999998228";"1,6610410000000115";"1,0749590000000353";"123,48388985953531";"13122,654282935588";"13122,654282935588";"194,98895799997263";"{""identity"":66835}";"3445,354";"8001,043708";"true";"false";""
"documentation";"next";"static-large";"route";"3";"4";"5000";"25409";"25409";"0";"5080,955418185611";"0,22944625919949624";"180,046875";"222,484375";"0,6160840000002281";"1,4007500000000164";"1,8192920000001322";"1,3538750000000164";"116,58062138621007";"43486";"43486";"174,9814999999944";"{""identity"":25409}";"2365,133";"5000,831125000001";"true";"false";""
"documentation";"rustyx";"static-large";"route";"3";"4";"5000";"56800";"56800";"0";"11358,654378835165";"0,09278169014084507";"8,421875";"8,4375";"0,3358749999997599";"0,5185840000003736";"0,6707910000000084";"0,46566600000005565";"105,38751509940373";"43023";"43023";"28,970416999887675";"{""identity"":56800}";"5389,098";"5000,592333";"true";"false";""
"documentation";"next";"static-gzip";"route";"3";"4";"5000";"20403";"20403";"0";"4080,0158094643466";"0,3945498211047395";"217,703125";"228,5625";"0,8879579999997986";"1,4210000000000065";"1,88412500000004";"1,2355000000000018";"160,9769507728667";"1193";"43486";"176,48250000015832";"{""gzip"":20403}";"2344,162";"5000,715917";"true";"false";""
"documentation";"rustyx";"static-gzip";"route";"3";"4";"5000";"52107";"52107";"0";"10420,104693457724";"0,11380428733183641";"8,28125";"8,421875";"0,35599999999976717";"0,5304159999999456";"0,7717079999999896";"0,4639589999999316";"118,585258856208";"1078";"43023";"28,262209000065923";"{""gzip"":52107}";"5271,143";"5000,621542";"true";"false";""
"documentation";"next";"public-gzip";"route";"3";"4";"5000";"9204";"9204";"0";"1840,0497042766635";"1,4015645371577574";"193,125";"195,078125";"1,938916999999492";"3,7978329999996276";"4,642542000000049";"2,6676659999993717";"257,8948412121791";"843";"253952";"180,32404200010933";"{""gzip"":9204}";"4993,564";"5002,038792";"true";"false";""
"documentation";"rustyx";"public-gzip";"route";"3";"4";"5000";"12617";"12617";"0";"2522,579951132714";"0,4438456051359277";"18,265625";"18,28125";"1,5403329999999187";"1,9676250000002256";"2,3056250000000773";"1,589291000000003";"111,96360249142586";"910,9966711579615";"253952";"29,575333999935538";"{""gzip"":12617}";"5314,279";"5001,625416999999";"true";"false";""
"documentation";"next";"isr-hit";"route";"3";"4";"5000";"62457";"62457";"0";"12490,167115588287";"0,09670653409545768";"226";"227,625";"0,22725000000014006";"0,6186250000000655";"0,9527500000000089";"0,6144169999997757";"120,7880772021603";"1669";"1669";"176,1407079999335";"{""identity"":62457}";"2061,285";"5000,493542";"true";"false";""
"documentation";"rustyx";"isr-hit";"route";"3";"4";"5000";"97198";"97198";"0";"19438,025679311784";"0,13786291899010267";"8,5";"8,5";"0,19220800000005056";"0,28720799999996416";"0,3827080000000933";"0,2822909999999865";"267,9782959554496";"1131";"1131";"29,30441699991934";"{""identity"":97198}";"3912,517";"5000,404959";"true";"false";""
"documentation";"next";"api-pages";"route";"3";"4";"5000";"61233";"61233";"0";"12245,353932376409";"0,10108928192314602";"209,90625";"211,6875";"0,22354199999995217";"0,6764170000001286";"1,0709590000000162";"0,6660000000001673";"123,78740359187034";"33,81856188656443";"33,81856188656443";"182,74916699994355";"{""identity"":61233}";"2411,031";"5000,508792";"true";"false";""
"documentation";"rustyx";"api-pages";"route";"3";"4";"5000";"83500";"83500";"0";"16698,33976756861";"0,13520958083832335";"134,203125";"134,71875";"0,20375000000012733";"0,377750000000006";"0,9484999999999673";"0,36087499999996453";"225,77755206688576";"33,86694610778443";"33,86694610778443";"29,33779100002721";"{""identity"":83500}";"4245,027";"5000,497125";"true";"false";""
"documentation";"next";"static-rotation";"route";"3";"4";"5000";"26014";"26014";"0";"5201,980904409961";"0,22257246098254785";"218,921875";"237,25";"0,5824999999999818";"1,3850409999995463";"1,747208999999998";"1,3412499999999454";"115,7817691878745";"43485,4983470439";"43485,4983470439";"182,39387500006706";"{""identity"":26014}";"2361,002";"5000,787292";"true";"false";""
"documentation";"rustyx";"static-rotation";"route";"3";"4";"5000";"53651";"53651";"0";"10729,01104532879";"0,12227171907326984";"23,078125";"23,609375";"0,36445800000001327";"0,472541000000092";"0,6835420000002159";"0,417459000000008";"131,18546244684512";"43022,39945201394";"43022,39945201394";"29,017458999995142";"{""identity"":53651}";"5388,135";"5000,554084";"true";"false";""
"documentation";"next";"mixed";"mixed";"3";"4";"8000";"66967";"66967";"0";"8370,264580668643";"0,14753535323368225";"231,15625";"232,828125";"0,3339590000005046";"1,076415999999881";"1,625";"1,0661660000000666";"123,49099415683276";"13122,653978825392";"13122,653978825392";"178,5370839999523";"{""identity"":66967}";"3446,23";"8000,583417";"true";"false";""
"documentation";"rustyx";"mixed";"mixed";"3";"4";"8000";"120445";"120445";"0";"15054,852262661205";"0,1328407156793557";"136,71875";"137,28125";"0,2387499999999818";"0,40841700000055425";"0,6886249999997744";"0,3786250000000564";"199,98973490188823";"12746,719996678981";"12746,719996678981";"28,28170799999498";"{""identity"":120445}";"8043,492";"8000,410625";"true";"false";""
"documentation";"rustyx";"capacity-1";"capacity";"1";"1";"6000";"54779";"54779";"0";"9129,49135780289";"0,07794957921831358";"122,046875";"122,625";"0,09641600000031758";"0,155208000000016";"0,22087499999997817";"0,13191699999993034";"71,16400098179656";"12746,93137881305";"12746,93137881305";"28,860166999977082";"{""identity"":54779}";"2619,406";"6000,224749999999";"true";"false";""
"documentation";"next";"capacity-1";"capacity";"1";"1";"6000";"32540";"32540";"0";"5423,112567459233";"0,16564228641671788";"216,34375";"224,203125";"0,14525000000003274";"0,32762499999989814";"0,498290999999881";"0,2944999999999709";"89,82967651691847";"13122,414658881376";"13122,414658881376";"169,4609159999527";"{""identity"":32540}";"1783,64";"6000,24425";"true";"false";""
"documentation";"next";"capacity-16";"capacity";"1";"16";"6000";"47710";"47710";"0";"7949,586414918818";"0,1599245441207294";"229,546875";"235,40625";"1,227624999999989";"5,239249999999629";"6,77495799999997";"5,22954199999981";"127,13339833542356";"13122,95619367009";"13122,95619367009";"153,08058299985714";"{""identity"":47710}";"2723,694";"6001,570083";"true";"false";""
"documentation";"rustyx";"capacity-16";"capacity";"1";"16";"6000";"102313";"102313";"0";"17048,872207955214";"0,16429974685523835";"136,546875";"137,125";"0,7752499999996871";"1,6040000000002692";"2,1028329999999187";"1,5807079999999587";"280,11253879343496";"12746,670374243742";"12746,670374243742";"29,263041000114754";"{""identity"":102313}";"6582,469";"6001,159417";"true";"false";""
"documentation";"next";"capacity-64";"capacity";"1";"64";"6000";"48492";"48492";"0";"8074,291967336309";"0,15961395694135114";"241,5625";"254,65625";"4,349874999999997";"20,720458000000008";"30,25766600000003";"20,71220799999992";"128,8769690406315";"13122,442732821908";"13122,442732821908";"198,34129200014286";"{""identity"":48492}";"2813,246";"6005,727833";"true";"false";""
"documentation";"rustyx";"capacity-64";"capacity";"1";"64";"6000";"99248";"99248";"0";"16529,198491132727";"0,16756005158794132";"143,296875";"143,796875";"3,585917000000336";"6,478999999999999";"7,850542000000132";"6,454625000000306";"276,9633351881522";"12746,722019587296";"12746,722019587296";"28,168374999891967";"{""identity"":99248}";"6554,353";"6004,404875";"true";"false";""
"documentation";"next";"capacity-128";"capacity";"1";"128";"6000";"45627";"45627";"0";"7590,043181501834";"0,1720472527231683";"264,59375";"265,90625";"9,157249999999749";"44,68291599999998";"63,005250000000004";"44,67441599999995";"130,58460774276062";"13122,725995572797";"13122,725995572797";"192,75345900002867";"{""identity"":45627}";"3010,031";"6011,42825";"true";"false";""
"documentation";"rustyx";"capacity-128";"capacity";"1";"128";"6000";"96712";"96712";"0";"16103,986653560964";"0,18601621308627678";"144,921875";"146,734375";"7,548416999999972";"11,229624999999942";"15,689292000000023";"11,196208999999953";"299,5602612887354";"12746,721285879725";"12746,721285879725";"28,6035410000477";"{""identity"":96712}";"6492,614";"6005,4694580000005";"true";"false";""
"documentation";"next";"sustained";"sustained";"1";"64";"60000";"520624";"520624";"0";"8676,272317784838";"0,1355104643658379";"263,78125";"263,828125";"4,129458000003069";"19,282666999999492";"22,237207999998645";"19,27412500000355";"117,57256907474883";"13122,696646716247";"13122,696646716247";"184,87699999986216";"{""identity"":520624}";"29524,147";"60005,49325000001";"true";"false";""
"documentation";"rustyx";"sustained";"sustained";"1";"64";"60000";"1178304";"1178304";"0";"19637,399733697242";"0,14486074900874477";"145,234375";"145,75";"3,03925000000163";"5,6209579999995185";"6,521582999999737";"5,599957999998878";"284,4688434007508";"12747,014256931998";"12747,014256931998";"28,59604200022295";"{""identity"":1178304}";"62484,258";"60003,056208";"true";"false";""
