"site";"scenario";"engine";"valid_runs";"runs";"errors";"requestsPerSecond_median";"requestsPerSecond_min";"requestsPerSecond_max";"requestsPerSecond_cv_percent";"cpuMsPerRequest_median";"cpuMsPerRequest_min";"cpuMsPerRequest_max";"cpuMsPerRequest_cv_percent";"loadMedianRssMiB_median";"loadMedianRssMiB_min";"loadMedianRssMiB_max";"loadMedianRssMiB_cv_percent";"sampledPeakRssMiB_median";"sampledPeakRssMiB_min";"sampledPeakRssMiB_max";"sampledPeakRssMiB_cv_percent";"p50Ms_median";"p50Ms_min";"p50Ms_max";"p50Ms_cv_percent";"p95Ms_median";"p95Ms_min";"p95Ms_max";"p95Ms_cv_percent";"p99Ms_median";"p99Ms_min";"p99Ms_max";"p99Ms_cv_percent";"ttfbP95Ms_median";"ttfbP95Ms_min";"ttfbP95Ms_max";"ttfbP95Ms_cv_percent";"cpuPercentOneCore_median";"cpuPercentOneCore_min";"cpuPercentOneCore_max";"cpuPercentOneCore_cv_percent";"meanBodyBytes_median";"meanBodyBytes_min";"meanBodyBytes_max";"meanBodyBytes_cv_percent";"meanDecodedBytes_median";"meanDecodedBytes_min";"meanDecodedBytes_max";"meanDecodedBytes_cv_percent";"startupMs_median";"startupMs_min";"startupMs_max";"startupMs_cv_percent"
"boutique";"static";"next";"3";"3";"0";"10009,162049895425";"10005,592907874976";"10078,54443977377";"0,4099949246736934";"0,11847915126570897";"0,1176633993412437";"0,11851230089733597";"0,4067305110206328";"244,546875";"243,65625";"251,015625";"1,630071333357534";"246,328125";"244,265625";"251,9375";"1,6040683886022038";"0,27741699999978664";"0,27616699999998673";"0,2782500000002983";"0,37811640073894853";"0,7137079999993148";"0,707749999999578";"0,7156249999999318";"0,5764867667860403";"1,0965830000000096";"1,0931250000000006";"1,0996250000000032";"0,29661495900960305";"0,7024580000000356";"0,6970000000001164";"0,7055830000001606";"0,6190887792089069";"118,58757991955724";"118,578583735433";"118,58770245525538";"0,004410083825693153";"7531";"7531";"7531";"0";"7531";"7531";"7531";"0";"180,7367919999815";"180,257292";"195,83233299999847";"4,77190713828192"
"boutique";"static";"rustyx";"3";"3";"0";"27590,794640497967";"27445,92465684547";"29104,327587371456";"3,2749281270975175";"0,08987917050223611";"0,084722470350571";"0,09020825135895306";"3,4854695435064094";"8,953125";"8,84375";"8,96875";"0,7633798500071233";"8,96875";"8,9375";"9";"0,34843205574912894";"0,13354100000015023";"0,1257500000001528";"0,13387499999998909";"3,508126933917778";"0,2087500000000091";"0,1995839999999589";"0,21112499999981083";"2,95148256138299";"0,2952909999999065";"0,28691700000013043";"0,2956249999999727";"1,6861894046339048";"0,20112499999959255";"0,1922500000000582";"0,20345799999995506";"2,9725166249854063";"247,58488702236033";"246,5790531094384";"247,98377357854991";"0,2926173896246257";"6323";"6323";"6323";"0";"6323";"6323";"6323";"0";"28,651084000000083";"27,829708000004757";"28,79595800000243";"1,8332160946341023"
"boutique";"runtime";"next";"3";"3";"0";"641,1233706018554";"638,4482537406678";"660,4802571216986";"1,8591120300006176";"1,5482866043613708";"1,5219364599092284";"1,5644555694618272";"1,3892063384329032";"289,28125";"265,875";"292,171875";"5,105696468011781";"311,109375";"308,796875";"311,296875";"0,4485837827140815";"6,132833000000119";"5,95895900000005";"6,145250000000033";"1,7133680220485448";"8,333583000000544";"8,173667000000023";"8,385374999999996";"1,3300310151419437";"10,134457999999995";"9,58299999999997";"10,173041999999441";"3,3129614184255702";"6,717915999999946";"6,515374999999949";"6,7821659999999895";"2,0870022432368107";"99,88239263777656";"99,26427264458634";"100,5208984363735";"0,6290375042404202";"5892";"5892";"5892";"0";"5892";"5892";"5892";"0";"190,80529100000058";"180,16849999999977";"192,65087499999208";"3,586121997890322"
"boutique";"runtime";"rustyx";"3";"3";"0";"4207,997589797841";"4181,202958186096";"4212,676491913792";"0,40428453177209833";"0,446704367248016";"0,4446448061500498";"0,45767575322812054";"1,5577879448410725";"280,671875";"278,046875";"283,5625";"0,9826450389170227";"287,09375";"285,484375";"290,828125";"0,9525260483924289";"0,8418330000004062";"0,8406249999998181";"0,8436249999999745";"0,1792629990158415";"1,5577919999996084";"1,5432499999997162";"1,5643339999996897";"0,6939628624706126";"2,353375000000142";"2,287999999999556";"2,375750000000039";"1,949393987344093";"1,5093340000003082";"1,4992080000001806";"1,5201250000000073";"0,6929364651486019";"187,97309007318208";"187,314472211988";"191,3635213287467";"1,1502814990122365";"4310,137337832059";"4310,125490196078";"4310,139989560101";"0,00017912259086244394";"4310,137337832059";"4310,125490196078";"4310,139989560101";"0,00017912259086244394";"27,175500000001193";"26,556750000003376";"28,90116599999601";"4,410976489713991"
"boutique";"api-get";"next";"3";"3";"0";"6788,527504502485";"6721,39158462716";"6796,443913073121";"0,6092172279397746";"0,18911833151677615";"0,18828513430025595";"0,1898188093183779";"0,4060810230481384";"258,8125";"258,4375";"268,5625";"2,1915461709768618";"270,5625";"265,921875";"273,9375";"1,489754088626151";"0,45562500000005457";"0,45554099999935715";"0,4650420000000395";"1,1905143041609758";"1,221082999999993";"1,216957999999977";"1,2438339999999926";"1,1793273803599436";"1,7023340000000076";"1,6879169999999988";"1,7352089999999407";"1,4187357305072452";"1,2163329999998496";"1,213124999999991";"1,239875000000211";"1,1941997580277663";"127,96693549371297";"127,58465475564928";"128,3834995107254";"0,3121972786706668";"140";"140";"140";"0";"140";"140";"140";"0";"183,5043340000011";"183,30562500000815";"186,6070000000036";"1,003595170058247"
"boutique";"api-get";"rustyx";"3";"3";"0";"16863,238293507802";"16420,815176825367";"17423,957731898743";"2,974278244600589";"0,12760456814866644";"0,12441608227070827";"0,130676766815652";"2,4540449881379067";"173,578125";"173,578125";"175,015625";"0,47682059396252646";"176,71875";"176,3125";"178,65625";"0,7066960470081488";"0,2102500000000873";"0,20587499999965075";"0,2161670000000413";"2,450711054152115";"0,39745899999979883";"0,35858400000051915";"0,3982090000008611";"5,89059425096084";"0,7542499999999563";"0,7195419999999899";"0,7825409999999948";"4,195380995502876";"0,3862500000000182";"0,3492080000000328";"0,38724999999999454";"5,79330959140436";"215,18262400311178";"214,58190357849276";"216,78205586532573";"0,5276777240854544";"140";"140";"140";"0";"140";"140";"140";"0";"28,711957999999868";"27,995084000001953";"29,316250000003492";"2,306521755170598"
"boutique";"api-post";"next";"3";"3";"0";"5836,041168747033";"5818,609236312287";"5899,296129904582";"0,7255926883203022";"0,22443804824561403";"0,22202637198739025";"0,22647604646367447";"0,9930079542370857";"259,328125";"257,84375";"265,15625";"1,4822280849345337";"264,71875";"260,875";"268,84375";"1,5049146547202465";"0,5347500000002583";"0,5281250000000455";"0,5360419999999522";"0,7969134371339326";"1,4392500000000013";"1,4188329999999496";"1,4489170000006197";"1,0698009119464338";"1,9456659999999601";"1,9230419999999953";"1,9797080000000022";"1,4631694931756667";"1,4360000000001492";"1,4146660000001248";"1,444417000000044";"1,071159417831353";"130,98296893946363";"130,97993170019666";"131,7775615757027";"0,3502085262145802";"41";"41";"41";"0";"41";"41";"41";"0";"184,84395900000527";"182,57995800001663";"196,48608399999648";"3,9695236650252497"
"boutique";"api-post";"rustyx";"3";"3";"0";"14922,05403072643";"14602,369020291588";"14982,425003319113";"1,3766920934352396";"0,1275848667193803";"0,12680530713580182";"0,1302418581719576";"1,4052818570000314";"175,4375";"173,6875";"177,4375";"1,0690402610514138";"178,765625";"178,484375";"180,640625";"0,6537690399480977";"0,23012500000004366";"0,22658300000011877";"0,23379099999999653";"1,5659013674169209";"0,47400000000016007";"0,4615000000000009";"0,4795409999999265";"1,959268847184823";"0,8062920000002123";"0,8015419999999267";"0,8328330000003916";"2,0727222344741416";"0,4640839999999855";"0,4532080000000178";"0,46908299999995506";"1,7564042293738966";"190,18396749154044";"189,98510041849966";"190,3828274689623";"0,10456377072050563";"41";"41";"41";"0";"41";"41";"41";"0";"27,224459000019124";"26,734542000005604";"28,818792000005487";"3,9496183823630875"
"boutique";"image-hot";"next";"3";"3";"0";"17365,308444495673";"17210,978881048388";"17388,036970015644";"0,5561662724971697";"0,07210543263259579";"0,07197807259996315";"0,07250671035660752";"0,3821407748323242";"218,5";"217,640625";"218,90625";"0,2959438242741726";"220,3125";"219,546875";"220,40625";"0,21420165202221883";"0,19979200000034325";"0,19962499999996908";"0,20125000000007276";"0,44645065375033116";"0,3332500000000209";"0,32883299999998883";"0,33358300000008967";"0,7989178323385919";"0,8272500000000491";"0,8272499999998217";"0,8282080000003589";"0,06683446762101196";"0,32829100000003564";"0,3241659999999911";"0,3291250000000048";"0,8115287664999091";"124,99214319386626";"124,79114606818645";"125,37719283545482";"0,23813917229679482";"2254";"2254";"2254";"0";"2254";"2254";"2254";"0";"189,81616699999722";"183,13812499999767";"194,7659580000036";"3,083534439689595"
"boutique";"image-hot";"rustyx";"3";"3";"0";"28677,100618123917";"28058,74289553858";"29689,640733104596";"2,8580112404460767";"0,08215070260469333";"0,07955111883495669";"0,0842468389616684";"2,869322989028295";"14,546875";"14,375";"15,296875";"3,3258749440396094";"14,765625";"14,640625";"15,46875";"2,9844931356684823";"0,12712499999997817";"0,12391600000000835";"0,130500000000211";"2,5887247423746924";"0,2062919999999906";"0,19512500000018917";"0,20695900000009715";"3,2783279890745383";"0,2887500000001637";"0,2727500000000873";"0,3029590000001008";"5,244903224869085";"0,20266700000047422";"0,19174999999995634";"0,20329199999991943";"3,2578805660015426";"236,18441381263742";"235,58439644443652";"236,3860394187296";"0,17665383856628572";"2254";"2254";"2254";"0";"2254";"2254";"2254";"0";"27,511583999999857";"26,420666999998502";"28,72816599998623";"4,189380011608937"
"boutique";"mixed";"next";"3";"3";"0";"2118,231856540175";"2088,9324235561135";"2125,5855004333325";"0,9185885121707219";"0,6022532885035097";"0,5982604607428302";"0,6100843351875113";"0,9966104791199768";"321,015625";"301";"326,203125";"4,2106501202211675";"341,609375";"335,75";"344,15625";"1,2659211805446018";"0,9592499999998836";"0,9546250000000214";"0,9861659999996846";"1,7619882277815895";"5,59958400000005";"5,594167000000198";"5,6296659999998155";"0,3410312889336542";"6,8338329999999985";"6,821374999999989";"6,967624999999998";"1,179480817037555";"4,488875000000007";"4,4854159999999865";"4,523875000000089";"0,47286861866623486";"127,44249488768679";"127,16537608375249";"127,5712101414215";"0,1627954277000946";"5054";"5053,949877385011";"5054,146109833068";"0,0020172776291526224";"5054";"5053,949877385011";"5054,146109833068";"0,0020172776291526224";"190,45562500000233";"186,49883399999817";"194,73237500002142";"2,1608717939411726"
"boutique";"mixed";"rustyx";"3";"3";"0";"12174,462844886686";"12033,812024895082";"12774,480569304798";"3,190894778206447";"0,22567244781389553";"0,21506007592657822";"0,22679205765795363";"2,909783128914736";"298,890625";"298,703125";"299,1875";"0,08170452721673593";"301,53125";"301,484375";"301,765625";"0,04996192498701148";"0,19112499999982901";"0,18420900000000273";"0,19495800000004238";"2,8657371045979216";"0,8373340000000553";"0,8000419999998485";"0,8653749999999718";"3,9287342068910487";"1,403332999999975";"1,3462090000002718";"1,4330830000008064";"3,1666676879534537";"0,7994580000001861";"0,7629590000001372";"0,8233749999999418";"3,8258456282767614";"274,7280761157288";"271,56998161903635";"276,10714794721554";"0,8484819103161781";"3780,368999896147";"3780,360621893468";"3780,373349623211";"0,0001711271896840242";"3780,368999896147";"3780,360621893468";"3780,373349623211";"0,0001711271896840242";"28,950041000003694";"27,80029099999956";"29,205374999990454";"2,6123407161263272"
"boutique";"capacity-1";"next";"1";"1";"0";"527,9583792811001";"527,9583792811001";"527,9583792811001";"";"1,057449494949495";"1,057449494949495";"1,057449494949495";"";"191,203125";"191,203125";"191,203125";"";"228,453125";"228,453125";"228,453125";"";"0,45783399999982066";"0,45783399999982066";"0,45783399999982066";"";"6,985625000000027";"6,985625000000027";"6,985625000000027";"";"7,506250000000364";"7,506250000000364";"7,506250000000364";"";"5,559500000000298";"5,559500000000298";"5,559500000000298";"";"55,82893215251531";"55,82893215251531";"55,82893215251531";"";"5054";"5054";"5054";"";"5054";"5054";"5054";"";"183,95699999999488";"183,95699999999488";"183,95699999999488";""
"boutique";"capacity-1";"rustyx";"1";"1";"0";"3629,64050868131";"3629,64050868131";"3629,64050868131";"";"0,2800863216860278";"0,2800863216860278";"0,2800863216860278";"";"261,921875";"261,921875";"261,921875";"";"275,671875";"275,671875";"275,671875";"";"0,20087499999954161";"0,20087499999954161";"0,20087499999954161";"";"0,577750000000151";"0,577750000000151";"0,577750000000151";"";"0,7726659999999583";"0,7726659999999583";"0,7726659999999583";"";"0,5237919999999576";"0,5237919999999576";"0,5237919999999576";"";"101,66126591191511";"101,66126591191511";"101,66126591191511";"";"3779,7257449836998";"3779,7257449836998";"3779,7257449836998";"";"3779,7257449836998";"3779,7257449836998";"3779,7257449836998";"";"29,031208000000333";"29,031208000000333";"29,031208000000333";""
"boutique";"capacity-16";"next";"1";"1";"0";"2017,1689556786487";"2017,1689556786487";"2017,1689556786487";"";"0,6599571027883188";"0,6599571027883188";"0,6599571027883188";"";"316,234375";"316,234375";"316,234375";"";"353,40625";"353,40625";"353,40625";"";"4,216833999999835";"4,216833999999835";"4,216833999999835";"";"22,350415999999996";"22,350415999999996";"22,350415999999996";"";"28,347250000000713";"28,347250000000713";"28,347250000000713";"";"17,523042000000032";"17,523042000000032";"17,523042000000032";"";"133,12449798242196";"133,12449798242196";"133,12449798242196";"";"5054,336248143871";"5054,336248143871";"5054,336248143871";"";"5054,336248143871";"5054,336248143871";"5054,336248143871";"";"211,77083399999538";"211,77083399999538";"211,77083399999538";""
"boutique";"capacity-16";"rustyx";"1";"1";"0";"14295,09522897587";"14295,09522897587";"14295,09522897587";"";"0,258693017619092";"0,258693017619092";"0,258693017619092";"";"319,15625";"319,15625";"319,15625";"";"323,390625";"323,390625";"323,390625";"";"0,4130000000000109";"0,4130000000000109";"0,4130000000000109";"";"3,4175420000001395";"3,4175420000001395";"3,4175420000001395";"";"5,169665999999978";"5,169665999999978";"5,169665999999978";"";"3,3783749999993233";"3,3783749999993233";"3,3783749999993233";"";"369,80413219360526";"369,80413219360526";"369,80413219360526";"";"3780,2862636338214";"3780,2862636338214";"3780,2862636338214";"";"3780,2862636338214";"3780,2862636338214";"3780,2862636338214";"";"28,937166999996407";"28,937166999996407";"28,937166999996407";""
"boutique";"capacity-64";"next";"1";"1";"0";"2027,8827375642238";"2027,8827375642238";"2027,8827375642238";"";"0,693012600229095";"0,693012600229095";"0,693012600229095";"";"366,390625";"366,390625";"366,390625";"";"373,828125";"373,828125";"373,828125";"";"16,496083";"16,496083";"16,496083";"";"85,54954199999997";"85,54954199999997";"85,54954199999997";"";"101,525958";"101,525958";"101,525958";"";"67,29654200000004";"67,29654200000004";"67,29654200000004";"";"140,53482889190784";"140,53482889190784";"140,53482889190784";"";"5054,333496972672";"5054,333496972672";"5054,333496972672";"";"5054,333496972672";"5054,333496972672";"5054,333496972672";"";"183,81849999999395";"183,81849999999395";"183,81849999999395";""
"boutique";"capacity-64";"rustyx";"1";"1";"0";"13797,728238451287";"13797,728238451287";"13797,728238451287";"";"0,2588212602316975";"0,2588212602316975";"0,2588212602316975";"";"323,8125";"323,8125";"323,8125";"";"331,96875";"331,96875";"331,96875";"";"0,4283750000000168";"0,4283750000000168";"0,4283750000000168";"";"17,45979199999988";"17,45979199999988";"17,45979199999988";"";"24,440165999999977";"24,440165999999977";"24,440165999999977";"";"17,40975000000003";"17,40975000000003";"17,40975000000003";"";"357,11454110104415";"357,11454110104415";"357,11454110104415";"";"3780,300905331935";"3780,300905331935";"3780,300905331935";"";"3780,300905331935";"3780,300905331935";"3780,300905331935";"";"27,89474999997765";"27,89474999997765";"27,89474999997765";""
"boutique";"capacity-128";"next";"1";"1";"0";"2013,2910760360726";"2013,2910760360726";"2013,2910760360726";"";"0,7100640288950911";"0,7100640288950911";"0,7100640288950911";"";"380,875";"380,875";"380,875";"";"461,484375";"461,484375";"461,484375";"";"32,94183299999986";"32,94183299999986";"32,94183299999986";"";"170,0357909999998";"170,0357909999998";"170,0357909999998";"";"202,72325";"202,72325";"202,72325";"";"134,330375";"134,330375";"134,330375";"";"142,9565572788707";"142,9565572788707";"142,9565572788707";"";"5054,334592021015";"5054,334592021015";"5054,334592021015";"";"5054,334592021015";"5054,334592021015";"5054,334592021015";"";"184,52587499999208";"184,52587499999208";"184,52587499999208";""
"boutique";"capacity-128";"rustyx";"1";"1";"0";"13819,179974365186";"13819,179974365186";"13819,179974365186";"";"0,25908353852621463";"0,25908353852621463";"0,25908353852621463";"";"324,0625";"324,0625";"324,0625";"";"332,078125";"332,078125";"332,078125";"";"0,4358330000004571";"0,4358330000004571";"0,4358330000004571";"";"37,227916999999934";"37,227916999999934";"37,227916999999934";"";"50,467916";"50,467916";"50,467916";"";"37,19724999999994";"37,19724999999994";"37,19724999999994";"";"358,03220472891365";"358,03220472891365";"358,03220472891365";"";"3780,26561768062";"3780,26561768062";"3780,26561768062";"";"3780,26561768062";"3780,26561768062";"3780,26561768062";"";"29,073499999998603";"29,073499999998603";"29,073499999998603";""
"boutique-node";"static";"next";"3";"3";"0";"10031,514923131612";"9891,884339920683";"10120,494841963256";"1,1506827082426632";"0,11881267069353907";"0,11776794182737907";"0,12008733624454149";"0,977039220554071";"233,796875";"226,15625";"238,4375";"2,663864375400637";"235,109375";"229,828125";"238,78125";"1,9186382868144989";"0,2764999999999418";"0,2721670000000813";"0,28012500000022555";"1,442187762402661";"0,7111670000003869";"0,7044579999999883";"0,7300000000000182";"1,8514734916909";"1,0827500000000327";"1,0817910000000097";"1,1075419999999667";"1,3384487165099217";"0,7003750000001219";"0,6941669999998794";"0,7186249999999745";"1,8048948183462963";"119,18698478126188";"118,78900408201694";"119,1871079119359";"0,1930293069973436";"7531";"7531";"7531";"0";"7531";"7531";"7531";"0";"175,8269169999985";"172,8037089999998";"185,7682499999646";"3,8077931582947517"
"boutique-node";"static";"rustyx";"3";"3";"0";"23867,671188199292";"23199,67433398408";"26315,36033852474";"6,706093502910308";"0,10381492622353305";"0,09393025146861012";"0,1064590929857681";"6,512646781686035";"8,9375";"8,78125";"8,9375";"1,0152701099465868";"8,9375";"8,8125";"8,9375";"0,8112650152547434";"0,15695800000003146";"0,13999999999987267";"0,15945799999963128";"6,9584216325393795";"0,23645900000019537";"0,22208399999999529";"0,24333300000034797";"4,634541905052344";"0,3291669999998703";"0,30204200000025594";"0,3374579999999696";"5,736911328349405";"0,22737499999993815";"0,2136249999998654";"0,23387499999989814";"4,595981828145496";"247,1808414084718";"246,98162871611487";"247,78205235304551";"0,1684884699535408";"6323";"6323";"6323";"0";"6323";"6323";"6323";"0";"27,98550000000978";"27,957832999993116";"28,605792000016663";"1,299979567437389"
"boutique-node";"runtime";"next";"3";"3";"0";"11361,373160297482";"10473,809615415625";"11590,95136476423";"5,295106876368564";"0,10684174396704979";"0,10420800193233382";"0,11417879100316951";"4,766159506243521";"230,921875";"230,578125";"232,296875";"0,39326078537545434";"235,578125";"235,125";"237,25";"0,474283247541448";"0,2487500000002001";"0,24441699999999855";"0,26383400000008805";"4,039292900572672";"0,6649169999999458";"0,6524999999996908";"0,6893749999999841";"2,80481841777741";"1,036457999999584";"1,0162499999999994";"1,0617090000000644";"2,1939328716008033";"0,6560000000001764";"0,6443330000001879";"0,6806249999999636";"2,80584569111326";"120,78698822169382";"119,58869190855279";"121,3868922306615";"0,7592359648658117";"5872";"5872";"5872";"0";"5872";"5872";"5872";"0";"186,42074999999022";"186,12475000001723";"192,3612500000163";"1,868438294932426"
"boutique-node";"runtime";"rustyx";"3";"3";"0";"23541,721563661336";"21605,36672237908";"26148,490067218205";"9,59298337539118";"0,11111299886168641";"0,09957782672540381";"0,11977267257816694";"9,197522728227653";"8,859375";"8,84375";"8,859375";"0,10188534162169867";"8,875";"8,859375";"8,875";"0,10170586069106738";"0,1589589999994132";"0,14166599999998652";"0,17254199999979392";"9,811612565081738";"0,23587499999985084";"0,21533300000010058";"0,2606670000000122";"9,566361378594221";"0,32799999999997453";"0,3057499999999891";"0,3503339999997479";"6,79576535797853";"0,22912500000029468";"0,20929100000012113";"0,25345800000013696";"9,592060395822099";"260,38098130443973";"258,7732514370733";"261,57912813052405";"0,5409959212828238";"4009";"4009";"4009";"0";"4009";"4009";"4009";"0";"27,846375000022817";"27,825667000026442";"28,897957999957725";"2,1752289253970245"
"boutique-node";"mixed";"next";"3";"3";"0";"7150,460735490326";"7121,489264772693";"7196,890213789464";"0,5315027993113289";"0,16798349881135505";"0,16776658562000696";"0,16953614489548782";"0,5730323688895429";"256,515625";"256,125";"259,609375";"0,7415832838918138";"258,25";"257,71875";"261,28125";"0,7418061776661701";"0,4279160000005504";"0,41962499999999636";"0,43099999999958527";"1,3803491441210942";"0,9956250000004729";"0,9925839999998516";"0,9978340000000117";"0,26482854892290814";"1,4634170000000495";"1,4471670000002632";"1,471958000000086";"0,8620805937720571";"0,9877079999998841";"0,9840830000000551";"0,9894590000003518";"0,2777776831736149";"120,73498358641643";"120,11594124608803";"120,73976982495002";"0,2976795997824781";"5049";"5048,985556082065";"5049";"0,00016516553495658738";"5049";"5048,985556082065";"5049";"0,00016516553495658738";"189,32520899997326";"188,2293340000324";"194,54537499998696";"1,7697918466412585"
"boutique-node";"mixed";"rustyx";"3";"3";"0";"19141,293933043296";"19095,01063976123";"21493,713642361134";"6,889632290192294";"0,1425511630033042";"0,12520572003465982";"0,14368192291579387";"7,5512538275643015";"160,890625";"160,546875";"162,390625";"0,6079267619332857";"167,46875";"164,15625";"168,125";"1,2770623685125944";"0,1902919999997721";"0,16762500000004366";"0,19120899999961694";"7,298534724388966";"0,302208999999948";"0,28295799999995097";"0,311916999999994";"4,9290477993156205";"0,4482500000000016";"0,4315839999999298";"0,45029199999999037";"2,314632443050957";"0,2919999999999163";"0,273290999999972";"0,3009999999999309";"4,895059519389266";"272,86137115434127";"269,11358928106165";"274,36078468184365";"0,9932270243505447";"3705,0152247364167";"3705";"3705,0212945186695";"0,0002960948243855285";"3705,0152247364167";"3705";"3705,0212945186695";"0,0002960948243855285";"29,116875000006985";"28,738583000027575";"29,148125000006985";"0,7860510637789565"
"boutique-node";"capacity-1";"next";"1";"1";"0";"5165,418834175519";"5165,418834175519";"5165,418834175519";"";"0,19874814480221978";"0,19874814480221978";"0,19874814480221978";"";"234,90625";"234,90625";"234,90625";"";"250,53125";"250,53125";"250,53125";"";"0,161583999999948";"0,161583999999948";"0,161583999999948";"";"0,31941699999993034";"0,31941699999993034";"0,31941699999993034";"";"0,6124589999999444";"0,6124589999999444";"0,6124589999999444";"";"0,308749999999975";"0,308749999999975";"0,308749999999975";"";"102,66174104188293";"102,66174104188293";"102,66174104188293";"";"5049,131831967477";"5049,131831967477";"5049,131831967477";"";"5049,131831967477";"5049,131831967477";"5049,131831967477";"";"184,32475000002887";"184,32475000002887";"184,32475000002887";""
"boutique-node";"capacity-1";"rustyx";"1";"1";"0";"8819,49525268198";"8819,49525268198";"8819,49525268198";"";"0,09750751147980877";"0,09750751147980877";"0,09750751147980877";"";"128,65625";"128,65625";"128,65625";"";"129,078125";"129,078125";"129,078125";"";"0,09866599999986647";"0,09866599999986647";"0,09866599999986647";"";"0,1580420000000231";"0,1580420000000231";"0,1580420000000231";"";"0,23341700000000287";"0,23341700000000287";"0,23341700000000287";"";"0,14791700000000674";"0,14791700000000674";"0,14791700000000674";"";"85,99670345970071";"85,99670345970071";"85,99670345970071";"";"3704,994255371417";"3704,994255371417";"3704,994255371417";"";"3704,994255371417";"3704,994255371417";"3704,994255371417";"";"28,82954200002132";"28,82954200002132";"28,82954200002132";""
"boutique-node";"capacity-16";"next";"1";"1";"0";"6915,920781942078";"6915,920781942078";"6915,920781942078";"";"0,1792166498048851";"0,1792166498048851";"0,1792166498048851";"";"255,265625";"255,265625";"255,265625";"";"262,78125";"262,78125";"262,78125";"";"1,9742499999999836";"1,9742499999999836";"1,9742499999999836";"";"3,991041999999993";"3,991041999999993";"3,991041999999993";"";"5,345792000000074";"5,345792000000074";"5,345792000000074";"";"3,9789160000000265";"3,9789160000000265";"3,9789160000000265";"";"123,94481528556406";"123,94481528556406";"123,94481528556406";"";"5049,098424627837";"5049,098424627837";"5049,098424627837";"";"5049,098424627837";"5049,098424627837";"5049,098424627837";"";"180,1708749999525";"180,1708749999525";"180,1708749999525";""
"boutique-node";"capacity-16";"rustyx";"1";"1";"0";"25627,70132615252";"25627,70132615252";"25627,70132615252";"";"0,18077068133640253";"0,18077068133640253";"0,18077068133640253";"";"166,09375";"166,09375";"166,09375";"";"174,859375";"174,859375";"174,859375";"";"0,5357919999996739";"0,5357919999996739";"0,5357919999996739";"";"1,1869590000000017";"1,1869590000000017";"1,1869590000000017";"";"1,6766250000000582";"1,6766250000000582";"1,6766250000000582";"";"1,154166000000032";"1,154166000000032";"1,154166000000032";"";"463,2737029814418";"463,2737029814418";"463,2737029814418";"";"3705,021204791073";"3705,021204791073";"3705,021204791073";"";"3705,021204791073";"3705,021204791073";"3705,021204791073";"";"28,882875000010245";"28,882875000010245";"28,882875000010245";""
"boutique-node";"capacity-64";"next";"1";"1";"0";"6836,567663501044";"6836,567663501044";"6836,567663501044";"";"0,18066715364012662";"0,18066715364012662";"0,18066715364012662";"";"263,421875";"263,421875";"263,421875";"";"280,125";"280,125";"280,125";"";"8,433500000000095";"8,433500000000095";"8,433500000000095";"";"14,81254100000001";"14,81254100000001";"14,81254100000001";"";"18,343875000000025";"18,343875000000025";"18,343875000000025";"";"14,800791000000004";"14,800791000000004";"14,800791000000004";"";"123,51432204328646";"123,51432204328646";"123,51432204328646";"";"5049,099488677867";"5049,099488677867";"5049,099488677867";"";"5049,099488677867";"5049,099488677867";"5049,099488677867";"";"191,2062080000178";"191,2062080000178";"191,2062080000178";""
"boutique-node";"capacity-64";"rustyx";"1";"1";"0";"20839,375876754566";"20839,375876754566";"20839,375876754566";"";"0,2246705897403096";"0,2246705897403096";"0,2246705897403096";"";"178,6875";"178,6875";"178,6875";"";"185,171875";"185,171875";"185,171875";"";"2,475792000000183";"2,475792000000183";"2,475792000000183";"";"6,20941700000003";"6,20941700000003";"6,20941700000003";"";"9,256958000000054";"9,256958000000054";"9,256958000000054";"";"6,01037499999984";"6,01037499999984";"6,01037499999984";"";"468,1994868050429";"468,1994868050429";"468,1994868050429";"";"3705";"3705";"3705";"";"3705";"3705";"3705";"";"27,87787499994738";"27,87787499994738";"27,87787499994738";""
"boutique-node";"capacity-128";"next";"1";"1";"0";"6791,505496468981";"6791,505496468981";"6791,505496468981";"";"0,1825701769413377";"0,1825701769413377";"0,1825701769413377";"";"269,046875";"269,046875";"269,046875";"";"288,9375";"288,9375";"288,9375";"";"17,098457999999482";"17,098457999999482";"17,098457999999482";"";"29,042083000000275";"29,042083000000275";"29,042083000000275";"";"35,500083";"35,500083";"35,500083";"";"29,030082999999877";"29,030082999999877";"29,030082999999877";"";"123,99263601884094";"123,99263601884094";"123,99263601884094";"";"5049,060742517315";"5049,060742517315";"5049,060742517315";"";"5049,060742517315";"5049,060742517315";"5049,060742517315";"";"190,1925410000258";"190,1925410000258";"190,1925410000258";""
"boutique-node";"capacity-128";"rustyx";"1";"1";"0";"20188,616595154148";"20188,616595154148";"20188,616595154148";"";"0,2170809990181437";"0,2170809990181437";"0,2170809990181437";"";"172,28125";"172,28125";"172,28125";"";"191,609375";"191,609375";"191,609375";"";"5,085874999999987";"5,085874999999987";"5,085874999999987";"";"12,734999999999673";"12,734999999999673";"12,734999999999673";"";"18,96362500000032";"18,96362500000032";"18,96362500000032";"";"12,461833000000297";"12,461833000000297";"12,461833000000297";"";"438,25650592703374";"438,25650592703374";"438,25650592703374";"";"3704,9974917284794";"3704,9974917284794";"3704,9974917284794";"";"3704,9974917284794";"3704,9974917284794";"3704,9974917284794";"";"28,882290999987163";"28,882290999987163";"28,882290999987163";""
"journal";"static";"next";"3";"3";"0";"13715,530416305335";"13439,352916927086";"14350,920331470335";"3,3785455955450385";"0,10964816353906945";"0,10562987736900781";"0,11263372464997247";"3,215429398259243";"201,953125";"200,65625";"204,953125";"1,0882704689013076";"203,5";"201,890625";"206,203125";"1,0689664960724865";"0,25529199999982666";"0,2454579999998714";"0,261583000000428";"3,1982533989266275";"0,4626670000000104";"0,4261250000000132";"0,4635410000000775";"4,7372150599884515";"0,8892920000000117";"0,8400410000003831";"0,8955420000000913";"3,474490170343676";"0,45616599999993923";"0,4201659999999947";"0,4566250000000025";"4,707962198943779";"151,37243759189698";"150,38827221121286";"151,58859547456123";"0,4233836438594348";"2150";"2150";"2150";"0";"2150";"2150";"2150";"0";"179,67945900000632";"177,82224999996834";"180,82070800004294";"0,8434024356919199"
"journal";"static";"rustyx";"3";"3";"0";"25510,14107700763";"25350,413526833312";"25961,836610935432";"1,2383780333677163";"0,09344475627537982";"0,09266605556882168";"0,09466484699794105";"1,0764668119648007";"8,8125";"8,8125";"8,90625";"0,6120320874801687";"8,90625";"8,828125";"8,953125";"0,7098568883479005";"0,14249999999992724";"0,1414999999997235";"0,14512500000000728";"1,308863497828126";"0,2270419999999831";"0,22341599999981554";"0,2359590000000935";"2,8210893695486075";"0,3252079999999751";"0,31829200000038327";"0,3348749999999825";"2,554064882761871";"0,22233299999993505";"0,21875";"0,2309580000000011";"2,8012278295078192";"239,97930178522105";"238,3788915491533";"240,57809940576118";"0,47444398876579386";"1840";"1840";"1840";"0";"1840";"1840";"1840";"0";"29,300583000003826";"28,102083000005223";"29,63483300001826";"2,7779817232859534"
"journal";"isr-hit";"next";"3";"3";"0";"8288,501359144844";"8181,545915331425";"8322,262289096576";"0,8889339946713094";"0,1425883034163289";"0,14225297962322184";"0,14470082127493156";"0,926867916171497";"222,734375";"222,15625";"226,4375";"1,0380672764946859";"230,609375";"228,078125";"230,8125";"0,6628473577965743";"0,35587500000019645";"0,3519579999999678";"0,35674999999991996";"0,7191139109811838";"0,8705420000000004";"0,8629590000000462";"0,8867079999999987";"1,3888480763500777";"1,3241250000000093";"1,309665999999993";"1,364500000000021";"2,1323654118005924";"0,8635839999997188";"0,8559999999999945";"0,8797500000000582";"1,4000514668158597";"118,38666078299626";"118,18433466643995";"118,38764132470189";"0,09896684578782343";"1987";"1987";"1987";"0";"1987";"1987";"1987";"0";"178,4503750000149";"176,82941700000083";"179,4461659999797";"0,7409939870517775"
"journal";"isr-hit";"rustyx";"3";"3";"0";"23372,878165092876";"22943,84727820749";"23717,12911696044";"1,6595462106613923";"0,10558379109126068";"0,10379864243855137";"0,10703577156404714";"1,5372878509258108";"81,171875";"78,390625";"86,359375";"4,933848865673418";"81,296875";"78,40625";"86,375";"4,9180789601668495";"0,1586250000000291";"0,15562500000010004";"0,16145800000049348";"1,8395097896386354";"0,24691699999993943";"0,23974999999995816";"0,24808299999999406";"1,8423759280813157";"0,3400000000001455";"0,33362499999975626";"0,3406249999998181";"1,145769489053927";"0,24175000000013824";"0,2346669999999449";"0,24295799999981682";"1,8678728748430904";"246,18058048803323";"245,58123960706018";"246,77970853846546";"0,24341263650845704";"1693";"1693";"1693";"0";"1693";"1693";"1693";"0";"28,309041999978945";"28,224374999990687";"29,212583000015";"1,9163784081763695"
"journal";"ssr";"next";"3";"3";"0";"4437,889900337671";"4375,697330396597";"4454,637848883014";"0,9404415092451216";"0,27981796061821296";"0,2796606365309512";"0,28515285838321985";"1,1104878603213755";"223,6875";"222,875";"228,125";"1,256534632362371";"245,5625";"243,125";"248,390625";"1,0725699815873633";"0,7645840000000135";"0,763915999999881";"0,7722920000001068";"0,6069712410674009";"1,7608750000008513";"1,748042000000055";"1,7917919999999867";"1,2728084718632005";"2,4430830000000014";"2,3587500000003274";"2,5311669999998685";"3,527149874767624";"1,744291000000203";"1,7286250000006476";"1,7742500000000518";"1,3254371690575943";"124,5786856333491";"124,18013013606515";"124,7742601182414";"0,24318231004260696";"1806,9975668003424";"1806,9691998354888";"1807,0051173856443";"0,0010480114797357845";"1806,9975668003424";"1806,9691998354888";"1807,0051173856443";"0,0010480114797357845";"179,05141700000968";"177,9953749999986";"180,15174999996088";"0,6021591029175547"
"journal";"ssr";"rustyx";"3";"3";"0";"12176,256552215322";"12113,106960239673";"12452,246234127064";"1,4726448097434708";"0,1468269609775325";"0,14437592342776387";"0,14792069073679692";"1,2400907836129311";"139,453125";"137,46875";"140,078125";"0,9801616833769167";"145,03125";"143,9375";"148,1875";"1,5144476604927162";"0,3211659999999483";"0,31708399999999415";"0,32283300000017334";"0,9232808635638243";"0,5139170000002196";"0,5007079999995767";"0,5154160000000729";"1,586961648308643";"0,7386670000000777";"0,7173750000000041";"0,7459589999999992";"2,023490541730425";"0,49137500000006185";"0,4770419999999831";"0,4934160000000247";"1,8311727960533422";"179,17791485273548";"178,78027456445437";"179,780454880199";"0,28094096001656454";"1489,0876691630535";"1489,0829247354432";"1489,1078884820454";"0,0008902865818252098";"1489,0876691630535";"1489,0829247354432";"1489,1078884820454";"0,0008902865818252098";"28,91116699995473";"28,154833000036888";"29,12799999996787";"1,7781973480039774"
"journal";"api-pages";"next";"3";"3";"0";"12751,32974009066";"12693,422789122376";"13006,928031696696";"1,3015130809503304";"0,09707976537749757";"0,09517073845728079";"0,09736423361114174";"1,2355794228426527";"215,390625";"211,484375";"216,796875";"1,282894551447876";"217,171875";"213,203125";"218,453125";"1,265625862206915";"0,2173330000000533";"0,21000000000003638";"0,21766700000000583";"2,0155098449498476";"0,6351670000003651";"0,6234160000000202";"0,6483750000002146";"1,9643724364823765";"0,9992500000000177";"0,9829589999999939";"1,0159999999999627";"1,653090030146884";"0,6317500000000109";"0,6200830000002497";"0,6453329999999369";"1,9983137830296034";"123,78789458372803";"123,58853817651016";"123,78960994191083";"0,09343271623213768";"35";"35";"35";"0";"35";"35";"35";"0";"182,56475000001956";"181,36137499997858";"183,35037499992177";"0,5491474562572416"
"journal";"api-pages";"rustyx";"3";"3";"0";"19315,663601212098";"18888,424246028528";"20033,40918303691";"2,9805649978762654";"0,11440581450727849";"0,11060643873221862";"0,11603409030755386";"2,4500397721121354";"135,78125";"133,171875";"136,890625";"1,4112299265668298";"135,84375";"133,265625";"137,578125";"1,600710511632463";"0,17550000000028376";"0,17079100000000835";"0,17895799999996598";"2,3414252922056793";"0,33491700000000435";"0,3090000000000259";"0,3489589999999225";"6,125070276125128";"0,8955410000000938";"0,8597909999998592";"0,9079589999998916";"2,8169753346350643";"0,33062500000005457";"0,30512499999986176";"0,3442920000002232";"6,085202462198557";"220,9824227045262";"219,1701124731064";"221,5824045401038";"0,569363656555985";"35";"35";"35";"0";"35";"35";"35";"0";"28,133333000005223";"27,594583000056446";"28,963875000015832";"2,4434772134321174"
"journal";"mixed";"next";"3";"3";"0";"6665,518520435626";"6579,988352404464";"6767,623173974026";"1,4081656171510997";"0,18901890189018902";"0,1857973958814295";"0,19128122328806155";"1,4604511626859558";"244,78125";"244,609375";"247,265625";"0,6053529879343383";"250,921875";"248,3125";"251,125";"0,6270804057604349";"0,3978750000005675";"0,3914170000007289";"0,4008750000002692";"1,2182853963561426";"1,5554590000001554";"1,5271250000005239";"1,5821249999999054";"1,7688701589454687";"2,2278750000004948";"2,2008329999999887";"2,2597500000000537";"1,322794551763464";"1,5517089999998461";"1,523332999999866";"1,5774579999997513";"1,7457145540947276";"125,86282212691226";"125,74067620311885";"125,99089912614593";"0,09941077826902223";"1495,0514388830848";"1495,041704170417";"1495,0569396989565";"0,0005160489487575743";"1495,0514388830848";"1495,041704170417";"1495,0569396989565";"0,0005160489487575743";"180,15791599999648";"179,70179200009443";"184,30770799994934";"1,3991043759405113"
"journal";"mixed";"rustyx";"3";"3";"0";"17652,530489926998";"17510,822200029997";"18118,22471457596";"1,7892272642195963";"0,12780751692298978";"0,12493618665231729";"0,12991277285251332";"1,9584936683004028";"239,1875";"237,15625";"245,5625";"1,822750650473903";"240,6875";"239,625";"247,140625";"1,6773348130947348";"0,2104170000002341";"0,2075829999994312";"0,21424999999999272";"1,587639921984882";"0,3544170000000122";"0,3421669999997903";"0,36629199999970297";"3,404814599674442";"0,6051659999998265";"0,5765000000001237";"0,6133330000000115";"3,2329587715170764";"0,3423750000000041";"0,3310829999991256";"0,3532920000000104";"3,2447122412343528";"226,36219047488905";"225,6126089324938";"227,48794669332443";"0,4167716447931826";"1264,766590194579";"1264,7657786914501";"1264,7987775432207";"0,0014881681444422856";"1264,766590194579";"1264,7657786914501";"1264,7987775432207";"0,0014881681444422856";"28,726708000001963";"27,90362500003539";"29,2255839999998";"2,332649461834915"
"journal";"api-upload";"next";"3";"3";"0";"9880,341157431318";"9608,066400383626";"9900,411772578178";"1,666964892686339";"0,13479871273301355";"0,13472842224331913";"0,13840614398401566";"1,5468236660529906";"244,421875";"242,859375";"245,8125";"0,6045867423073528";"246,6875";"244,828125";"246,859375";"0,4576575752340924";"0,284958999999958";"0,2847909999999274";"0,2959579999999278";"2,217603752779909";"0,8201669999998558";"0,8172910000002958";"0,8482079999999996";"2,061461483887152";"1,225999999999658";"1,2032499999999686";"1,3140410000005431";"4,689520881220044";"0,8170419999996739";"0,8142920000000231";"0,8450420000000065";"2,0613160196957687";"133,18572693847548";"132,9815421619479";"133,38668576786404";"0,15210006635375498";"35";"35";"35";"0";"35";"35";"35";"0";"178,2967499999795";"177,46320800000103";"183,0520410001045";"1,6787129655185296"
"journal";"api-upload";"rustyx";"3";"3";"0";"12301,202377078731";"11690,66375713256";"12324,08364260177";"2,967969360290036";"0,18029002471062558";"0,17995651186187647";"0,1885049606568594";"2,647124266572409";"212,890625";"202,234375";"219,828125";"4,187144473818067";"218,65625";"217,5";"221,125";"0,845153214492971";"0,27395800000022064";"0,27016600000001745";"0,283708999999817";"2,531881576924864";"0,7708750000001601";"0,7557090000000244";"0,8004590000000462";"2,9340436614605734";"1,2972909999999729";"1,2539170000000013";"1,362875000000031";"4,204431269569424";"0,7674580000000049";"0,7510830000001079";"0,7963749999998981";"2,97206404433601";"221,77840805339304";"220,37481115908452";"221,77991042166232";"0,3663626890620696";"35";"35";"35";"0";"35";"35";"35";"0";"28,240042000077665";"28,080957999976818";"28,803415999980643";"1,3378580488457787"
"journal";"capacity-1";"next";"1";"1";"0";"3910,113253260559";"3910,113253260559";"3910,113253260559";"";"0,24507714602335692";"0,24507714602335692";"0,24507714602335692";"";"208,203125";"208,203125";"208,203125";"";"241,46875";"241,46875";"241,46875";"";"0,20737499999995634";"0,20737499999995634";"0,20737499999995634";"";"0,45020900000008623";"0,45020900000008623";"0,45020900000008623";"";"0,6757500000003347";"0,6757500000003347";"0,6757500000003347";"";"0,42745800000000145";"0,42745800000000145";"0,42745800000000145";"";"95,82793967372011";"95,82793967372011";"95,82793967372011";"";"1494,8254198278066";"1494,8254198278066";"1494,8254198278066";"";"1494,8254198278066";"1494,8254198278066";"1494,8254198278066";"";"176,59675000002608";"176,59675000002608";"176,59675000002608";""
"journal";"capacity-1";"rustyx";"1";"1";"0";"8351,052472128433";"8351,052472128433";"8351,052472128433";"";"0,10118144807216413";"0,10118144807216413";"0,10118144807216413";"";"220,765625";"220,765625";"220,765625";"";"221,109375";"221,109375";"221,109375";"";"0,10029199999962657";"0,10029199999962657";"0,10029199999962657";"";"0,19058300000000372";"0,19058300000000372";"0,19058300000000372";"";"0,32108300000000156";"0,32108300000000156";"0,32108300000000156";"";"0,1767500000000055";"0,1767500000000055";"0,1767500000000055";"";"84,49715820565808";"84,49715820565808";"84,49715820565808";"";"1264,2228985391555";"1264,2228985391555";"1264,2228985391555";"";"1264,2228985391555";"1264,2228985391555";"1264,2228985391555";"";"30,34554200002458";"30,34554200002458";"30,34554200002458";""
"journal";"capacity-16";"next";"1";"1";"0";"6387,589958509989";"6387,589958509989";"6387,589958509989";"";"0,20344818592034222";"0,20344818592034222";"0,20344818592034222";"";"247,703125";"247,703125";"247,703125";"";"257,921875";"257,921875";"257,921875";"";"1,4512500000000728";"1,4512500000000728";"1,4512500000000728";"";"6,576000000000022";"6,576000000000022";"6,576000000000022";"";"9,312457999999992";"9,312457999999992";"9,312457999999992";"";"6,572583000000122";"6,572583000000122";"6,572583000000122";"";"129,95435894618512";"129,95435894618512";"129,95435894618512";"";"1494,9983567646523";"1494,9983567646523";"1494,9983567646523";"";"1494,9983567646523";"1494,9983567646523";"1494,9983567646523";"";"161,514542000019";"161,514542000019";"161,514542000019";""
"journal";"capacity-16";"rustyx";"1";"1";"0";"21806,435887219242";"21806,435887219242";"21806,435887219242";"";"0,18813712154789014";"0,18813712154789014";"0,18813712154789014";"";"253,546875";"253,546875";"253,546875";"";"254,71875";"254,71875";"254,71875";"";"0,630916999999954";"0,630916999999954";"0,630916999999954";"";"1,5385420000000067";"1,5385420000000067";"1,5385420000000067";"";"2,168166000000383";"2,168166000000383";"2,168166000000383";"";"1,5225420000001577";"1,5225420000001577";"1,5225420000001577";"";"410,260007904004";"410,260007904004";"410,260007904004";"";"1264,6963442404976";"1264,6963442404976";"1264,6963442404976";"";"1264,6963442404976";"1264,6963442404976";"1264,6963442404976";"";"27,939749999903142";"27,939749999903142";"27,939749999903142";""
"journal";"capacity-64";"next";"1";"1";"0";"6089,950677179807";"6089,950677179807";"6089,950677179807";"";"0,21869874248223073";"0,21869874248223073";"0,21869874248223073";"";"263,71875";"263,71875";"263,71875";"";"277,015625";"277,015625";"277,015625";"";"5,671374999999898";"5,671374999999898";"5,671374999999898";"";"28,204457999999704";"28,204457999999704";"28,204457999999704";"";"41,72191699999996";"41,72191699999996";"41,72191699999996";"";"28,200459000000137";"28,200459000000137";"28,200459000000137";"";"133,18645548780333";"133,18645548780333";"133,18645548780333";"";"1494,9463367960634";"1494,9463367960634";"1494,9463367960634";"";"1494,9463367960634";"1494,9463367960634";"1494,9463367960634";"";"199,51437499991152";"199,51437499991152";"199,51437499991152";""
"journal";"capacity-64";"rustyx";"1";"1";"0";"20810,593242195566";"20810,593242195566";"20810,593242195566";"";"0,2004448996575233";"0,2004448996575233";"0,2004448996575233";"";"249,671875";"249,671875";"249,671875";"";"250,171875";"250,171875";"250,171875";"";"2,213207999999895";"2,213207999999895";"2,213207999999895";"";"8,087750000000142";"8,087750000000142";"8,087750000000142";"";"11,36749999999995";"11,36749999999995";"11,36749999999995";"";"8,063833000000159";"8,063833000000159";"8,063833000000159";"";"417,1377274245422";"417,1377274245422";"417,1377274245422";"";"1264,638671062318";"1264,638671062318";"1264,638671062318";"";"1264,638671062318";"1264,638671062318";"1264,638671062318";"";"28,874499999918044";"28,874499999918044";"28,874499999918044";""
"journal";"capacity-128";"next";"1";"1";"0";"5831,233029450379";"5831,233029450379";"5831,233029450379";"";"0,229599840278372";"0,229599840278372";"0,229599840278372";"";"265,21875";"265,21875";"265,21875";"";"293,5";"293,5";"293,5";"";"12,402000000000015";"12,402000000000015";"12,402000000000015";"";"59,33050000000003";"59,33050000000003";"59,33050000000003";"";"85,78045800000001";"85,78045800000001";"85,78045800000001";"";"59,32733299999995";"59,32733299999995";"59,32733299999995";"";"133,88501721877742";"133,88501721877742";"133,88501721877742";"";"1494,9518553378398";"1494,9518553378398";"1494,9518553378398";"";"1494,9518553378398";"1494,9518553378398";"1494,9518553378398";"";"187,21974999993108";"187,21974999993108";"187,21974999993108";""
"journal";"capacity-128";"rustyx";"1";"1";"0";"20313,425164156986";"20313,425164156986";"20313,425164156986";"";"0,20413349838906697";"0,20413349838906697";"0,20413349838906697";"";"261,546875";"261,546875";"261,546875";"";"269,84375";"269,84375";"269,84375";"";"4,993124999999964";"4,993124999999964";"4,993124999999964";"";"18,082874999999945";"18,082874999999945";"18,082874999999945";"";"26,658000000000357";"26,658000000000357";"26,658000000000357";"";"18,05929100000003";"18,05929100000003";"18,05929100000003";"";"414,66505430238726";"414,66505430238726";"414,66505430238726";"";"1264,6214922240713";"1264,6214922240713";"1264,6214922240713";"";"1264,6214922240713";"1264,6214922240713";"1264,6214922240713";"";"29,294541000039317";"29,294541000039317";"29,294541000039317";""
"dashboard";"ppr-html";"next";"3";"3";"0";"790,2382289387918";"789,0365435720174";"833,6740837071557";"3,1619026316765977";"1,7429800151783457";"1,644689522896188";"1,7481631618951101";"3,4055966310354977";"262,46875";"259,765625";"262,59375";"0,610817968501599";"283,40625";"275,421875";"284,578125";"1,7723288263557655";"4,900290999999925";"4,654540999999881";"4,907208999999966";"2,985521662956261";"7,107540999999856";"6,89545899999996";"7,220625000000155";"2,3333749825835546";"9,233124999999973";"8,847374999999943";"10,08479100000001";"6,744026966470521";"1,8638329999999996";"1,835458000000017";"1,8855419999999867";"1,3491447045431944";"137,73694402702444";"137,11350309832386";"137,9364618861647";"0,31199499344663767";"8771,438401214267";"8771,437547504434";"8771,467753536323";"0,00019607154977431814";"8771,438401214267";"8771,437547504434";"8771,467753536323";"0,00019607154977431814";"190,02895800000988";"171,94041599996854";"230,51566699997056";"15,18664035625353"
"dashboard";"ppr-html";"rustyx";"3";"3";"0";"1230,8709920800625";"1227,0460807230095";"1246,1469114506308";"0,8185317425803839";"1,6046776027286016";"1,5867158671586716";"1,6129032258064515";"0,8362469996899532";"257,546875";"241,78125";"272,3125";"5,9360615700780155";"283,515625";"281,859375";"292,421875";"1,986773946516166";"3,0641669999999976";"3,0284999999998945";"3,066041999999925";"0,692927411731506";"4,5214579999999955";"4,462291999999991";"4,64449999999988";"2,0461468375109617";"6,27537499999994";"5,9076670000004015";"6,535624999999982";"5,056572498730379";"1,4747089999999616";"1,4680830000000924";"1,4821660000000065";"0,47767131833637166";"197,72810772094877";"197,51511128392104";"197,91065818113057";"0,10012678842432476";"7310,813220724379";"7310,812642554578";"7310,8154981549815";"0,000020650427887647586";"7310,813220724379";"7310,812642554578";"7310,8154981549815";"0,000020650427887647586";"28,18570799997542";"26,811290999990888";"29,277958000078797";"4,399956125238314"
"dashboard";"ppr-flight";"next";"3";"3";"0";"1410,0618092358388";"1364,7118414681572";"1417,8148194630517";"2,0524840141686953";"0,929968812021548";"0,9275444037214547";"0,9688277476950096";"2,4590259668495844";"257,109375";"256,03125";"257,8125";"0,34911843424224703";"264,734375";"261,3125";"266,40625";"0,9829580412277379";"2,68420900000001";"2,617999999999938";"2,7690419999998994";"2,814140897568762";"4,488875000000007";"4,4535000000000196";"4,4995420000000195";"0,5378836995699156";"5,6666660000000775";"5,611000000000004";"5,780875000000037";"1,5230339767217311";"4,444083999999748";"4,412666999999942";"4,463166000000001";"0,5743131537995423";"131,50862013062982";"131,13135056120078";"132,21706996223037";"0,4187949854846952";"4649,842642472356";"4649,837553051369";"4649,843529743445";"0,00006936084880686713";"4649,842642472356";"4649,837553051369";"4649,843529743445";"0,00006936084880686713";"189,0626250000205";"186,5884579999838";"205,0989169999957";"5,191161078884835"
"dashboard";"ppr-flight";"rustyx";"3";"3";"0";"1645,1926234698117";"1362,0600709379082";"1669,5502072405534";"10,964701996628083";"1,175398079494348";"1,154629296921787";"1,4050800176185583";"11,163600787594056";"232,109375";"229,96875";"235,953125";"1,3032268716579738";"247,65625";"247,46875";"247,65625";"0,04372209535703338";"2,297625000000153";"2,2842499999997017";"2,752083000000084";"10,894245122440418";"3,347250000000031";"3,206583000000137";"4,0932920000000195";"13,427663600667225";"4,776166999999987";"4,750167000000147";"6,113749999999982";"14,959021022572037";"3,286292000000003";"3,1556659999999965";"4,0259170000000495";"13,4496710721577";"192,7711581961784";"191,38033884709708";"193,37562500246844";"0,5314777201967839";"3572,865078400389";"3572,8370283365143";"3572,8670499461014";"0,00047001067977822994";"3572,865078400389";"3572,8370283365143";"3572,8670499461014";"0,00047001067977822994";"28,949416000046767";"28,76325000007637";"28,956958000082523";"0,37980433925417756"
"dashboard";"api-session";"next";"3";"3";"0";"6034,135885489438";"5560,94620639076";"6169,531852727671";"5,396154653688963";"0,21538155671162065";"0,20969728398262785";"0,2340043134435658";"5,787353706020851";"252,015625";"248,671875";"258,28125";"1,928206807881605";"261,296875";"259,03125";"266,421875";"1,4438053486823574";"0,5137919999999667";"0,4997089999997115";"0,5711670000000595";"7,165843988025168";"1,3969580000000406";"1,3804999999999836";"1,5303330000000415";"5,722297517115161";"1,9679999999998472";"1,8699160000000035";"2,161000000000058";"7,40627352989789";"1,386874999999975";"1,3695000000000164";"1,5161669999999958";"5,626730215982005";"129,96415804261687";"129,37340729613027";"130,12853991230716";"0,3058968695743725";"26,631863216143675";"26,600647016534868";"26,639917028586243";"0,07790772271869498";"26,631863216143675";"26,600647016534868";"26,639917028586243";"0,07790772271869498";"196,52304100000765";"186,42470800003503";"234,63791699998546";"12,351547977793564"
"dashboard";"api-session";"rustyx";"3";"3";"0";"10084,083524558046";"9289,27630782858";"10166,999700282584";"4,921348382733078";"0,19374925633601714";"0,1917743553431286";"0,20623439249117367";"3,97501762773318";"167,828125";"165,875";"170,84375";"1,4884069018576818";"171,875";"171,125";"174,3125";"0,9664582548730252";"0,35599999999999454";"0,3527910000002521";"0,3837079999999844";"4,668050890521222";"0,6447920000000522";"0,6389580000000024";"0,7336250000000177";"7,889283084699997";"1,0942500000001019";"1,0872080000000324";"1,2026670000000195";"5,737667319273246";"0,6197499999999536";"0,6173750000002656";"0,7074590000000001";"7,920175324010793";"194,9769813295474";"191,57682560276803";"195,37836837134037";"1,0767316067813126";"26,77967715067624";"26,760828381985707";"26,781475580732085";"0,04271648288819742";"26,77967715067624";"26,760828381985707";"26,781475580732085";"0,04271648288819742";"29,00237499992363";"28,87433400005102";"30,079708999954164";"2,2581544979951453"
"dashboard";"static";"next";"3";"3";"0";"8740,277166309384";"8528,11172552765";"8744,19667688258";"1,4259340543681858";"0,13796417049900472";"0,13790422174449984";"0,1425724000468988";"1,920010729842065";"234,6875";"228,546875";"240,8125";"2,613241124905778";"240,484375";"237,953125";"245,828125";"1,6652733137576778";"0,33379100000001927";"0,33266600000001745";"0,3456670000000486";"2,1351239446888712";"0,8588750000001255";"0,8584169999999176";"0,9351250000000846";"4,994210758676039";"1,272291000000024";"1,2591659999998228";"1,3606249999999704";"4,253261686220329";"0,8454160000001139";"0,8451250000000528";"0,9233750000000782";"5,175440469674892";"120,58616375063339";"120,5845089181266";"121,58733565765765";"0,4784223841706978";"7507";"7507";"7507";"0";"7507";"7507";"7507";"0";"196,64620800002012";"195,907125000027";"222,9421249999432";"7,506023294446733"
"dashboard";"static";"rustyx";"3";"3";"0";"18243,163588226136";"18137,6895838999";"18543,179478167676";"1,149109887803097";"0,13848460792096676";"0,136318536732669";"0,13877926861352274";"0,9747108300179104";"8,21875";"8,140625";"8,328125";"1,1445026151914637";"8,265625";"8,15625";"8,328125";"1,0545008262935647";"0,2041669999998703";"0,20108299999992596";"0,20458400000006804";"0,9407442372310343";"0,31399999999985084";"0,30712500000004184";"0,31900000000041473";"1,902551259360145";"0,4191249999998945";"0,412916000000223";"0,4204580000000533";"0,964105275675833";"0,3026249999999209";"0,29587499999990996";"0,30687499999976353";"1,8380714334337986";"252,77790928350746";"251,17908306185802";"253,17728999708729";"0,4189749509208075";"5447";"5447";"5447";"0";"5447";"5447";"5447";"0";"27,84562499995809";"27,329166000010446";"28,542833000072278";"2,1825962885669083"
"dashboard";"mixed";"next";"3";"3";"0";"1692,918864173534";"1674,3778466096987";"1701,5161137019363";"0,8208689137242718";"0,7846755739278068";"0,7806991774383079";"0,7925373134328358";"0,7664912815657694";"284,859375";"282,84375";"286,46875";"0,6379126117370265";"289,90625";"289,5";"292,546875";"0,5691901886831574";"1,1104170000000977";"1,1085840000000644";"1,1138750000000073";"0,24184230155639067";"6,18158399999993";"6,180624999999964";"6,353707999999983";"1,5973649186851457";"7,903166999999939";"7,8131249999999";"7,928292000000056";"0,7683297513885214";"1,8079170000000886";"1,8042919999999754";"1,8172500000000582";"0,36938754370930726";"132,8372230365128";"132,70069202235075";"132,8392081358579";"0,05979670935212207";"5435,026721783421";"5435,016044776119";"5435,031653936545";"0,00014680395657842783";"5435,026721783421";"5435,016044776119";"5435,031653936545";"0,00014680395657842783";"195,51195800001733";"190,76983300002757";"214,94837500003632";"6,392827515958257"
"dashboard";"mixed";"rustyx";"3";"3";"0";"3155,7693758546534";"3100,363410261707";"3231,6465909880885";"2,0839564612457737";"0,7036787708391082";"0,6906953360662077";"0,7452039335805255";"3,9922576620129036";"278";"274,15625";"279,46875";"0,9896181118171187";"297,25";"297,203125";"297,3125";"0,018459961370267446";"0,4845419999999194";"0,47745899999995345";"0,49679199999991397";"2,01143728877039";"3,7450830000000224";"3,6241660000000593";"3,774541999999883";"2,145284124736511";"4,833499999999731";"4,729334000000108";"4,85220900000013";"1,3778376525246327";"1,1734999999998763";"1,1426249999999527";"1,1798749999998108";"1,7096084237791689";"223,20832282097325";"222,06479154531021";"231,04030088561566";"2,167106347162186";"4262,464380469647";"4262,44893599871";"4262,64854203728";"0,002605335885590529";"4262,464380469647";"4262,44893599871";"4262,64854203728";"0,002605335885590529";"28,753082999959588";"28,67662499996368";"28,841749999905005";"0,287363955558837"
"dashboard";"capacity-1";"next";"1";"1";"0";"835,0979567553467";"835,0979567553467";"835,0979567553467";"";"1,0057872680103772";"1,0057872680103772";"1,0057872680103772";"";"236,09375";"236,09375";"236,09375";"";"276,625";"276,625";"276,625";"";"0,41762499999992997";"0,41762499999992997";"0,41762499999992997";"";"3,15949999999998";"3,15949999999998";"3,15949999999998";"";"3,6716250000000628";"3,6716250000000628";"3,6716250000000628";"";"0,6407499999999686";"0,6407499999999686";"0,6407499999999686";"";"83,99308924460082";"83,99308924460082";"83,99308924460082";"";"5435,443823588106";"5435,443823588106";"5435,443823588106";"";"5435,443823588106";"5435,443823588106";"5435,443823588106";"";"172,88970800000243";"172,88970800000243";"172,88970800000243";""
"dashboard";"capacity-1";"rustyx";"1";"1";"0";"1687,3890678227945";"1687,3890678227945";"1687,3890678227945";"";"0,784120086904997";"0,784120086904997";"0,784120086904997";"";"210,5";"210,5";"210,5";"";"239,515625";"239,515625";"239,515625";"";"0,3186670000000049";"0,3186670000000049";"0,3186670000000049";"";"1,443916999999999";"1,443916999999999";"1,443916999999999";"";"1,8130419999999958";"1,8130419999999958";"1,8130419999999958";"";"0,4517080000000533";"0,4517080000000533";"0,4517080000000533";"";"132,31156625037514";"132,31156625037514";"132,31156625037514";"";"4261,584633616433";"4261,584633616433";"4261,584633616433";"";"4261,584633616433";"4261,584633616433";"4261,584633616433";"";"29,149957999936305";"29,149957999936305";"29,149957999936305";""
"dashboard";"capacity-16";"next";"3";"3";"0";"1611,700315120451";"1607,358615317523";"1698,3555437508448";"3,131504550097799";"0,8695652173913043";"0,8254901960784313";"0,8740679370339686";"3,1342754532488577";"282,28125";"280,140625";"293,21875";"2,459507261086892";"313,53125";"304,78125";"316,609375";"1,9691041666415525";"4,9386670000003505";"4,678207999999813";"4,9503330000000005";"3,1685077067445375";"24,194541999999956";"23,276791000000003";"24,475625000000036";"2,6142617159149144";"28,642542000000006";"28,622999999999934";"29,46387500000037";"1,6601204358081814";"6,247707999999989";"6,06145800000013";"6,255041999999975";"1,7729266774012356";"140,1975850821776";"140,14785348873488";"140,49406289643633";"0,1334381047086106";"5434,671073014561";"5434,6701532725765";"5434,910392156863";"0,002547260277806458";"5434,671073014561";"5434,6701532725765";"5434,910392156863";"0,002547260277806458";"173,3788329999661";"171,90066599997226";"199,014542000019";"8,402858367525468"
"dashboard";"capacity-16";"rustyx";"3";"3";"0";"2935,073706383115";"2901,00328359503";"3282,0376017688386";"6,93710159421769";"0,7859370569889425";"0,701389593265037";"0,7966938353805533";"6,8558779599649995";"271,625";"259,125";"276,84375";"3,382383085961636";"303,140625";"299,3125";"312,03125";"2,1405949484463873";"2,0157919999999194";"1,779500000000013";"2,0456669999999804";"7,489243598356657";"16,44379200000003";"14,077249999999822";"17,03779200000001";"9,879643622646396";"20,281667000000084";"16,260459";"20,649374999999964";"12,771540567461688";"5,5776670000000195";"4,831042000000252";"5,5940410000002885";"8,171116975637839";"230,6783190840373";"230,19870185852034";"231,12114324589035";"0,2000047098004629";"4262,316955573413";"4262,220458464347";"4262,329231641622";"0,0013976875545541078";"4262,316955573413";"4262,220458464347";"4262,329231641622";"0,0013976875545541078";"28,81291700003203";"26,57391700008884";"29,07350000005681";"4,880760161139137"
"dashboard";"capacity-64";"next";"3";"3";"0";"1641,3519082064772";"1613,4854005033371";"1645,2536478666634";"1,060710385023387";"0,8910690806109032";"0,8892025405786874";"0,9026421301531818";"0,8141063953933517";"326,109375";"323,5625";"334,1875";"1,6914829253775205";"342,734375";"341,8125";"351,359375";"1,5250358185083641";"18,879417000000103";"18,67470800000001";"19,291833000000224";"1,6588737039350638";"96,9190000000001";"95,75620800000002";"98,2784999999999";"1,3016748575304307";"118,85612500000002";"114,00916700000016";"119,34887499999999";"2,5134765215417065";"24,109959000000003";"24,105666999999983";"24,295709000000016";"0,4489078720608725";"146,25579358044973";"145,63998988813918";"146,29637235793902";"0,2518131900923648";"5435,224216150822";"5434,67785981592";"5435,22864192454";"0,0058274476405694026";"5435,224216150822";"5434,67785981592";"5435,22864192454";"0,0058274476405694026";"194,73375000001397";"177,39441700000316";"215,0080420000013";"9,619175363409884"
"dashboard";"capacity-64";"rustyx";"3";"3";"0";"2878,562157623479";"2871,7127020939097";"2886,475045767325";"0,25660878292856276";"0,8039249440523326";"0,8000230388204124";"0,8100189578905038";"0,6260890761800586";"272,984375";"272,78125";"274,65625";"0,3762403577830851";"302,125";"298,953125";"310,921875";"2,039724700454149";"2,293999999999869";"2,2896670000000086";"2,3269579999996495";"0,8853557687747887";"74,47745800000007";"72,53425000000004";"74,84012499999994";"1,6767079374777443";"82,26016600000003";"81,65779100000009";"83,61712499999999";"1,2163029149010485";"61,798749999999984";"60,12120799999991";"62,262833";"1,835110696547417";"232,05092896769509";"229,74363225483472";"233,16899191412105";"0,754031489454817";"4262,313443151711";"4262,142078384117";"4262,316079738036";"0,002339308077750637";"4262,313443151711";"4262,142078384117";"4262,316079738036";"0,002339308077750637";"28,9861249999376";"28,841666999971494";"29,04508299997542";"0,36142448916139946"
"dashboard";"capacity-128";"next";"3";"3";"0";"1661,1408148255432";"1621,0048823658888";"1666,1534896299588";"1,5003199479267635";"0,8872806582730247";"0,8866553885958802";"0,9115008156606852";"1,5826993684574253";"371,46875";"368,390625";"375,734375";"0,9917163995070729";"384,46875";"381,828125";"384,640625";"0,4109325464201323";"36,955375000000004";"36,89579100000003";"38,02249999999981";"1,7001472271668614";"189,52879199999984";"188,6949169999998";"195,54600000000028";"1,954484790997531";"222,166917";"219,9195";"222,589084";"0,6476959214675146";"49,83004200000005";"49,34091600000011";"50,53379100000001";"1,2016588609730436";"147,75472724664607";"147,2859454681619";"147,8345765062767";"0,20078089063729668";"5435,226753670473";"5434,687929147179";"5435,229106771091";"0,005736324485886061";"5435,226753670473";"5434,687929147179";"5435,229106771091";"0,005736324485886061";"193,74354199995287";"177,98945800005458";"202,7874169999268";"6,552968083746796"
"dashboard";"capacity-128";"rustyx";"3";"3";"0";"2826,756570860232";"2692,3065841593175";"2833,492143430761";"2,8604552089277964";"0,8177448311808653";"0,7976597346926954";"0,8421052631578947";"2,717019755975896";"264,96875";"261,34375";"270,125";"1,6622095873376121";"315,078125";"310,234375";"315,8125";"0,9661396814517598";"2,4466250000004948";"2,4060840000001917";"2,5136249999995925";"2,211830759880336";"157,39995799999997";"152,410708";"180,77370799999994";"9,25958136326471";"176,87675000000002";"164,98362499999996";"217,14645800000005";"14,671147147102499";"144,22304099999997";"139,34974999999997";"164,9848750000001";"9,104841451743265";"226,7205544555215";"226,01625913828178";"231,1565574827502";"1,2224620434560216";"4262,255917249772";"4262,062489141136";"4262,307594276777";"0,0030313775119834366";"4262,255917249772";"4262,062489141136";"4262,307594276777";"0,0030313775119834366";"28,62866699998267";"28,37237500003539";"28,88912499998696";"0,9024704729907783"
"dashboard";"sustained";"next";"1";"1";"0";"2050,2947567291817";"2050,2947567291817";"2050,2947567291817";"";"0,6243907194384871";"0,6243907194384871";"0,6243907194384871";"";"343,453125";"343,453125";"343,453125";"";"343,5625";"343,5625";"343,5625";"";"14,331458000000566";"14,331458000000566";"14,331458000000566";"";"71,7392920000002";"71,7392920000002";"71,7392920000002";"";"87,36075000000028";"87,36075000000028";"87,36075000000028";"";"18,824249999999893";"18,824249999999893";"18,824249999999893";"";"128,01850182150918";"128,01850182150918";"128,01850182150918";"";"5436,097330538766";"5436,097330538766";"5436,097330538766";"";"5436,097330538766";"5436,097330538766";"5436,097330538766";"";"195,81962500000373";"195,81962500000373";"195,81962500000373";""
"dashboard";"sustained";"rustyx";"1";"1";"0";"3740,707884190439";"3740,707884190439";"3740,707884190439";"";"0,577138837441231";"0,577138837441231";"0,577138837441231";"";"328,375";"328,375";"328,375";"";"331,765625";"331,765625";"331,765625";"";"1,735000000000582";"1,735000000000582";"1,735000000000582";"";"52,60066700000061";"52,60066700000061";"52,60066700000061";"";"59,22670800000196";"59,22670800000196";"59,22670800000196";"";"44,05987499999901";"44,05987499999901";"44,05987499999901";"";"215,89077994889166";"215,89077994889166";"215,89077994889166";"";"4263,62434997863";"4263,62434997863";"4263,62434997863";"";"4263,62434997863";"4263,62434997863";"4263,62434997863";"";"29,509499999927357";"29,509499999927357";"29,509499999927357";""
"portail";"ssr";"next";"3";"3";"0";"1654,878319125742";"1635,9816794845558";"1667,9252650212916";"0,9716581563088913";"0,8023199613339778";"0,7936698237621388";"0,8103153263260816";"1,0378855108980927";"271,484375";"268,5625";"278,796875";"1,931437643706376";"287,9375";"287,78125";"288,84375";"0,19906267350559334";"2,193457999999964";"2,1771249999999327";"2,220916999999872";"1,0072202069910787";"3,606499999999869";"3,5555830000000697";"3,627707999999984";"1,030648161510508";"4,848750000000109";"4,621166999999787";"5,172916000000214";"5,680864122740904";"3,5679589999999735";"3,5214999999999463";"3,586166999999932";"0,9370731409382939";"132,5661028475019";"132,37819511378672";"132,77419090134035";"0,14941491140269586";"6346,7317544707585";"6346,728672696162";"6346,733844862726";"0,000040995440233173933";"6346,7317544707585";"6346,728672696162";"6346,733844862726";"0,000040995440233173933";"173,04941600002348";"172,89891700004227";"177,69375000009313";"1,5616917008583773"
"portail";"ssr";"rustyx";"3";"3";"0";"3895,562292051817";"3886,502988335667";"3909,916579425216";"0,302929709185834";"0,49289977361597037";"0,4817675037078709";"0,49532902166102044";"1,47576335177719";"249,203125";"249,03125";"253,671875";"1,049753439468479";"252,015625";"250,828125";"254,765625";"0,799789138572656";"0,9013330000002497";"0,9011249999994106";"0,90237500000012";"0,07428559810588557";"1,6756250000003092";"1,6663330000001224";"1,6760419999998248";"0,32816326515234584";"2,607082999999875";"2,423791999999594";"2,6275840000002972";"4,395547975360133";"1,611417000000074";"1,6064580000000035";"1,6137920000000037";"0,23234836274114223";"191,56564431084425";"188,36707501757036";"192,9585058941589";"1,2327735314180985";"4324,397289805975";"4324,3911298621115";"4324,406740653608";"0,0001818286692986967";"4324,397289805975";"4324,3911298621115";"4324,406740653608";"0,0001818286692986967";"28,87362499977462";"28,860792000079527";"29,022499999962747";"0,31082328583480273"
"portail";"ssr-search";"next";"3";"3";"0";"1290,7508850791796";"1276,1238998748213";"1303,0888549586573";"1,046417616352445";"1,056545313710302";"1,0464937854841185";"1,0670636164211846";"0,9733878392535106";"272,125";"257,984375";"273,59375";"3,2173919705295755";"451";"273,015625";"457,25";"26,567326819933083";"2,8526670000001104";"2,8503330000000915";"2,870541000000003";"0,3868329750379046";"4,417374999999993";"4,407666000000063";"4,436416999999892";"0,3308638522814348";"5,9809999999999945";"5,689333999999917";"6,045208000000002";"3,211849348098206";"4,368957999999992";"4,367165999999997";"4,395082999999886";"0,35700352821998177";"136,36743886478507";"136,17053836019326";"136,3736798797832";"0,08475498505358038";"11842,140201394268";"11842,13036665622";"11842,148381156974";"0,00007616792093078834";"11842,140201394268";"11842,13036665622";"11842,148381156974";"0,00007616792093078834";"173,26983399991877";"172,05875000008382";"187,26004100008868";"4,758976004419321"
"portail";"ssr-search";"rustyx";"3";"3";"0";"2905,7202555623116";"2866,337446099334";"2925,3462096950416";"1,0365356057782158";"0,637214423341591";"0,6356801093643198";"0,6424834321590512";"0,5589112675951244";"244,640625";"243,53125";"245,6875";"0,44079669444111697";"250,328125";"249,390625";"252,703125";"0,6807792001549282";"1,2232500000000073";"1,221458999999868";"1,2511670000003505";"1,352236173722547";"2,0488330000000587";"2,013792000000194";"2,0680419999998776";"1,3460524900924198";"2,953208000000018";"2,9495000000000005";"3,0369160000000193";"1,6589295926749719";"1,9740830000000003";"1,9406670000003032";"1,9961249999998927";"1,4171869567749813";"185,15668570401186";"184,157432009591";"185,95843985074427";"0,48749407620141305";"9781,177401596477";"9781,124869201256";"9781,203007518798";"0,00040726109431259556";"9781,177401596477";"9781,124869201256";"9781,203007518798";"0,00040726109431259556";"28,861624999903142";"28,842125000199303";"29,016000000061467";"0,3295370467013477"
"portail";"api-fast";"next";"3";"3";"0";"6465,733322760243";"6354,404799616329";"6563,389858474243";"1,6183901985238796";"0,19824946648934524";"0,19621583742116327";"0,20172457200402819";"1,4017125033498763";"258,6875";"252,484375";"260,421875";"1,6225414294869356";"264,5625";"263,84375";"264,828125";"0,19260615385458485";"0,47695900000007896";"0,47137500000008004";"0,4907499999999345";"2,0790290651032763";"1,2977079999999432";"1,2684999999999604";"1,299874999999929";"1,3596969129919354";"1,8153330000000096";"1,7246250000002874";"1,8171250000000043";"2,9621633646723247";"1,2856669999999895";"1,25733299999996";"1,2876670000000559";"1,3286581708570553";"128,18395885429464";"128,18281816995997";"128,7841037402094";"0,2701462607908732";"38,656388210187735";"38,65036505538772";"38,661497212150756";"0,01441514525830972";"38,656388210187735";"38,65036505538772";"38,661497212150756";"0,01441514525830972";"172,79287499981";"169,983959000092";"173,2513339999132";"1,0284258535190158"
"portail";"api-fast";"rustyx";"3";"3";"0";"15740,802216763153";"12666,031662440599";"16162,181775548668";"12,846546873087748";"0,1328912096149204";"0,13091305047205415";"0,167361374257926";"14,26107364230698";"171,0625";"170,328125";"173,53125";"0,9776222668993639";"177,046875";"170,96875";"178,15625";"2,2061727220176137";"0,2296249999999418";"0,2263329999996131";"0,2905000000000655";"14,52219366618631";"0,4788340000000062";"0,44720900000001507";"0,571292000000085";"12,918743158354072";"0,8182499999998072";"0,788749999999709";"0,9637080000002243";"10,930624350529513";"0,45479199999999764";"0,4217079999998532";"0,5467919999998685";"13,661272841832732";"211,58405185209165";"209,18142468948759";"211,98044654204617";"0,718113110206296";"38,85885073242622";"38,82458633320702";"38,862528923370085";"0,05386373479683552";"38,85885073242622";"38,82458633320702";"38,862528923370085";"0,05386373479683552";"28,44854100001976";"27,683916999958456";"28,62387500004843";"1,7691378400818853"
"portail";"api-async";"next";"3";"3";"0";"116,31836925231464";"116,12235543044677";"116,38048134697257";"0,11587060604746664";"1,4383561643835616";"1,3527397260273972";"1,4726027397260273";"4,344037681281914";"128,875";"127,5";"129,53125";"0,805845154554826";"139,96875";"136,3125";"140,046875";"1,5376193272891736";"34,11908399999993";"34,055124999999975";"34,13070800000014";"0,11934742676855574";"36,61087500000008";"36,60545900000011";"36,800792";"0,30334839079535414";"38,12554200000022";"37,17416600000024";"38,396749999999884";"1,6941203789746409";"36,5029999999997";"36,49545799999987";"36,673541000000114";"0,2754842811753486";"16,73072434451101";"15,74325004522403";"17,100209875031545";"4,24540575908083";"41,81164383561644";"41,81164383561644";"41,81164383561644";"0";"41,81164383561644";"41,81164383561644";"41,81164383561644";"0";"177,5938750000205";"173,94016600004397";"191,04475000011735";"4,980546773084865"
"portail";"api-async";"rustyx";"3";"3";"0";"118,16688528445327";"118,06251829146385";"118,69202287750187";"0,2851701378380338";"1,0641891891891893";"0,9899328859060402";"1,0641891891891893";"4,124530207800539";"84,03125";"82,1875";"84,171875";"1,3267099409913032";"92,171875";"91,78125";"93,046875";"0,7018879941700431";"33,57229199999995";"33,50141699999995";"33,608834000000115";"0,16273520488285464";"35,68925000000036";"35,3175839999999";"35,81320800000003";"0,72436570174406";"36,64154199999996";"36,268790999999965";"37,150709";"1,2067319570927841";"35,580667000000176";"35,20408300000008";"35,63079199999993";"0,6575387647777297";"12,564085561422672";"11,749713674115117";"12,575192183987426";"3,850064108426735";"41,814189189189186";"41,814189189189186";"41,81543624161074";"0,0017218530545944422";"41,814189189189186";"41,814189189189186";"41,81543624161074";"0,0017218530545944422";"29,55608300003223";"28,80770800006576";"29,955666000023484";"1,9794395100052526"
"portail";"stream";"next";"3";"3";"0";"46,77909881805278";"46,7204534818349";"46,836352796194426";"0,12388358285353933";"4,194915254237288";"4,1525423728813555";"4,279661016949152";"1,5377770788442424";"140,015625";"139,671875";"143,203125";"1,3813051446318185";"156,40625";"155,671875";"158,796875";"1,0410498284560166";"85,11274999999978";"84,96587500000001";"85,40595800000028";"0,2630995623366917";"88,97462500000029";"88,97004199999992";"89,29491599999983";"0,20909012169405625";"91,44200000000001";"91,12983399999939";"91,49812500000007";"0,21719865514427525";"11,884958000000097";"11,393583999999919";"12,306167000000642";"3,8505935669415243";"19,62343552113231";"19,448993957741752";"19,994770346039513";"1,415732879086244";"7521,067796610169";"7521,067796610169";"7521,067796610169";"0";"7521,067796610169";"7521,067796610169";"7521,067796610169";"0";"185,87016599997878";"182,27570800017565";"192,08649999997579";"2,657884224009499"
"portail";"stream";"rustyx";"3";"3";"0";"46,6208820052477";"46,55021791836563";"46,74880700268413";"0,21582565258921244";"3,559322033898305";"3,389830508474576";"3,6440677966101696";"3,6660605559646746";"129,90625";"127,984375";"130,453125";"1,0016568864740945";"140,796875";"138,671875";"141,171875";"0,9615505924661603";"85,76762499999995";"85,57845799999996";"85,94329200000038";"0,21274717283545264";"87,66708299999982";"87,1712500000001";"88,182458";"0,5767249066282925";"88,26137500000004";"87,56579099999999";"89,48141599999963";"1,0965013972938167";"6,751625000000331";"6,28933300000017";"6,856291999999939";"4,548762545377917";"16,593873256105116";"15,84705322124886";"16,96321500415019";"3,45286698892141";"5065,838983050848";"5065,838983050848";"5065,838983050848";"0";"5065,838983050848";"5065,838983050848";"5065,838983050848";"0";"29,03554099984467";"28,537458000006154";"29,098958999849856";"1,0644091122088624"
"portail";"proxy";"next";"3";"3";"0";"1227,7256988693841";"1217,8053946979273";"1231,7403390362604";"0,5851901532059217";"1,1136363636363635";"1,110568311349943";"1,1280788177339902";"0,8368070881217906";"270,125";"267,921875";"275,65625";"1,4691141674423038";"287,5625";"281,796875";"288,859375";"1,3141768397111964";"3,047375000000102";"3";"3,0931249999998727";"1,5283035801774507";"4,805832999999893";"4,803041000000007";"4,9274580000000014";"1,4661179684197545";"6,756666999999993";"6,483249999999998";"7,184792000000016";"5,193748325338664";"4,77308400000004";"4,765792000000147";"4,874374999999986";"1,2633169288994086";"137,17108321085627";"136,34732561943008";"137,3780469880913";"0,3980943031694012";"6308,638495359062";"6308,635467980295";"6308,63961038961";"0,00003397741894287064";"6308,638495359062";"6308,635467980295";"6308,63961038961";"0,00003397741894287064";"177,45645800000057";"170,98412499995902";"183,362917000195";"3,4927663789692254"
"portail";"proxy";"rustyx";"3";"3";"0";"3206,4071888268295";"3195,6133122390247";"3234,4306452917435";"0,6237513495644396";"0,6136958962205313";"0,6088515267647422";"0,614479694637382";"0,497835332378322";"256,578125";"252,375";"257,78125";"1,1106056956312957";"259,90625";"256,203125";"260,21875";"0,8631722094905487";"1,0883750000002692";"1,0838749999998072";"1,0902500000001965";"0,30127223960874255";"2,023624999999811";"2,0026669999997466";"2,048041000000012";"1,1215528123290537";"3,265375000000006";"2,9384580000000113";"3,2846250000000055";"6,150868587886717";"1,9583330000004935";"1,9394170000000486";"1,9857919999999467";"1,1889918039691698";"196,77589333950357";"196,36394922837886";"196,92880366005485";"0,14853796129095215";"3777,6130722215294";"3777,6018396846257";"3777,6432191865497";"0,0005664440926315765";"3777,6130722215294";"3777,6018396846257";"3777,6432191865497";"0,0005664440926315765";"27,940291999839246";"27,779250000137836";"29,422416999936104";"3,191541149537264"
"portail";"export-gzip";"next";"3";"3";"0";"2365,721471810908";"2342,856221401103";"2381,2932721625493";"0,818075935030039";"0,5045638945233266";"0,5012594458438288";"0,5094726062467998";"0,8181789597323206";"283,78125";"282,296875";"294,546875";"2,3304101085252116";"308,5";"305,171875";"317,890625";"2,1241062049128425";"1,4358330000000024";"1,4292500000000246";"1,4471659999999247";"0,6304602165068584";"2,947584000000006";"2,9442500000004657";"3,0059589999999616";"1,1701325306476245";"3,8174999999999955";"3,7779580000000124";"3,980374999999867";"2,780486183354964";"2,7880830000001424";"2,7808750000003783";"2,8328339999998207";"1,0051226228138819";"119,36457459958372";"119,36210651787495";"119,3657639174368";"0,0015629369722560417";"141815";"141815";"141815";"0";"141815";"141815";"141815";"0";"171,38849999988452";"171,32458300003782";"176,8743330000434";"1,8394548871647203"
"portail";"export-gzip";"rustyx";"3";"3";"0";"2991,0880211486265";"2822,863915086657";"3047,9395115078564";"3,9621409833055665";"0,7206364061768835";"0,707209866824116";"0,7656891911035557";"4,189378907039406";"218,0625";"217,9375";"222,015625";"1,0573902977805285";"232,921875";"229,859375";"235,015625";"1,1149009273126198";"1,2227090000001226";"1,1875420000000076";"1,3152499999996508";"5,312065828527213";"2,0915829999999005";"2,0696670000002086";"2,230542000000014";"4,094885252357798";"2,8554159999998774";"2,8520829999999933";"3,08725000000004";"4,598944547105854";"1,8892910000004122";"1,8543750000000045";"1,989165999999841";"3,6607900746973074";"215,55328960214322";"215,5486922119272";"216,1436387738119";"0,15859811910240182";"6819,572814846296";"6819,569376107065";"6820,203288989906";"0,005352094157274544";"141815";"141815";"141815";"0";"28,907791999867186";"28,208583999890834";"28,97025000001304";"1,4736529474125912"
"portail";"export-identity";"next";"3";"3";"0";"2352,075164045498";"2300,531956773394";"2353,750678802991";"1,295413379075907";"0,5071355759429154";"0,5057373565660859";"0,516297262059974";"1,1252960765454756";"279,890625";"260,265625";"290,296875";"5,50890567613708";"316,59375";"303,828125";"318,640625";"2,5642488493137012";"1,439292000000023";"1,4351250000000277";"1,4647079999999733";"1,107110385520253";"2,9938329999995403";"2,9880829999999605";"3,0932079999999473";"1,9538255613812958";"3,929040999999984";"3,8940829999999096";"4,177792000000068";"3,8671695016303813";"2,8267920000000117";"2,824792000000002";"2,9210410000000024";"1,9247707883245648";"118,95322759091127";"118,77583505635776";"119,3670706120783";"0,25488571894206585";"141815";"141815";"141815";"0";"141815";"141815";"141815";"0";"174,38358299992979";"173,17012499994598";"178,9228329998441";"1,7279123907879972"
"portail";"export-identity";"rustyx";"3";"3";"0";"3159,4072788066082";"3119,0607564006227";"3165,717213163085";"0,8040814698585911";"0,43137750268426706";"0,42908676666033796";"0,4359253798320405";"0,8055067426437319";"219,5";"213,6875";"219,59375";"1,5548408341105484";"233,9375";"224,8125";"237,109375";"2,752318579843406";"1,015333000000055";"1,0087499999999636";"1,027290999999991";"0,9241200816134957";"2,0887500000001182";"2,0685840000000155";"2,1189160000001266";"1,2108038822333878";"2,949374999999918";"2,9072909999999865";"3,0582500000000437";"2,621556840042506";"1,8940410000000156";"1,8741249999999994";"1,9217079999999953";"1,259947998055663";"135,9677744953153";"135,56598538262645";"136,56191856188892";"0,36833493548733537";"141815";"141815";"141815";"0";"141815";"141815";"141815";"0";"28,797291999915615";"27,557917000027373";"28,99466700013727";"2,7374686131223727"
"portail";"mixed";"next";"3";"3";"0";"447,40044381035483";"446,924202216578";"447,9482689323956";"0,11453337781796565";"1,0993303571428572";"1,0825892857142858";"1,1148179038087296";"1,4667565680015509";"191,59375";"179,9375";"222,703125";"11,161210938752793";"213,96875";"212,96875";"245,140625";"8,1653900867715";"1,9556250000000546";"1,9192080000002534";"1,9703749999998763";"1,3517221325816169";"32,311417000000006";"32,304040999999415";"32,33599999999933";"0,051779726074523184";"33,55000000000001";"33,47679199999993";"33,59166700000014";"0,1733917473698124";"32,28558299999986";"32,2612079999999";"32,315583999999944";"0,08435617400797915";"49,184088967991016";"48,38353528460722";"49,93807501859623";"1,5810631929740973";"4567,052455357143";"4567,052455357143";"4567,549624687239";"0,0062848069732461195";"4567,052455357143";"4567,052455357143";"4567,549624687239";"0,0062848069732461195";"174,29000000003725";"171,54608400003053";"178,60945899994113";"2,036924663103201"
"portail";"mixed";"rustyx";"3";"3";"0";"467,15312921612133";"466,53802291896073";"467,23349130943615";"0,08147292191005662";"0,8840811965811965";"0,8627136752136753";"0,8974358974358975";"1,9871025831218174";"190,484375";"190,46875";"190,65625";"0,05460182148932066";"199,578125";"198,453125";"200,625";"0,5443048472659279";"1,2282080000004498";"1,2037090000000035";"1,242334000000028";"1,5956938798363511";"32,258458000000246";"32,23779200000001";"32,2742089999997";"0,0566196411066725";"33,243541999999934";"33,18633399999999";"33,32220799999959";"0,20516507609791423";"32,198833000000036";"32,197999999999865";"32,212790999999925";"0,025803535206220942";"41,307234407965645";"40,301939299360896";"41,86879692862468";"1,928680382951823";"3544,9172008547007";"3544,9172008547007";"3544,9172008547007";"0";"3544,9172008547007";"3544,9172008547007";"3544,9172008547007";"0";"28,871625000145286";"27,277957999845967";"29,506291000172496";"4,0208974857500674"
"portail";"capacity-1";"next";"1";"1";"0";"101,73626639756257";"101,73626639756257";"101,73626639756257";"";"2,4673202614379086";"2,4673202614379086";"2,4673202614379086";"";"156,734375";"156,734375";"156,734375";"";"159,671875";"159,671875";"159,671875";"";"2,4942909999999756";"2,4942909999999756";"2,4942909999999756";"";"33,27783299999987";"33,27783299999987";"33,27783299999987";"";"33,87670799999978";"33,87670799999978";"33,87670799999978";"";"33,20054199999959";"33,20054199999959";"33,20054199999959";"";"25,10159514057508";"25,10159514057508";"25,10159514057508";"";"4565,091503267974";"4565,091503267974";"4565,091503267974";"";"4565,091503267974";"4565,091503267974";"4565,091503267974";"";"178,80691600008868";"178,80691600008868";"178,80691600008868";""
"portail";"capacity-1";"rustyx";"1";"1";"0";"105,87708480413939";"105,87708480413939";"105,87708480413939";"";"1,6823899371069182";"1,6823899371069182";"1,6823899371069182";"";"156,84375";"156,84375";"156,84375";"";"168,0625";"168,0625";"168,0625";"";"1,833042000000205";"1,833042000000205";"1,833042000000205";"";"33,217125000000124";"33,217125000000124";"33,217125000000124";"";"33,60912499999995";"33,60912499999995";"33,60912499999995";"";"33,08679200000006";"33,08679200000006";"33,08679200000006";"";"17,812654204469993";"17,812654204469993";"17,812654204469993";"";"3543,2437106918237";"3543,2437106918237";"3543,2437106918237";"";"3543,2437106918237";"3543,2437106918237";"3543,2437106918237";"";"29,150832999963313";"29,150832999963313";"29,150832999963313";""
"portail";"capacity-16";"next";"3";"3";"0";"1793,9831914152803";"1784,741443164096";"1797,4450745277793";"0,3664673814647629";"0,7265668330560178";"0,7186346863468634";"0,7376439985135638";"1,3122209290167206";"282,203125";"281,0625";"284,953125";"0,7073718937297498";"293,53125";"292,6875";"449,859375";"26,204772347818814";"1,60412499999984";"1,6024999999999636";"1,6380420000000413";"1,2426576241133653";"30,91300000000001";"30,86687500000002";"30,950958000000355";"0,1362250891794556";"32,09887499999991";"32,08495800000001";"32,19158300000004";"0,1804247231169864";"30,897500000000036";"30,850458000000003";"30,93341700000019";"0,13466666306117026";"130,3448685942328";"129,17063773589854";"131,6503814448432";"0,951348992574203";"4567,693726937269";"4567,677443329617";"4568,526252542059";"0,01062678353613142";"4567,693726937269";"4567,677443329617";"4568,526252542059";"0,01062678353613142";"180,80529200006276";"177,45170799992047";"186,32541600009426";"2,4683413928194473"
"portail";"capacity-16";"rustyx";"3";"3";"0";"1940,9642191145479";"1937,6552445526524";"1944,1708002725397";"0,1678531324723474";"0,49893025246041933";"0,48359535201640463";"0,5035909712722298";"2,1119242146679604";"234,921875";"232,75";"244,140625";"2,548863367429946";"243,5";"238,9375";"257,28125";"3,873155312934304";"0,8842080000003989";"0,8802080000000387";"0,8845830000000205";"0,2746223106813501";"30,969208999999864";"30,96349999999984";"31,01804200000015";"0,09675447584703124";"32,41920800000025";"32,39683299999979";"32,435834";"0,060372077887964115";"30,949583000000075";"30,943500000000313";"30,99683300000015";"0,09428797943577145";"96,67548203459104";"94,0191962537814";"97,74520563085403";"1,9953651746542163";"3545,774777853725";"3545,7734268125855";"3545,8382541720152";"0,0010447371068291946";"3545,774777853725";"3545,7734268125855";"3545,8382541720152";"0,0010447371068291946";"27,974249999970198";"27,730999999912456";"29,869416000088677";"4,104239216373916"
"portail";"capacity-64";"next";"3";"3";"0";"1964,672326932073";"1918,312944710134";"1966,8897101602251";"1,4066004175576032";"0,7240885745558643";"0,7206068268015171";"0,7374784110535406";"1,2245807545205327";"314,765625";"303,6875";"361,90625";"9,460275710159625";"372,546875";"314,359375";"396,15625";"11,661078889471291";"37,14712499999996";"36,84091699999999";"37,38391700000011";"0,7333223674738676";"55,15270799999999";"53,139792";"56,17854199999999";"2,8197007164874464";"65,794291";"63,90520799999996";"70,78362500000003";"5,317774858661568";"55,12312500000007";"53,10325";"56,121125000000006";"2,8065562577641727";"141,57562912152738";"141,4714382368268";"142,42023665385145";"0,3668856698232522";"4568,042899283607";"4567,8411053540585";"4568,044876652353";"0,0025630774709511513";"4568,042899283607";"4567,8411053540585";"4568,044876652353";"0,0025630774709511513";"178,4484999999404";"171,21783400001004";"183,92112499987707";"3,5824801270788615"
"portail";"capacity-64";"rustyx";"3";"3";"0";"5944,241689942574";"5898,292506563721";"6039,159480051132";"1,2052219723990885";"0,38656774697383833";"0,37891268533772654";"0,3932757990610857";"1,8606393864907196";"286,75";"282,421875";"292,59375";"1,7770685671720583";"292,40625";"288,0625";"297,078125";"1,5413903342707864";"3,6773330000000897";"3,5679580000000897";"3,880290999999943";"4,273554364123853";"33,21641699999964";"33,04712500000005";"33,42041700000004";"0,5625219911722976";"35,37633299999999";"35,0773750000003";"35,38299999999981";"0,4947997184058472";"33,197667000000365";"33,028167000000394";"33,39208400000007";"0,5483971703351302";"229,78521175490624";"228,8314135768963";"231,9655698614861";"0,6979248894455256";"3547,5716913783635";"3547,565513170101";"3547,748730964467";"0,0029327538750496375";"3547,5716913783635";"3547,565513170101";"3547,748730964467";"0,0029327538750496375";"28,760290999896824";"28,56741699995473";"28,870292000006884";"0,5335930262724795"
"portail";"capacity-128";"next";"3";"3";"0";"1976,560688849435";"1969,6821248600072";"1984,7660206405528";"0,38197549328783625";"0,7332998493219488";"0,7326831707926982";"0,733428547425019";"0,054344848055685034";"361,234375";"349,921875";"465,765625";"16,28002878957029";"376,765625";"361,90625";"474,421875";"15,1162133762769";"71,04208300000028";"70,67774999999983";"72,37133400000039";"1,2491346144300515";"108,71158299999979";"107,97679199999993";"116,430208";"4,217327294612841";"124,16091700000004";"123,43345799999997";"146,35820800000002";"9,923038397562685";"108,66312500000004";"107,95674999999983";"116,40929099999994";"4,224389429467753";"144,9411655308978";"144,46210997250998";"145,4204661284526";"0,33060160058931226";"4568,2799294295555";"4568,0644327748605";"4568,66541101624";"0,006664776075586363";"4568,2799294295555";"4568,0644327748605";"4568,66541101624";"0,006664776075586363";"172,74804199999198";"171,0068330001086";"177,45066699991003";"1,918669457350415"
"portail";"capacity-128";"rustyx";"3";"3";"0";"5991,7101082297295";"5890,10695861751";"5993,780429972781";"0,9946626443973059";"0,3887551534268559";"0,38797632874287924";"0,404648676027802";"2,3893287673405634";"295,765625";"295,734375";"299,375";"0,7047968742182869";"302,234375";"301,296875";"302,890625";"0,2651084577333877";"23,38033299999961";"22,951874999999973";"24,346875000000182";"3,033089753939747";"35,692999999999984";"35,42937499999999";"36,103";"0,9497360829486556";"44,003874999999994";"42,56441599999971";"46,56387500000005";"4,564763162178017";"35,65487500000006";"35,3964160000005";"36,052374999999984";"0,9255323798151806";"232,9308182414092";"232,5444926511756";"238,3423982466719";"1,3817469618560898";"3547,5841288287543";"3547,5643132509776";"3547,7572590011614";"0,002991864927152882";"3547,5841288287543";"3547,5643132509776";"3547,7572590011614";"0,002991864927152882";"28,760749999899417";"27,862250000005588";"29,047250000061467";"2,1650869118133427"
"portail";"sustained";"next";"1";"1";"0";"2431,3385379715482";"2431,3385379715482";"2431,3385379715482";"";"0,5219565664177571";"0,5219565664177571";"0,5219565664177571";"";"331,21875";"331,21875";"331,21875";"";"331,421875";"331,421875";"331,421875";"";"29,041166999995767";"29,041166999995767";"29,041166999995767";"";"42,209292000000005";"42,209292000000005";"42,209292000000005";"";"48,41654099999994";"48,41654099999994";"48,41654099999994";"";"42,19658299999719";"42,19658299999719";"42,19658299999719";"";"126,90531150787989";"126,90531150787989";"126,90531150787989";"";"4570,599383434952";"4570,599383434952";"4570,599383434952";"";"4570,599383434952";"4570,599383434952";"4570,599383434952";"";"172,36712500010617";"172,36712500010617";"172,36712500010617";""
"portail";"sustained";"rustyx";"1";"1";"0";"5739,796413688627";"5739,796413688627";"5739,796413688627";"";"0,3852337229683455";"0,3852337229683455";"0,3852337229683455";"";"305,484375";"305,484375";"305,484375";"";"308,78125";"308,78125";"308,78125";"";"4,839167000005546";"4,839167000005546";"4,839167000005546";"";"33,81316700000025";"33,81316700000025";"33,81316700000025";"";"35,57254200000001";"35,57254200000001";"35,57254200000001";"";"33,78983299999891";"33,78983299999891";"33,78983299999891";"";"221,11631415256275";"221,11631415256275";"221,11631415256275";"";"3550,1756520679287";"3550,1756520679287";"3550,1756520679287";"";"3550,1756520679287";"3550,1756520679287";"3550,1756520679287";"";"29,546875";"29,546875";"29,546875";""
"documentation";"static-large";"next";"3";"3";"0";"5271,610576316197";"5080,955418185611";"5490,107583012382";"3,8768816689339216";"0,22001365602002884";"0,20834092150792205";"0,22944625919949624";"4,821731934178977";"205,15625";"180,046875";"213,734375";"8,768890925950867";"222,484375";"221,734375";"225,359375";"0,8573280752865869";"0,5684999999999718";"0,5314170000001468";"0,6160840000002281";"7,419907432882808";"1,3553750000000946";"1,29200000000003";"1,4007500000000164";"4,048000861327863";"1,7221660000000014";"1,62237499999992";"1,8192920000001322";"5,72025696101187";"1,3096250000000964";"1,247624999999971";"1,3538750000000164";"4,09382485579373";"115,98263160091777";"114,38140730224303";"116,58062138621007";"0,9832451442624872";"43486";"43486";"43486";"0";"43486";"43486";"43486";"0";"174,9814999999944";"161,74895899998955";"176,7685000000056";"4,793274508113562"
"documentation";"static-large";"rustyx";"3";"3";"0";"12190,154552423946";"11358,654378835165";"13883,697783899785";"10,313065272424872";"0,08612487286328292";"0,0747558551551292";"0,09278169014084507";"10,780066307421473";"8,40625";"8,3125";"8,421875";"0,7058928956867959";"8,4375";"8,3125";"8,484375";"1,0562676228626613";"0,3101249999999709";"0,2605839999996533";"0,3358749999997599";"12,662977777724837";"0,49287500000001216";"0,4373329999998532";"0,5185840000003736";"8,599223305314558";"0,6049169999998867";"0,5755830000007336";"0,6707910000000084";"7,901292900335066";"0,4434160000000702";"0,3938749999997526";"0,46566600000005565";"8,461494256079556";"104,98755110112818";"103,78877005508005";"105,38751509940373";"0,7944601620432573";"43023";"43023";"43023";"0";"43023";"43023";"43023";"0";"28,970416999887675";"27,07666699984111";"29,377375000156462";"4,31192846753527"
"documentation";"static-gzip";"next";"3";"3";"0";"4113,695810860439";"4080,0158094643466";"4437,055425101688";"4,682255401522521";"0,39166140240050534";"0,3555976203353164";"0,3945498211047395";"5,702360815668996";"217,703125";"215,8125";"221,046875";"1,2148227553004296";"231,8125";"228,5625";"234";"1,1820687134493486";"0,8777079999999842";"0,8039160000002994";"0,8879579999997986";"5,353020171792925";"1,416417000000365";"1,3392919999998867";"1,4210000000000065";"3,2974547448312324";"1,8872080000000437";"1,88412500000004";"1,9049580000000788";"0,5942675793396075";"1,2263750000000755";"1,1717500000000882";"1,2355000000000018";"2,846344115170844";"160,9769507728667";"157,7806350462066";"161,1175870330684";"1,1798708124593564";"1193";"1193";"1193";"0";"43486";"43486";"43486";"0";"174,86654199985787";"173,20675000012852";"176,48250000015832";"0,9367490956078164"
"documentation";"static-gzip";"rustyx";"3";"3";"0";"10866,10385418752";"10420,104693457724";"12706,006057270017";"10,694040135871024";"0,11005392274141008";"0,09396247796524805";"0,11380428733183641";"9,950107913277837";"8,265625";"8,234375";"8,28125";"0,2889391989253367";"8,296875";"8,25";"8,421875";"1,0675045124675835";"0,3507500000005166";"0,3021670000002814";"0,35599999999976717";"8,825678670987882";"0,47537499999998545";"0,4115839999999906";"0,5304159999999456";"12,58728284854703";"0,6991250000000946";"0,5899580000000242";"0,7717079999999896";"13,318177393765634";"0,41245900000012625";"0,35424999999941065";"0,4639589999999316";"13,380215980166586";"119,38878141825421";"118,585258856208";"119,58573540688917";"0,4446799302863485";"1078";"1078";"1078";"0";"43023";"43023";"43023";"0";"28,262209000065923";"27,870583000127226";"29,03316599992104";"2,0836342406800537"
"documentation";"public-gzip";"next";"3";"3";"0";"1871,2031172675634";"1840,0497042766635";"2207,4554252850517";"10,326152304683957";"1,3794208782989636";"1,163843854723304";"1,4015645371577574";"9,986997982618252";"193,15625";"193,125";"198,59375";"1,6149101734883113";"195,078125";"194,34375";"199,0625";"1,2943758310016789";"1,9066249999999627";"1,5971250000002328";"1,938916999999492";"10,401361425773894";"3,66150000000016";"3,150832999999693";"3,7978329999996276";"9,64370334722871";"4,537500000000136";"3,959333000000015";"4,642542000000049";"8,39985489297693";"2,6530840000000353";"2,2311670000000277";"2,6676659999993717";"9,848251415266509";"257,8948412121791";"256,9133431293625";"258,11766474969806";"0,24869866199194057";"843";"843";"843";"0";"253952";"253952";"253952";"0";"179,25212500011548";"170,55550000001676";"180,32404200010933";"3,031687193347908"
"documentation";"public-gzip";"rustyx";"3";"3";"0";"2522,579951132714";"2504,6652774800395";"2878,12258015521";"7,99335472193552";"0,4430430270615471";"0,3848558527266412";"0,4438456051359277";"7,9800099133908144";"18,265625";"17,5";"18,484375";"2,858356225556013";"18,28125";"17,5625";"18,5";"2,7075922638283045";"1,5403329999999187";"1,3464589999999959";"1,5565419999998085";"7,892292012250199";"1,9324999999998909";"1,6887499999998";"1,9676250000002256";"8,153033633959534";"2,2825840000000426";"2,002917000000025";"2,3056250000000773";"7,669923905795938";"1,5575000000000045";"1,3554169999999885";"1,589291000000003";"8,452507015999931";"110,96744863107064";"110,76623198374341";"111,96360249142586";"0,5764134632713684";"910,9966711579615";"910,9922889892324";"910,9972060349645";"0,00029613112277755395";"253952";"253952";"253952";"0";"29,575333999935538";"28,17741600004956";"30,350749999983236";"3,7504477417105235"
"documentation";"isr-hit";"next";"3";"3";"0";"12490,167115588287";"12129,179876806647";"14157,903724987586";"8,372694807015227";"0,09670653409545768";"0,08545680546923555";"0,0995828730648113";"7,94885858862144";"221,546875";"215,734375";"226";"2,328329659886421";"222,84375";"217,21875";"227,625";"2,340386585187717";"0,22725000000014006";"0,19370899999921676";"0,23283300000002782";"9,710200975421005";"0,6186250000000655";"0,5522080000000642";"0,65037499999994";"8,251662641948318";"0,9527500000000089";"0,8559579999999869";"1,0187499999997272";"8,687653578955638";"0,6144169999997757";"0,5488749999999527";"0,6459159999999997";"8,208959543461397";"120,7880772021603";"120,78585800523001";"120,98892244784295";"0,09648310140172625";"1669";"1669";"1669";"0";"1669";"1669";"1669";"0";"176,1407079999335";"166,01820799987763";"182,82158300001174";"4,834594237668552"
"documentation";"isr-hit";"rustyx";"3";"3";"0";"19438,025679311784";"19064,96406593744";"21888,75587231776";"7,62027843448842";"0,13786291899010267";"0,12215288754077093";"0,13898649995279705";"7,076141971725667";"8,5";"8,5";"8,53125";"0,21200132283584794";"8,578125";"8,5";"8,59375";"0,5869537894700521";"0,19220800000005056";"0,1698330000003807";"0,1929170000000795";"7,096575027598203";"0,28720799999996416";"0,2546670000001541";"0,29874999999992724";"8,158173636693942";"0,3827080000000933";"0,35391600000002654";"0,39637500000003456";"5,7388867187537";"0,2822909999999865";"0,25079100000039034";"0,2937499999998181";"8,071160157171622";"267,37747344786203";"264,9772627250492";"267,9782959554496";"0,5952076594464591";"1131";"1131";"1131";"0";"1131";"1131";"1131";"0";"28,706250000046566";"28,467666000127792";"29,30441699991934";"1,4953816785965799"
"documentation";"api-pages";"next";"3";"3";"0";"12245,353932376409";"11992,205175824833";"13566,692406553542";"6,709412789702048";"0,10108928192314602";"0,09168361781787093";"0,10422398986109027";"6,592269231170853";"211,921875";"209,90625";"212,8125";"0,7038502182259512";"213,828125";"211,6875";"214,53125";"0,6942577895798361";"0,22354199999995217";"0,19829100000015387";"0,2290419999999358";"7,558415712500862";"0,6764170000001286";"0,5995830000000524";"0,7065420000000131";"8,345820248628982";"1,0709590000000162";"0,9715000000001055";"1,1099169999999958";"6,792800066619357";"0,6660000000001673";"0,5885409999999922";"0,6953340000000026";"8,48887588451186";"124,38434416550666";"123,78740359187034";"124,98754706572817";"0,4824275865345488";"33,81856188656443";"33,814731435622924";"33,83623713923528";"0,03391631445756184";"33,81856188656443";"33,814731435622924";"33,83623713923528";"0,03391631445756184";"182,74916699994355";"176,59558299998753";"216,3176669999957";"11,141801207319409"
"documentation";"api-pages";"rustyx";"3";"3";"0";"16698,33976756861";"16623,383687709807";"18492,347708732224";"6,1261711208635905";"0,13520958083832335";"0,12230993835838651";"0,1357008806120976";"5,793249205042786";"134,71875";"134,203125";"137,265625";"1,2110286029194512";"135,125";"134,71875";"137,765625";"1,217604879037973";"0,20375000000012733";"0,18299999999999272";"0,2041669999998703";"6,144107445919668";"0,377750000000006";"0,33412500000031287";"0,381917000000044";"7,260594553199397";"0,9484999999999673";"0,8709159999998519";"0,961084000000028";"5,268787871438632";"0,36087499999996453";"0,32024999999998727";"0,3657500000000482";"7,158833826812801";"225,77755206688576";"225,58078051749993";"226,17979083568883";"0,13519024039242264";"33,86694610778443";"33,86634425677301";"33,87985292527306";"0,02253083353291792";"33,86694610778443";"33,86634425677301";"33,87985292527306";"0,02253083353291792";"28,810542000224814";"28,045083000091836";"29,33779100002721";"2,262359558047434"
"documentation";"static-rotation";"next";"3";"3";"0";"5201,980904409961";"5184,551763781211";"5540,2359524062995";"3,776895444160424";"0,22257246098254785";"0,20825813903125676";"0,22370501793497127";"3,946291410488901";"197,28125";"191,203125";"218,921875";"7,195833128483427";"237,25";"236,609375";"240,0625";"0,7718801107626174";"0,5824999999999818";"0,5349579999997331";"0,5844580000000406";"4,941027740413692";"1,3850409999995463";"1,2846250000000055";"1,3904580000000806";"4,403845731082057";"1,7457910000000538";"1,677500000000009";"1,747208999999998";"2,3117770391904773";"1,3412499999999454";"1,2415829999999914";"1,3448339999999916";"4,476305017343841";"115,7817691878745";"115,37992292421984";"115,98102453014627";"0,264606950966248";"43485,498592201184";"43485,4983470439";"43485,49902548185";"7,900070811255747e-7";"43485,498592201184";"43485,4983470439";"43485,49902548185";"7,900070811255747e-7";"178,81887500011362";"176,2744159998838";"182,39387500006706";"1,7158499438367387"
"documentation";"static-rotation";"rustyx";"3";"3";"0";"10819,670337695448";"10729,01104532879";"11491,103897707393";"3,779976446642565";"0,12217211296761792";"0,11572865545926003";"0,12227171907326984";"3,1228508500342205";"23,625";"23,078125";"24,234375";"2,446124248876973";"23,625";"23,609375";"24,25";"1,5336413853805246";"0,3617500000000291";"0,33483399999977337";"0,36445800000001327";"4,630662432637216";"0,472541000000092";"0,4472089999999298";"0,47520799999983865";"3,323321062189601";"0,6554159999998319";"0,6380410000001575";"0,6835420000002159";"3,4842524248482234";"0,417459000000008";"0,3953750000000582";"0,418042000000014";"3,1494129329975373";"132,1861986769313";"131,18546244684512";"132,9850003824339";"0,6824575532928556";"43022,39960076889";"43022,39945201394";"43022,399603216036";"2,0128767127838166e-7";"43022,39960076889";"43022,39945201394";"43022,399603216036";"2,0128767127838166e-7";"28,826833000173792";"28,111125000054017";"29,017458999995142";"1,6677672467033302"
"documentation";"mixed";"next";"3";"3";"0";"8370,264580668643";"8353,285201176157";"8698,097314704733";"2,293651676627548";"0,14753535323368225";"0,14140165830806592";"0,1478267374878432";"2,492193128964082";"228,53125";"224,640625";"231,15625";"1,437133051708133";"229,96875";"227,265625";"232,828125";"1,2092886063359034";"0,3322090000001481";"0,316332999999986";"0,3339590000005046";"2,965095131513184";"1,076415999999881";"1,0406660000003285";"1,0872909999998228";"2,283757460184997";"1,625";"1,5911669999995866";"1,6610410000000115";"2,149353515454987";"1,0661660000000666";"1,031500000000051";"1,0749590000000353";"2,172707071023447";"123,48388985953531";"122,99253844241845";"123,49099415683276";"0,2317134712743076";"13122,653978825392";"13122,376438804984";"13122,654282935588";"0,0012217558731499056";"13122,653978825392";"13122,376438804984";"13122,654282935588";"0,0012217558731499056";"178,5370839999523";"174,48816700000316";"194,98895799997263";"5,943852413295884"
"documentation";"mixed";"rustyx";"3";"3";"0";"15700,90833040114";"15054,852262661205";"16431,770085229055";"4,3797208870169095";"0,13000039804163516";"0,12292525596750392";"0,1328407156793557";"3,9709743876977077";"136,71875";"133,421875";"137,5";"1,5929607723772228";"137,28125";"133,984375";"138,25";"1,638175847902983";"0,23508300000003146";"0,2239159999999174";"0,2387499999999818";"3,32205619926009";"0,3655420000000049";"0,342040999999881";"0,40841700000055425";"9,047297175517812";"0,558875000000171";"0,5547080000000051";"0,6886249999997744";"12,674888401364754";"0,34104200000001583";"0,3203330000001188";"0,3786250000000564";"8,524109099334405";"201,9879543725955";"199,98973490188823";"204,11243325673735";"1,0204776342721342";"12746,880070055327";"12746,719996678981";"12746,973764281694";"0,001006699607198482";"12746,880070055327";"12746,719996678981";"12746,973764281694";"0,001006699607198482";"27,982916000066325";"27,756458000047132";"28,28170799999498";"0,9406703642065325"
"documentation";"capacity-1";"next";"1";"1";"0";"5423,112567459233";"5423,112567459233";"5423,112567459233";"";"0,16564228641671788";"0,16564228641671788";"0,16564228641671788";"";"216,34375";"216,34375";"216,34375";"";"224,203125";"224,203125";"224,203125";"";"0,14525000000003274";"0,14525000000003274";"0,14525000000003274";"";"0,32762499999989814";"0,32762499999989814";"0,32762499999989814";"";"0,498290999999881";"0,498290999999881";"0,498290999999881";"";"0,2944999999999709";"0,2944999999999709";"0,2944999999999709";"";"89,82967651691847";"89,82967651691847";"89,82967651691847";"";"13122,414658881376";"13122,414658881376";"13122,414658881376";"";"13122,414658881376";"13122,414658881376";"13122,414658881376";"";"169,4609159999527";"169,4609159999527";"169,4609159999527";""
"documentation";"capacity-1";"rustyx";"1";"1";"0";"9129,49135780289";"9129,49135780289";"9129,49135780289";"";"0,07794957921831358";"0,07794957921831358";"0,07794957921831358";"";"122,046875";"122,046875";"122,046875";"";"122,625";"122,625";"122,625";"";"0,09641600000031758";"0,09641600000031758";"0,09641600000031758";"";"0,155208000000016";"0,155208000000016";"0,155208000000016";"";"0,22087499999997817";"0,22087499999997817";"0,22087499999997817";"";"0,13191699999993034";"0,13191699999993034";"0,13191699999993034";"";"71,16400098179656";"71,16400098179656";"71,16400098179656";"";"12746,93137881305";"12746,93137881305";"12746,93137881305";"";"12746,93137881305";"12746,93137881305";"12746,93137881305";"";"28,860166999977082";"28,860166999977082";"28,860166999977082";""
"documentation";"capacity-16";"next";"1";"1";"0";"7949,586414918818";"7949,586414918818";"7949,586414918818";"";"0,1599245441207294";"0,1599245441207294";"0,1599245441207294";"";"229,546875";"229,546875";"229,546875";"";"235,40625";"235,40625";"235,40625";"";"1,227624999999989";"1,227624999999989";"1,227624999999989";"";"5,239249999999629";"5,239249999999629";"5,239249999999629";"";"6,77495799999997";"6,77495799999997";"6,77495799999997";"";"5,22954199999981";"5,22954199999981";"5,22954199999981";"";"127,13339833542356";"127,13339833542356";"127,13339833542356";"";"13122,95619367009";"13122,95619367009";"13122,95619367009";"";"13122,95619367009";"13122,95619367009";"13122,95619367009";"";"153,08058299985714";"153,08058299985714";"153,08058299985714";""
"documentation";"capacity-16";"rustyx";"1";"1";"0";"17048,872207955214";"17048,872207955214";"17048,872207955214";"";"0,16429974685523835";"0,16429974685523835";"0,16429974685523835";"";"136,546875";"136,546875";"136,546875";"";"137,125";"137,125";"137,125";"";"0,7752499999996871";"0,7752499999996871";"0,7752499999996871";"";"1,6040000000002692";"1,6040000000002692";"1,6040000000002692";"";"2,1028329999999187";"2,1028329999999187";"2,1028329999999187";"";"1,5807079999999587";"1,5807079999999587";"1,5807079999999587";"";"280,11253879343496";"280,11253879343496";"280,11253879343496";"";"12746,670374243742";"12746,670374243742";"12746,670374243742";"";"12746,670374243742";"12746,670374243742";"12746,670374243742";"";"29,263041000114754";"29,263041000114754";"29,263041000114754";""
"documentation";"capacity-64";"next";"1";"1";"0";"8074,291967336309";"8074,291967336309";"8074,291967336309";"";"0,15961395694135114";"0,15961395694135114";"0,15961395694135114";"";"241,5625";"241,5625";"241,5625";"";"254,65625";"254,65625";"254,65625";"";"4,349874999999997";"4,349874999999997";"4,349874999999997";"";"20,720458000000008";"20,720458000000008";"20,720458000000008";"";"30,25766600000003";"30,25766600000003";"30,25766600000003";"";"20,71220799999992";"20,71220799999992";"20,71220799999992";"";"128,8769690406315";"128,8769690406315";"128,8769690406315";"";"13122,442732821908";"13122,442732821908";"13122,442732821908";"";"13122,442732821908";"13122,442732821908";"13122,442732821908";"";"198,34129200014286";"198,34129200014286";"198,34129200014286";""
"documentation";"capacity-64";"rustyx";"1";"1";"0";"16529,198491132727";"16529,198491132727";"16529,198491132727";"";"0,16756005158794132";"0,16756005158794132";"0,16756005158794132";"";"143,296875";"143,296875";"143,296875";"";"143,796875";"143,796875";"143,796875";"";"3,585917000000336";"3,585917000000336";"3,585917000000336";"";"6,478999999999999";"6,478999999999999";"6,478999999999999";"";"7,850542000000132";"7,850542000000132";"7,850542000000132";"";"6,454625000000306";"6,454625000000306";"6,454625000000306";"";"276,9633351881522";"276,9633351881522";"276,9633351881522";"";"12746,722019587296";"12746,722019587296";"12746,722019587296";"";"12746,722019587296";"12746,722019587296";"12746,722019587296";"";"28,168374999891967";"28,168374999891967";"28,168374999891967";""
"documentation";"capacity-128";"next";"1";"1";"0";"7590,043181501834";"7590,043181501834";"7590,043181501834";"";"0,1720472527231683";"0,1720472527231683";"0,1720472527231683";"";"264,59375";"264,59375";"264,59375";"";"265,90625";"265,90625";"265,90625";"";"9,157249999999749";"9,157249999999749";"9,157249999999749";"";"44,68291599999998";"44,68291599999998";"44,68291599999998";"";"63,005250000000004";"63,005250000000004";"63,005250000000004";"";"44,67441599999995";"44,67441599999995";"44,67441599999995";"";"130,58460774276062";"130,58460774276062";"130,58460774276062";"";"13122,725995572797";"13122,725995572797";"13122,725995572797";"";"13122,725995572797";"13122,725995572797";"13122,725995572797";"";"192,75345900002867";"192,75345900002867";"192,75345900002867";""
"documentation";"capacity-128";"rustyx";"1";"1";"0";"16103,986653560964";"16103,986653560964";"16103,986653560964";"";"0,18601621308627678";"0,18601621308627678";"0,18601621308627678";"";"144,921875";"144,921875";"144,921875";"";"146,734375";"146,734375";"146,734375";"";"7,548416999999972";"7,548416999999972";"7,548416999999972";"";"11,229624999999942";"11,229624999999942";"11,229624999999942";"";"15,689292000000023";"15,689292000000023";"15,689292000000023";"";"11,196208999999953";"11,196208999999953";"11,196208999999953";"";"299,5602612887354";"299,5602612887354";"299,5602612887354";"";"12746,721285879725";"12746,721285879725";"12746,721285879725";"";"12746,721285879725";"12746,721285879725";"12746,721285879725";"";"28,6035410000477";"28,6035410000477";"28,6035410000477";""
"documentation";"sustained";"next";"1";"1";"0";"8676,272317784838";"8676,272317784838";"8676,272317784838";"";"0,1355104643658379";"0,1355104643658379";"0,1355104643658379";"";"263,78125";"263,78125";"263,78125";"";"263,828125";"263,828125";"263,828125";"";"4,129458000003069";"4,129458000003069";"4,129458000003069";"";"19,282666999999492";"19,282666999999492";"19,282666999999492";"";"22,237207999998645";"22,237207999998645";"22,237207999998645";"";"19,27412500000355";"19,27412500000355";"19,27412500000355";"";"117,57256907474883";"117,57256907474883";"117,57256907474883";"";"13122,696646716247";"13122,696646716247";"13122,696646716247";"";"13122,696646716247";"13122,696646716247";"13122,696646716247";"";"184,87699999986216";"184,87699999986216";"184,87699999986216";""
"documentation";"sustained";"rustyx";"1";"1";"0";"19637,399733697242";"19637,399733697242";"19637,399733697242";"";"0,14486074900874477";"0,14486074900874477";"0,14486074900874477";"";"145,234375";"145,234375";"145,234375";"";"145,75";"145,75";"145,75";"";"3,03925000000163";"3,03925000000163";"3,03925000000163";"";"5,6209579999995185";"5,6209579999995185";"5,6209579999995185";"";"6,521582999999737";"6,521582999999737";"6,521582999999737";"";"5,599957999998878";"5,599957999998878";"5,599957999998878";"";"284,4688434007508";"284,4688434007508";"284,4688434007508";"";"12747,014256931998";"12747,014256931998";"12747,014256931998";"";"12747,014256931998";"12747,014256931998";"12747,014256931998";"";"28,59604200022295";"28,59604200022295";"28,59604200022295";""
