"site";"engine";"scenario";"kind";"repetition";"concurrency";"durationMs";"requests";"attempts";"errors";"requestsPerSecond";"cpuMsPerRequest";"loadMedianRssMiB";"sampledPeakRssMiB";"p50Ms";"p95Ms";"p99Ms";"ttfbP95Ms";"cpuPercentOneCore";"meanBodyBytes";"meanDecodedBytes";"startupMs";"encodings";"clientCpuMs";"elapsedMs";"cpuValid";"reachedCap";"error"
"boutique";"next";"static";"route";"1";"4";"5000";"50499";"50499";"0";"10098,821171757927";"0,11742806788253232";"241,078125";"245,875";"0,2749579999999696";"0,710999999999899";"1,0937080000000066";"0,7001249999998436";"118,58850580907445";"7531";"7531";"185,154583";"{""identity"":50499}";"2043,598";"5000,484625";"true";"false";""
"boutique";"rustyx";"static";"route";"1";"4";"5000";"145459";"145459";"0";"29089,919336714884";"0,08490364982572408";"8,75";"8,828125";"0,1257499999992433";"0,19887500000004366";"0,28779199999999605";"0,1914160000000038";"246,98403248230005";"6323";"6323";"29,80395799999951";"{""identity"":145459}";"4326,012";"5000,3232499999995";"true";"false";""
"boutique";"next";"runtime";"route";"1";"4";"5000";"3245";"3245";"0";"648,5238159405455";"1,5254237288135593";"289,84375";"311,203125";"6,0932920000000195";"8,222249999999804";"9,438875000000053";"6,523791999999958";"98,92736175364254";"5892";"5892";"196,57625000000007";"{""identity"":3245}";"413,79";"5003,671292";"true";"false";""
"boutique";"rustyx";"runtime";"route";"1";"4";"5000";"20516";"20516";"0";"4102,548925485526";"0,4508676155195945";"275,96875";"283,515625";"0,8656670000000304";"1,5920420000002196";"2,438415999999961";"1,5475000000001273";"184,97064515861334";"4310,089491128875";"4310,089491128875";"29,067250000000058";"{""identity"":20516}";"1482,121";"5000,7935";"true";"false";""
"boutique";"next";"api-get";"route";"1";"4";"5000";"33928";"33928";"0";"6784,695544449421";"0,1883400141476067";"250,171875";"258,921875";"0,454124999999749";"1,2235829999999623";"1,7099170000000008";"1,2191250000000764";"127,7829654828808";"140";"140";"180,6987079999999";"{""identity"":33928}";"1328,584";"5000,6665410000005";"true";"false";""
"boutique";"rustyx";"api-get";"route";"1";"4";"5000";"87196";"87196";"0";"17437,842463964178";"0,12431762924904813";"172,734375";"175,484375";"0,19950000000017099";"0,3508330000000086";"0,6920830000003662";"0,3415830000000142";"216,78312343384067";"140";"140";"28,926457999998092";"{""identity"":87196}";"3065,593";"5000,38925";"true";"false";""
"boutique";"next";"api-post";"route";"1";"4";"5000";"28854";"28854";"0";"5770,094124767398";"0,22804463852498788";"259,84375";"264,75";"0,541082999999162";"1,4493750000000318";"2,0409169999998085";"1,4424999999999955";"131,58390289377377";"41";"41";"185,70624999999563";"{""identity"":28854}";"1238,003";"5000,611666999999";"true";"false";""
"boutique";"rustyx";"api-post";"route";"1";"4";"5000";"74118";"74118";"0";"14822,34553450144";"0,1283089128147009";"177,953125";"181,4375";"0,23491700000067794";"0,45891600000004473";"0,7493329999999787";"0,4452080000000933";"190,18390408957163";"41";"41";"27,78349999999773";"{""identity"":74118}";"2763,816";"5000,423167";"true";"false";""
"boutique";"next";"image-hot";"route";"1";"4";"5000";"86978";"86978";"0";"17394,643440725766";"0,07254708087102486";"220,53125";"222,5";"0,19987500000024738";"0,3293749999999136";"0,8348329999998896";"0,32425000000000637";"126,19306044169741";"2254";"2254";"182,5933339999974";"{""identity"":86978}";"2312,028";"5000,274958";"true";"false";""
"boutique";"rustyx";"image-hot";"route";"1";"4";"5000";"150204";"150204";"0";"30038,68127568585";"0,07869297755053127";"14,5";"14,75";"0,1226249999999709";"0,19204100000001745";"0,26916699999947014";"0,18870799999967858";"236,38332712751105";"2254";"2254";"27,89074999999866";"{""identity"":150204}";"4380,496";"5000,352666";"true";"false";""
"boutique";"next";"mixed";"mixed";"1";"4";"8000";"16864";"16864";"0";"2106,107782994913";"0,6036527514231499";"310,59375";"348,453125";"0,9733750000000327";"5,6121250000001055";"6,86166699999967";"4,517832999999882";"127,13577579985896";"5054";"5054";"187,9950830000016";"{""identity"":16864}";"1046,087";"8007,187541";"true";"false";""
"boutique";"rustyx";"mixed";"mixed";"1";"4";"8000";"101853";"101853";"0";"12730,690753485045";"0,2161939265411917";"294,0625";"296,375";"0,1820000000006985";"0,804417000000285";"1,347250000000031";"0,7706250000001091";"275,2298021577575";"3780,3842400322033";"3780,3842400322033";"26,783458999998402";"{""identity"":101853}";"4441,299";"8000,587083";"true";"false";""
"boutique";"rustyx";"static";"route";"2";"4";"5000";"137991";"137991";"0";"27596,481429119";"0,0898609329593959";"8,828125";"8,828125";"0,13237500000002456";"0,21258400000010624";"0,303957999999966";"0,2049590000005992";"247,98455676172765";"6323";"6323";"28,06737499999872";"{""identity"":137991}";"4308,862";"5000,311375";"true";"false";""
"boutique";"next";"static";"route";"2";"4";"5000";"50433";"50433";"0";"10085,613794392097";"0,11758174211329883";"246,375";"247,078125";"0,2753749999997126";"0,6933340000000499";"1,0957500000000095";"0,6827089999997042";"118,58840402265407";"7531";"7531";"198,89383299999463";"{""identity"":50433}";"2049,492";"5000,488917000001";"true";"false";""
"boutique";"rustyx";"runtime";"route";"2";"4";"5000";"20355";"20355";"0";"4070,290921945011";"0,45738147875214935";"276,6875";"283,4375";"0,8711249999996653";"1,595957999999996";"2,4240839999999935";"1,5516250000000582";"186,16756808306587";"4310,074379759273";"4310,074379759273";"28,58058300000266";"{""identity"":20355}";"1478,089";"5000,871041";"true";"false";""
"boutique";"next";"runtime";"route";"2";"4";"5000";"3234";"3234";"0";"645,9061788820086";"1,5522572665429808";"241,859375";"312,375";"6,080375000000004";"8,215958999999998";"9,808917000000008";"6,644916999999623";"100,26125596746083";"5892";"5892";"181,9162090000027";"{""identity"":3234}";"414,815";"5006,919125";"true";"false";""
"boutique";"rustyx";"api-get";"route";"2";"4";"5000";"86566";"86566";"0";"17311,85847638769";"0,12522237368019776";"170,890625";"171,609375";"0,2016249999996944";"0,3488749999999641";"0,6912500000003092";"0,3373749999999802";"216,78320112289185";"140";"140";"26,1861249999929";"{""identity"":86566}";"3073,307";"5000,387458";"true";"false";""
"boutique";"next";"api-get";"route";"2";"4";"5000";"34073";"34073";"0";"6813,7816089557555";"0,18753852023596396";"256,84375";"265,40625";"0,4519999999999982";"1,2037499999999";"1,678625000000011";"1,19825000000003";"127,7846520154588";"140";"140";"193,10395900000003";"{""identity"":34073}";"1308,59";"5000,600541";"true";"false";""
"boutique";"rustyx";"api-post";"route";"2";"4";"5000";"72790";"72790";"0";"14556,693172870406";"0,129138617942025";"178,40625";"182,015625";"0,23812500000030923";"0,47262499999999363";"0,7612910000000284";"0,45837500000016007";"187,9831238150595";"41";"41";"28,511333000002196";"{""identity"":72790}";"2738,847";"5000,448875";"true";"false";""
"boutique";"next";"api-post";"route";"2";"4";"5000";"28766";"28766";"0";"5752,447531542315";"0,22769936730862825";"263,484375";"266,703125";"0,5466659999999592";"1,451708999999937";"2,0340000000001055";"1,4467919999999594";"130,98286634082655";"41";"41";"182,78474999999162";"{""identity"":28766}";"1238,696";"5000,654042";"true";"false";""
"boutique";"rustyx";"image-hot";"route";"2";"4";"5000";"143832";"143832";"0";"28764,565775687097";"0,08127537682852216";"14,96875";"15,234375";"0,126166000000012";"0,20533400000022084";"0,31391700000000355";"0,2016670000002705";"233,7850922727781";"2254";"2254";"28,758042000001296";"{""identity"":143832}";"4366,605";"5000,318834";"true";"false";""
"boutique";"next";"image-hot";"route";"2";"4";"5000";"86627";"86627";"0";"17324,29139087503";"0,07226384383621734";"218,765625";"220,078125";"0,20033300000068266";"0,33337499999998954";"0,8283329999999296";"0,3287499999999852";"125,19198876433178";"2254";"2254";"192,0416669999977";"{""identity"":86627}";"2333,36";"5000,319958";"true";"false";""
"boutique";"rustyx";"mixed";"mixed";"2";"4";"8000";"96366";"96366";"0";"12044,847892083486";"0,22767366083473425";"292,03125";"294,75";"0,19233299999996234";"0,8539589999991222";"1,4441249999999854";"0,8160000000000309";"274,2294613788179";"3780,369300375651";"3780,369300375651";"28,694375000006403";"{""identity"":96366}";"4441,199";"8000,599166";"true";"false";""
"boutique";"next";"mixed";"mixed";"2";"4";"8000";"16854";"16854";"0";"2105,81315426196";"0,6040109172896642";"302,390625";"329,484375";"0,9711659999998119";"5,6455409999998665";"6,924209000000019";"4,534791000000041";"127,19341349464074";"5054,2418416993";"5054,2418416993";"196,93591599998763";"{""identity"":16854}";"1036,604";"8003,5590839999995";"true";"false";""
"boutique";"next";"static";"route";"3";"4";"5000";"50267";"50267";"0";"10052,353383143747";"0,11797003998647224";"243,546875";"246,171875";"0,27825000000007094";"0,7039999999999509";"1,0725840000000062";"0,6932090000000244";"118,58765305676174";"7531";"7531";"188,62008299998706";"{""identity"":50267}";"2041,928";"5000,520583";"true";"false";""
"boutique";"rustyx";"static";"route";"3";"4";"5000";"139906";"139906";"0";"27978,860032807333";"0,08827355510128229";"8,859375";"8,875";"0,13129200000003038";"0,2080839999998716";"0,30529200000000856";"0,20045799999979863";"246,9793442777083";"6323";"6323";"28,50941599998623";"{""identity"":139906}";"4361,09";"5000,418167";"true";"false";""
"boutique";"next";"runtime";"route";"3";"4";"5000";"3235";"3235";"0";"646,289996538217";"1,5548686244204017";"291,53125";"311,453125";"6,09741699999995";"8,287374999999997";"9,490666000000601";"6,6788329999999405";"100,48960378940437";"5892";"5892";"192,31466699999874";"{""identity"":3235}";"415,744";"5005,4929170000005";"true";"false";""
"boutique";"rustyx";"runtime";"route";"3";"4";"5000";"20287";"20287";"0";"4056,4508586474512";"0,46335091437866616";"276,484375";"283,71875";"0,8696250000002692";"1,6037919999999986";"2,4082499999999527";"1,558832999999595";"187,9560214486422";"4310,067925272342";"4310,067925272342";"27,711624999996275";"{""identity"":20287}";"1487,518";"5001,169916";"true";"false";""
"boutique";"next";"api-get";"route";"3";"4";"5000";"33877";"33877";"0";"6774,563567669817";"0,18862354990111285";"267,390625";"273,921875";"0,4546250000003056";"1,2320000000000846";"1,7232500000000073";"1,2283330000000205";"127,78422291646288";"140";"140";"182,490541999985";"{""identity"":33877}";"1324,779";"5000,617332999999";"true";"false";""
"boutique";"rustyx";"api-get";"route";"3";"4";"5000";"85203";"85203";"0";"17039,214994671904";"0,12722556717486475";"172,234375";"174,078125";"0,20366699999976845";"0,36999999999989086";"0,7049999999999272";"0,3590839999999389";"216,7823791911593";"140";"140";"28,736625000019558";"{""identity"":85203}";"3093,315";"5000,406416999999";"true";"false";""
"boutique";"next";"api-post";"route";"3";"4";"5000";"29216";"29216";"0";"5842,350717340212";"0,22521905805038336";"261,71875";"265,46875";"0,5404159999998228";"1,4394159999999374";"1,9534160000000043";"1,4338330000000497";"131,5808725359344";"41";"41";"199,41199999998207";"{""identity"":29216}";"1247,566";"5000,726833000001";"true";"false";""
"boutique";"rustyx";"api-post";"route";"3";"4";"5000";"73800";"73800";"0";"14758,519596512906";"0,12804878048780488";"176,1875";"181,859375";"0,23666600000024118";"0,44595800000001873";"0,7498340000000212";"0,4350000000000023";"188,98104361388476";"41";"41";"28,601625000010245";"{""identity"":73800}";"2751,898";"5000,501542";"true";"false";""
"boutique";"next";"image-hot";"route";"3";"4";"5000";"86166";"86166";"0";"17232,21345577966";"0,07253441032425782";"219,9375";"221,78125";"0,19933300000047893";"0,3408749999999827";"0,8425409999999829";"0,33658300000001873";"124,99284415967188";"2254";"2254";"183,99937500001397";"{""identity"":86166}";"2304,41";"5000,286249999999";"true";"false";""
"boutique";"rustyx";"image-hot";"route";"3";"4";"5000";"143921";"143921";"0";"28782,25360010029";"0,08233683757061165";"14,234375";"14,328125";"0,12762500000008004";"0,20224999999982174";"0,2879159999999956";"0,19870799999989686";"236,98397395876103";"2254";"2254";"28,619999999995343";"{""identity"":143921}";"4393,319";"5000,338125";"true";"false";""
"boutique";"next";"mixed";"mixed";"3";"4";"8000";"16838";"16838";"0";"2103,244548030389";"0,6039909727996199";"307,671875";"335,015625";"0,9670420000002196";"5,6466669999999795";"6,9133750000000305";"4,5290829999999005";"127,03407206003716";"5054,242071504929";"5054,242071504929";"188,88333299997612";"{""identity"":16838}";"1045,685";"8005,726208";"true";"false";""
"boutique";"rustyx";"mixed";"mixed";"3";"4";"8000";"97741";"97741";"0";"12216,659946474612";"0,22661933068006263";"291,203125";"295,5625";"0,18762499999957072";"0,8445419999998194";"1,423291000000063";"0,8076249999999163";"276,85313002160063";"3780,368852375155";"3780,368852375155";"29,08370799999102";"{""identity"":97741}";"4430,533";"8000,631958999999";"true";"false";""
"boutique";"rustyx";"capacity-1";"capacity";"1";"1";"6000";"21888";"21888";"0";"3647,7672013210954";"0,2777777777777778";"235";"250,21875";"0,19995900000049005";"0,5773329999999532";"0,7926669999997102";"0,5254159999999501";"101,32686670336376";"3779,75";"3779,75";"29,2894999999844";"{""identity"":21888}";"1385,189";"6000,382917";"true";"false";""
"boutique";"next";"capacity-1";"capacity";"1";"1";"6000";"3144";"3144";"0";"523,7831282941073";"1,1036895674300256";"171,46875";"178,34375";"0,46445799999997917";"7,020415999999841";"7,469167000000198";"5,572625000000016";"57,809397429406886";"5054";"5054";"183,54000000000815";"{""identity"":3144}";"448,441";"6002,484292";"true";"false";""
"boutique";"next";"capacity-16";"capacity";"1";"16";"6000";"12337";"12337";"0";"2052,4890339197646";"0,6476452946421334";"310,359375";"342,171875";"4,148332999999184";"21,624832999999967";"26,406499999999994";"17,121582999999873";"132,92848651227138";"5054,200778147037";"5054,200778147037";"190,63612499999";"{""identity"":12337}";"837,461";"6010,75075";"true";"false";""
"boutique";"rustyx";"capacity-16";"capacity";"1";"16";"6000";"86850";"86850";"0";"14470,08358893117";"0,24812895797351756";"308,265625";"312,671875";"0,37712499999997817";"3,502874999999676";"5,041749999999865";"3,4632910000000265";"359,0446762711188";"3780,327587795049";"3780,327587795049";"28,10120800000732";"{""identity"":86850}";"4057,497";"6002,0385830000005";"true";"false";""
"boutique";"next";"capacity-64";"capacity";"1";"64";"6000";"12056";"12056";"0";"1998,752479038102";"0,6975779694757797";"360,71875";"373,515625";"16,70849999999973";"87,45233299999995";"106,51779199999999";"68,77649999999994";"139,428569581208";"5054";"5054";"184,7422910000023";"{""identity"":12056}";"851,893";"6031,762375";"true";"false";""
"boutique";"rustyx";"capacity-64";"capacity";"1";"64";"6000";"83571";"83571";"0";"13909,31094644014";"0,2566679829127329";"315,46875";"319,421875";"4,829790999999659";"11,52875000000006";"15,712208000000146";"11,48791700000038";"357,00747843287866";"3780,2674492347824";"3780,2674492347824";"29,93887499999255";"{""identity"":83571}";"4067,763";"6008,2775";"true";"false";""
"boutique";"next";"capacity-128";"capacity";"1";"128";"6000";"11979";"11979";"0";"1977,832434590331";"0,7162534435261708";"394,25";"476,28125";"33,426749999999856";"178,52829200000008";"212,62583299999994";"140,287333";"141,66292919930746";"5053,930044244094";"5053,930044244094";"182,0714169999992";"{""identity"":11979}";"873,006";"6056,630375";"true";"false";""
"boutique";"rustyx";"capacity-128";"capacity";"1";"128";"6000";"80380";"80380";"0";"13362,021637009262";"0,2653645185369495";"307,09375";"320,515625";"13,312790999999834";"24,160084000000097";"34,284959000000015";"24,126958999999943";"354,58064383852644";"3780,254901716845";"3780,254901716845";"28,45800000001327";"{""identity"":80380}";"4143,917";"6015,556791";"true";"false";""
"boutique-node";"next";"static";"route";"1";"4";"5000";"49958";"49958";"0";"9990,5283479938";"0,11910004403699108";"234,921875";"236";"0,2785000000000082";"0,7052499999999782";"1,0777499999999947";"0,6935000000000855";"118,98723661988693";"7531";"7531";"178,876082999981";"{""identity"":49958}";"2039,107";"5000,536334";"true";"false";""
"boutique-node";"rustyx";"static";"route";"1";"4";"5000";"134553";"134553";"0";"26908,78791916746";"0,09223131405468477";"8,796875";"8,890625";"0,13550000000032014";"0,22254099999986465";"0,32683299999996507";"0,21462500000006912";"248,18328694036413";"6323";"6323";"28,4047080000164";"{""identity"":134553}";"4336,701";"5000,336708000001";"true";"false";""
"boutique-node";"next";"runtime";"route";"1";"4";"5000";"52159";"52159";"0";"10430,724765426716";"0,11388255142928354";"232,453125";"234,015625";"0,2616250000000946";"0,6972500000001673";"1,0846670000000103";"0,6886250000006839";"118,78775495434095";"5872";"5872";"188,07133399997838";"{""identity"":52159}";"1990,008";"5000,515417";"true";"false";""
"boutique-node";"rustyx";"runtime";"route";"1";"4";"5000";"136395";"136395";"0";"27277,046281560084";"0,095751310531911";"8,828125";"8,875";"0,1360410000002048";"0,20545900000001893";"0,2915000000000134";"0,19987500000024738";"261,1812928898968";"4009";"4009";"28,2212920000311";"{""identity"":136395}";"4089,608";"5000,358125";"true";"false";""
"boutique-node";"next";"mixed";"mixed";"1";"4";"8000";"57094";"57094";"0";"7136,203411419956";"0,16849406242337198";"257,46875";"259,078125";"0,43025000000034197";"0,9999580000000492";"1,4676249999997708";"0,9902079999999387";"120,24079030696743";"5049,071566189092";"5049,071566189092";"185,76633399998536";"{""identity"":57094}";"2276,571";"8000,61275";"true";"false";""
"boutique-node";"rustyx";"mixed";"mixed";"1";"4";"8000";"191367";"191367";"0";"23919,795870369206";"0,11532813912534554";"166,0625";"168,328125";"0,1519590000007156";"0,2482079999999769";"0,36883399999987887";"0,24049999999999727";"275,86255459878055";"3704,998411429348";"3704,998411429348";"29,144124999991618";"{""identity"":191367}";"6192,618";"8000,360916";"true";"false";""
"boutique-node";"rustyx";"static";"route";"2";"4";"5000";"133066";"133066";"0";"26611,656523921614";"0,09341229164474772";"8,796875";"8,796875";"0,1385419999999158";"0,21812499999987267";"0,3073749999999791";"0,20987500000001091";"248,5855820362419";"6323";"6323";"28,052582999982405";"{""identity"":133066}";"4388,706";"5000,29";"true";"false";""
"boutique-node";"next";"static";"route";"2";"4";"5000";"49795";"49795";"0";"9957,944541525332";"0,11928908524952304";"230,71875";"235,9375";"0,27854200000001583";"0,7242089999999735";"1,0954169999999976";"0,713457999999946";"118,7874095324038";"7531";"7531";"174,74420800001826";"{""identity"":49795}";"2047,382";"5000,529958";"true";"false";""
"boutique-node";"rustyx";"runtime";"route";"2";"4";"5000";"134747";"134747";"0";"26947,505590357";"0,09684816730613668";"8,796875";"8,8125";"0,13720800000010058";"0,20875000000023647";"0,3060839999999416";"0,2030830000003334";"260,98165298979484";"4009";"4009";"27,60191600001417";"{""identity"":134747}";"4095,123";"5000,3515";"true";"false";""
"boutique-node";"next";"runtime";"route";"2";"4";"5000";"52181";"52181";"0";"10435,079706538834";"0,1144094593817673";"230,984375";"235,609375";"0,2660000000000764";"0,690375000000131";"1,0649170000000368";"0,6820419999999103";"119,3871827830759";"5872";"5872";"186,44262499996694";"{""identity"":52181}";"2022,448";"5000,536792";"true";"false";""
"boutique-node";"rustyx";"mixed";"mixed";"2";"4";"8000";"186903";"186903";"0";"23361,754611131917";"0,11802913810907262";"163,90625";"165,765625";"0,15512499999931606";"0,2559589999991658";"0,38191699999970297";"0,24791600000025937";"275,73677614675535";"3704,998373487852";"3704,998373487852";"27,83383399999002";"{""identity"":186903}";"6151,556";"8000,383666000001";"true";"false";""
"boutique-node";"next";"mixed";"mixed";"2";"4";"8000";"57179";"57179";"0";"7146,443878214137";"0,16841847531436366";"259,953125";"261,09375";"0,4309579999999187";"1,0080000000000098";"1,46783300000061";"0,9982089999999744";"120,35931818884929";"5048,985606603823";"5048,985606603823";"175,93016599997645";"{""identity"":57179}";"2309,821";"8001,042332999999";"true";"false";""
"boutique-node";"next";"static";"route";"3";"4";"5000";"49933";"49933";"0";"9985,609593289466";"0,1189594056035087";"233,59375";"234,96875";"0,2786670000000413";"0,7310419999998885";"1,0962499999995998";"0,7208749999999782";"118,78821818064092";"7531";"7531";"180,18533299997216";"{""identity"":49933}";"2076,051";"5000,495916999999";"true";"false";""
"boutique-node";"rustyx";"static";"route";"3";"4";"5000";"135868";"135868";"0";"27171,786962514925";"0,09133865222127359";"8,75";"8,9375";"0,13529099999959726";"0,21337499999981446";"0,31062500000007276";"0,20533400000000768";"248,18343995996867";"6323";"6323";"28,835375000024214";"{""identity"":135868}";"4340,675";"5000,333625";"true";"false";""
"boutique-node";"next";"runtime";"route";"3";"4";"5000";"52666";"52666";"0";"10532,081756219533";"0,11392549272775605";"235,546875";"241,984375";"0,26391700000021956";"0,6817499999999654";"1,0538339999998243";"0,6730839999999603";"119,98726035263205";"5872";"5872";"185,46212500002002";"{""identity"":52666}";"2055,675";"5000,530875";"true";"false";""
"boutique-node";"rustyx";"runtime";"route";"3";"4";"5000";"135365";"135365";"0";"27071,108406300107";"0,09581501865327079";"8,828125";"8,859375";"0,13641699999971024";"0,20704200000000128";"0,2985420000000012";"0,2012920000001941";"259,38187569143605";"4009";"4009";"28,696707999974024";"{""identity"":135365}";"4100,968";"5000,349375000001";"true";"false";""
"boutique-node";"next";"mixed";"mixed";"3";"4";"8000";"57134";"57134";"0";"7141,1944748773585";"0,16872615255364581";"258,265625";"259,421875";"0,43066599999929167";"1,0103330000001733";"1,4848749999998745";"1,0003750000000764";"120,49062683834099";"5049,071516084993";"5049,071516084993";"186,62679199996637";"{""identity"":57134}";"2320,319";"8000,622332999999";"true";"false";""
"boutique-node";"rustyx";"mixed";"mixed";"3";"4";"8000";"189028";"189028";"0";"23627,482172369546";"0,11680809192288973";"165,15625";"167,703125";"0,15379099999972823";"0,25108300000010786";"0,37387500000022555";"0,2428330000002461";"275,988110949658";"3705";"3705";"28,51879200001713";"{""identity"":189028}";"6208,38";"8000,344625";"true";"false";""
"boutique-node";"rustyx";"capacity-1";"capacity";"1";"1";"6000";"52652";"52652";"0";"8775,095430258609";"0,09819190154220163";"125,875";"126,375";"0,0989999999999327";"0,15941699999984849";"0,24054199999955017";"0,1490000000000009";"86,16433065113766";"3705";"3705";"29,09579200000735";"{""identity"":52652}";"2067,594";"6000,162667";"true";"false";""
"boutique-node";"next";"capacity-1";"capacity";"1";"1";"6000";"30761";"30761";"0";"5126,593807763015";"0,20025356782939435";"233,140625";"249,28125";"0,16254200000003038";"0,32291699999996126";"0,6033749999996871";"0,3125";"102,6618700816624";"5049,080686583661";"5049,080686583661";"189,93704200000502";"{""identity"":30761}";"1486,323";"6000,280333";"true";"false";""
"boutique-node";"next";"capacity-16";"capacity";"1";"16";"6000";"41463";"41463";"0";"6907,47730635068";"0,17871355184140078";"257,421875";"265,28125";"1,9828330000000278";"3,993832999999995";"5,34904199999994";"3,9847920000001977";"123,44598036818016";"5048,98015097798";"5048,98015097798";"170,28241699998034";"{""identity"":41463}";"1783,615";"6002,625584";"true";"false";""
"boutique-node";"rustyx";"capacity-16";"capacity";"1";"16";"6000";"180312";"180312";"0";"30049,211683565863";"0,1767491902923821";"169,28125";"176,9375";"0,45833300000003874";"0,97037499999999";"1,464500000000001";"0,9450829999996131";"531,1173833994654";"3705";"3705";"28,65533300000243";"{""identity"":180312}";"5802,951";"6000,55675";"true";"false";""
"boutique-node";"next";"capacity-64";"capacity";"1";"64";"6000";"40683";"40683";"0";"6770,847546317971";"0,1823857630951503";"266,25";"268,40625";"8,609166000000187";"14,658333000000084";"17,817499999999995";"14,648290999999972";"123,49061965361291";"5048,979770420077";"5048,979770420077";"175,76325000001816";"{""identity"":40683}";"1799,208";"6008,553540999999";"true";"false";""
"boutique-node";"rustyx";"capacity-64";"capacity";"1";"64";"6000";"167042";"167042";"0";"27833,913557146014";"0,16953819997365932";"178,140625";"187,3125";"1,8441250000005311";"4,732915999999932";"9,593665999999757";"4,6119169999999485";"471,89116027009686";"3705,019522036374";"3705,019522036374";"28,759833999967668";"{""identity"":167042}";"5673,512";"6001,383875";"true";"false";""
"boutique-node";"next";"capacity-128";"capacity";"1";"128";"6000";"39339";"39339";"0";"6537,651314927669";"0,1878542921782455";"266,640625";"300,140625";"17,56379199999992";"30,627917000000025";"39,943209000000024";"30,614666999999997";"122,81258602739132";"5048,979079285188";"5048,979079285188";"194,08808299998054";"{""identity"":39339}";"1811,828";"6017,298584";"true";"false";""
"boutique-node";"rustyx";"capacity-128";"capacity";"1";"128";"6000";"170714";"170714";"0";"28438,651379660198";"0,18194172709912484";"182,4375";"192,78125";"3,650166999999783";"8,8247080000001";"11,584124999999403";"8,565458000000035";"517,4177348385286";"3705,0191021240203";"3705,0191021240203";"27,696500000020023";"{""identity"":170714}";"5922,482";"6002,886625";"true";"false";""
"journal";"next";"static";"route";"1";"4";"5000";"73117";"73117";"0";"14622,420786196179";"0,10325915997647606";"199,734375";"200,9375";"0,24116700000013225";"0,4323330000000283";"0,8127910000000611";"0,42541700000001015";"150,98988872051802";"2150";"2150";"173,58983300003456";"{""identity"":73117}";"2184,009";"5000,334833";"true";"false";""
"journal";"rustyx";"static";"route";"1";"4";"5000";"162374";"162374";"0";"32472,411115120463";"0,07531994038454433";"8,671875";"8,671875";"0,1135829999999487";"0,17804200000000492";"0,2552080000000103";"0,17445900000029724";"244,58200693332878";"1840";"1840";"29,39437499997439";"{""identity"":162374}";"4328,728";"5000,367832999999";"true";"false";""
"journal";"next";"isr-hit";"route";"1";"4";"5000";"40038";"40038";"0";"8006,630864589541";"0,14711024526699634";"220,765625";"227,984375";"0,359208999999737";"0,8688329999999951";"1,3218750000000057";"0,8613339999999425";"117,78574302520704";"1987";"1987";"171,70495900005335";"{""identity"":40038}";"1471,401";"5000,605208";"true";"false";""
"journal";"rustyx";"isr-hit";"route";"1";"4";"5000";"151399";"151399";"0";"30277,641961069225";"0,08282749555809484";"82,609375";"82,625";"0,12162499999999454";"0,19004200000000537";"0,2767499999999927";"0,18608300000001066";"250,78212550400468";"1693";"1693";"28,9340830000001";"{""identity"":151399}";"4134,393";"5000,356375";"true";"false";""
"journal";"next";"ssr";"route";"1";"4";"5000";"22285";"22285";"0";"4456,244926729623";"0,27911150998429435";"198,53125";"245,03125";"0,7618750000001455";"1,7125420000002123";"2,2692499999999995";"1,693916999999999";"124,37892503593562";"1807,005833520305";"1807,005833520305";"170,06533299997682";"{""identity"":22285}";"1301,502";"5000,847208";"true";"false";""
"journal";"rustyx";"ssr";"route";"1";"4";"5000";"77040";"77040";"0";"15406,706351250486";"0,11656282450674973";"142,46875";"143,765625";"0,23120800000015151";"0,3981670000000008";"0,6186249999999802";"0,38016600000000267";"179,58492086478373";"1489,2789460020767";"1489,2789460020767";"29,259290999965742";"{""identity"":77040}";"3616,902";"5000,419833";"true";"false";""
"journal";"next";"api-pages";"route";"1";"4";"5000";"61377";"61377";"0";"12274,27997195256";"0,09954869087769035";"212,390625";"214,296875";"0,2239169999998012";"0,6254169999999704";"0,986583000000337";"0,6217919999999708";"122,18885026741309";"35";"35";"163,29341599997133";"{""identity"":61377}";"1975,928";"5000,45625";"true";"false";""
"journal";"rustyx";"api-pages";"route";"1";"4";"5000";"130658";"130658";"0";"26129,958819094507";"0,08526075709103155";"136,203125";"136,546875";"0,12616700000012315";"0,2483749999999958";"0,7049580000000333";"0,2453339999999571";"222,78600716734744";"35";"35";"27,74683299998287";"{""identity"":130658}";"3751,83";"5000,314042";"true";"false";""
"journal";"next";"mixed";"mixed";"1";"4";"8000";"53230";"53230";"0";"6653,334166614586";"0,18899117039263574";"253,75";"257,328125";"0,39962500000001455";"1,5459580000000415";"2,198082999999997";"1,5413340000000062";"125,74214111618024";"1495,062859289874";"1495,062859289874";"164,11304099997506";"{""identity"":53230}";"2168,353";"8000,5";"true";"false";""
"journal";"rustyx";"mixed";"mixed";"1";"4";"8000";"182591";"182591";"0";"22822,705456164575";"0,0991834208695938";"230,21875";"232,421875";"0,15912500000013097";"0,295708999999988";"0,5132079999998496";"0,28533299999992323";"226,36340006415455";"1264,9961060512292";"1264,9961060512292";"28,9879999999539";"{""identity"":182591}";"6068,103";"8000,409958";"true";"false";""
"journal";"next";"api-upload";"route";"1";"4";"5000";"48379";"48379";"0";"9674,79535377079";"0,13600942557721327";"284,671875";"287,6875";"0,28891699999985576";"0,8091249999999945";"1,2233329999999114";"0,805958000000004";"131,5863358643457";"35";"35";"168,65908399998443";"{""identity"":48379}";"1988,99";"5000,519208000001";"true";"false";""
"journal";"rustyx";"api-upload";"route";"1";"4";"5000";"78970";"78970";"0";"15792,680521542427";"0,14169937951120679";"213,515625";"223,671875";"0,19762500000024374";"0,66599999999994";"1,0753749999998945";"0,6632500000000618";"223,78130307212834";"35";"35";"28,403166999982204";"{""identity"":78970}";"3040,02";"5000,41775";"true";"false";""
"journal";"rustyx";"static";"route";"2";"4";"5000";"159931";"159931";"0";"31984,33478234223";"0,07565762735179546";"8,765625";"8,765625";"0,11449999999990723";"0,1831250000000182";"0,27325000000001864";"0,17949999999973443";"241,98588820575185";"1840";"1840";"28,75091699999757";"{""identity"":159931}";"4343,946";"5000,291583";"true";"false";""
"journal";"next";"static";"route";"2";"4";"5000";"72937";"72937";"0";"14586,226538075012";"0,1035139915269342";"201,046875";"202,046875";"0,24145800000019335";"0,4316249999999968";"0,8134169999993901";"0,42583300000001145";"150,98785302722396";"2150";"2150";"163,49233300000196";"{""identity"":72937}";"2173,159";"5000,40225";"true";"false";""
"journal";"rustyx";"isr-hit";"route";"2";"4";"5000";"147965";"147965";"0";"29591,07337255843";"0,08481735545568209";"84,8125";"84,8125";"0,12466700000004494";"0,19508399999995163";"0,2780410000000302";"0,19124999999985448";"250,98365885554574";"1693";"1693";"26,421208999992814";"{""identity"":147965}";"4170,651";"5000,3255420000005";"true";"false";""
"journal";"next";"isr-hit";"route";"2";"4";"5000";"39375";"39375";"0";"7873,813613133842";"0,14933333333333335";"219,96875";"227,984375";"0,36541699999997945";"0,8935000000000173";"1,3272499999999923";"0,8872910000000047";"117,58228328946538";"1987";"1987";"170,6158750000177";"{""identity"":39375}";"1454,016";"5000,753374999999";"true";"false";""
"journal";"rustyx";"ssr";"route";"2";"4";"5000";"76707";"76707";"0";"15339,982585609092";"0,11693848019085612";"143,03125";"148,234375";"0,23270899999988615";"0,396541999999954";"0,6225829999998496";"0,37904200000002675";"179,38342497153263";"1489,275815766488";"1489,275815766488";"28,276165999937803";"{""identity"":76707}";"3642,534";"5000,4619999999995";"true";"false";""
"journal";"next";"ssr";"route";"2";"4";"5000";"22471";"22471";"0";"4493,539636604668";"0,27635619242579323";"221,84375";"247,203125";"0,7585000000000264";"1,711874999999992";"2,2642499999999757";"1,6906669999999622";"124,18175044864486";"1807,022339904766";"1807,022339904766";"163,5458749999525";"{""identity"":22471}";"1288,708";"5000,734792";"true";"false";""
"journal";"rustyx";"api-pages";"route";"2";"4";"5000";"129644";"129644";"0";"25927,07023402602";"0,08600475147326525";"137,9375";"138,234375";"0,1273750000000291";"0,24829199999999219";"0,7143329999998969";"0,24491699999998673";"222,98512319073012";"35";"35";"27,734750000061467";"{""identity"":129644}";"3751,502";"5000,3335830000005";"true";"false";""
"journal";"next";"api-pages";"route";"2";"4";"5000";"61384";"61384";"0";"12275,691708815175";"0,09953733872018768";"216,59375";"218,5";"0,22287499999993088";"0,6370000000006257";"0,995209000000159";"0,6332499999998618";"122,18896836449356";"35";"35";"164,9106249999022";"{""identity"":61384}";"1984,349";"5000,451417";"true";"false";""
"journal";"rustyx";"mixed";"mixed";"2";"4";"8000";"184607";"184607";"0";"23074,490051801225";"0,0982086269751418";"237,5";"240,03125";"0,15991699999995035";"0,27958300000000236";"0,49345800000000395";"0,2699999999999818";"226,61139861389665";"1265,0043389470604";"1265,0043389470604";"27,843791999970563";"{""identity"":184607}";"6127,993";"8000,480165999999";"true";"false";""
"journal";"next";"mixed";"mixed";"2";"4";"8000";"53210";"53210";"0";"6650,804431019846";"0,1888742717534298";"251,078125";"254,296875";"0,40124999999989086";"1,5569159999995463";"2,1725420000000213";"1,5515830000003916";"125,61658434833573";"1495,0627889494456";"1495,0627889494456";"165,46441700006835";"{""identity"":53210}";"2151,47";"8000,5359579999995";"true";"false";""
"journal";"rustyx";"api-upload";"route";"2";"4";"5000";"78716";"78716";"0";"15741,611013449403";"0,14190253569795214";"213,203125";"239";"0,19704100000035396";"0,670542000000296";"1,0911659999999301";"0,6681669999998121";"223,37745187792802";"35";"35";"28,994542000000365";"{""identity"":78716}";"3021,669";"5000,504709";"true";"false";""
"journal";"next";"api-upload";"route";"2";"4";"5000";"47804";"47804";"0";"9559,776943262817";"0,13722701029202578";"244,796875";"247,265625";"0,2907079999999951";"0,8241250000000946";"1,2644170000003214";"0,8203750000002401";"131,18596089825974";"35";"35";"169,06599999999162";"{""identity"":47804}";"2002,841";"5000,535084";"true";"false";""
"journal";"next";"static";"route";"3";"4";"5000";"73263";"73263";"0";"14651,468053950795";"0,1031898775643913";"202,421875";"203,9375";"0,24016600000004473";"0,4324160000000177";"0,8269580000001042";"0,4265829999999369";"151,1883194625773";"2150";"2150";"163,9611670000013";"{""identity"":73263}";"2185,613";"5000,386291";"true";"false";""
"journal";"rustyx";"static";"route";"3";"4";"5000";"162663";"162663";"0";"32530,67689698615";"0,07524759779421257";"8,765625";"8,765625";"0,11320900000009715";"0,17774999999983265";"0,2592080000003989";"0,17412500000000364";"244,7855291117897";"1840";"1840";"28,54195800004527";"{""identity"":162663}";"4331,886";"5000,295583";"true";"false";""
"journal";"next";"isr-hit";"route";"3";"4";"5000";"39761";"39761";"0";"7951,328402415044";"0,14813510726591383";"220,5";"227,4375";"0,3621660000001157";"0,8791670000000522";"1,2952909999999065";"0,8731669999999667";"117,78708857982599";"1987";"1987";"169,88320899999235";"{""identity"":39761}";"1460,936";"5000,548083";"true";"false";""
"journal";"rustyx";"isr-hit";"route";"3";"4";"5000";"150627";"150627";"0";"30123,663117782493";"0,08278728249251462";"81,53125";"81,5625";"0,12212499999986903";"0,19129199999997581";"0,27720799999997325";"0,18758400000024267";"249,3856208241203";"1693";"1693";"27,676040999940597";"{""identity"":150627}";"4142,045";"5000,288291999999";"true";"false";""
"journal";"next";"ssr";"route";"3";"4";"5000";"22476";"22476";"0";"4494,498595740346";"0,2776294714361986";"226,53125";"248,734375";"0,7576249999999618";"1,7123330000001715";"2,279541999999992";"1,6914170000000013";"124,78052695061292";"1807,0227798540666";"1807,0227798540666";"168,09199999994598";"{""identity"":22476}";"1304,046";"5000,780292";"true";"false";""
"journal";"rustyx";"ssr";"route";"3";"4";"5000";"76018";"76018";"0";"15201,386045814072";"0,11773527322476256";"142,84375";"147,28125";"0,23466699999971752";"0,4029999999999916";"0,6252080000000433";"0,3852080000000342";"178,97393394990127";"1489,2692520192586";"1489,2692520192586";"29,056709000025876";"{""identity"":76018}";"3612,821";"5000,7282079999995";"true";"false";""
"journal";"next";"api-pages";"route";"3";"4";"5000";"61416";"61416";"0";"12282,092359151937";"0,0994854760974339";"219,671875";"220,90625";"0,223084000000199";"0,640584000000672";"0,9963330000000497";"0,63675000000012";"122,18898058228855";"35";"35";"164,73704199993517";"{""identity"":61416}";"1976,527";"5000,450917";"true";"false";""
"journal";"rustyx";"api-pages";"route";"3";"4";"5000";"129468";"129468";"0";"25891,872364816456";"0,08612166713010165";"137,953125";"138,34375";"0,1273750000000291";"0,25008299999990413";"0,7115420000000086";"0,24687500000004547";"222,98512131778006";"35";"35";"28,523374999989755";"{""identity"":129468}";"3731,842";"5000,333625";"true";"false";""
"journal";"next";"mixed";"mixed";"3";"4";"8000";"53430";"53430";"0";"6678,366828703203";"0,18809657495788884";"244,265625";"250,484375";"0,3987080000001697";"1,5457499999999982";"2,159958000000188";"1,542500000000473";"125,61779267914504";"1495,0635597978664";"1495,0635597978664";"161,7495409999974";"{""identity"":53430}";"2143,439";"8000,459";"true";"false";""
"journal";"rustyx";"mixed";"mixed";"3";"4";"8000";"185530";"185530";"0";"23190,26405142994";"0,09685765105373793";"232,390625";"235,421875";"0,15850000000000364";"0,2809159999997064";"0,4992080000001806";"0,2712079999996604";"224,6154503337444";"1265,0068129143535";"1265,0068129143535";"28,883874999941327";"{""identity"":185530}";"6127,48";"8000,340125";"true";"false";""
"journal";"next";"api-upload";"route";"3";"4";"5000";"48575";"48575";"0";"9713,235913175802";"0,13566649511065362";"237,453125";"238,375";"0,29025000000001455";"0,8027910000000702";"1,2124999999998636";"0,7994579999999587";"131,77606725234904";"35";"35";"172,7112499999348";"{""identity"":48575}";"1988,47";"5000,908084000001";"true";"false";""
"journal";"rustyx";"api-upload";"route";"3";"4";"5000";"78810";"78810";"0";"15760,572615372057";"0,141733282578353";"220,8125";"227,9375";"0,1981670000000122";"0,6665000000002692";"1,0765419999997903";"0,6639579999999796";"223,37976920911797";"35";"35";"26,907083000056446";"{""identity"":78810}";"3063,263";"5000,452834000001";"true";"false";""
"journal";"rustyx";"capacity-1";"capacity";"1";"1";"6000";"49520";"49520";"0";"8252,968598888085";"0,10238287560581583";"212,90625";"213,359375";"0,1013329999996131";"0,1928330000000642";"0,30545900000004167";"0,17766699999992852";"84,49626574386629";"1264,2196082390954";"1264,2196082390954";"27,016583000076935";"{""identity"":49520}";"2046,998";"6000,265166";"true";"false";""
"journal";"next";"capacity-1";"capacity";"1";"1";"6000";"24085";"24085";"0";"4014,0422868833584";"0,24330496159435333";"195,515625";"246,296875";"0,20433300000013332";"0,4529579999998532";"0,6627920000000813";"0,431041999999934";"97,66364044482657";"1494,8159850529375";"1494,8159850529375";"164,6045419999864";"{""identity"":24085}";"1365,238";"6000,185917";"true";"false";""
"journal";"next";"capacity-16";"capacity";"1";"16";"6000";"37688";"37688";"0";"6279,822295052342";"0,20855444703884526";"239,46875";"251,046875";"1,488917000000015";"6,845332999999982";"9,595250000000007";"6,841333000000077";"130,96848662468534";"1494,9552642751007";"1494,9552642751007";"184,84504199994262";"{""identity"":37688}";"1712,953";"6001,443708";"true";"false";""
"journal";"rustyx";"capacity-16";"capacity";"1";"16";"6000";"178630";"178630";"0";"29768,328892789563";"0,14975088171079887";"244,140625";"244,34375";"0,45829200000025594";"1,1188750000001164";"1,8788749999999936";"1,1075409999998556";"445,78334987522857";"1264,9781055813694";"1264,9781055813694";"29,40783299994655";"{""identity"":178630}";"5841,344";"6000,67275";"true";"false";""
"journal";"next";"capacity-64";"capacity";"1";"64";"6000";"37127";"37127";"0";"6181,408145903675";"0,21466857004336468";"260,9375";"268,875";"5,599874999999884";"27,51995799999986";"39,29720800000007";"27,515333000000282";"132,6954047535548";"1494,990141945215";"1494,990141945215";"165,36008400004357";"{""identity"":37127}";"1706,901";"6006,2366250000005";"true";"false";""
"journal";"rustyx";"capacity-64";"capacity";"1";"64";"6000";"181339";"181339";"0";"30215,97421228104";"0,1546275208311505";"248,828125";"249,078125";"1,9275420000000167";"4,608000000000004";"6,935541999999998";"4,596000000000004";"467,22211819429924";"1264,9909010196372";"1264,9909010196372";"28,82820900005754";"{""identity"":181339}";"6071,935";"6001,428209000001";"true";"false";""
"journal";"next";"capacity-128";"capacity";"1";"128";"6000";"36324";"36324";"0";"6040,9851596089875";"0,2221671622068054";"294,015625";"297,90625";"11,957790999999816";"55,89183400000002";"78,79262500000004";"55,88820900000019";"134,2108529843754";"1494,944196674375";"1494,944196674375";"162,32312499999534";"{""identity"":36324}";"1706,258";"6012,926541";"true";"false";""
"journal";"rustyx";"capacity-128";"capacity";"1";"128";"6000";"173283";"173283";"0";"28866,143101389924";"0,15235193296514948";"252,84375";"253,171875";"3,824124999999867";"8,933125000000018";"13,171166999999997";"8,923666999999966";"439,78126987453703";"1264,9556101868043";"1264,9556101868043";"27,83850000007078";"{""identity"":173283}";"6126,369";"6002,9841670000005";"true";"false";""
"dashboard";"next";"ppr-html";"route";"1";"4";"5000";"4192";"4192";"0";"838,0701565381405";"1,6412213740458015";"259,5";"430,828125";"4,6584170000000995";"6,674416999999721";"8,489292000000205";"1,7380419999999503";"137,5458653860307";"8771,470419847328";"8771,470419847328";"179,6925409999676";"{""identity"":4192}";"767,243";"5001,967875";"true";"false";""
"dashboard";"rustyx";"ppr-html";"route";"1";"4";"5000";"6572";"6572";"0";"1314,0822769820081";"1,5003043213633598";"256,953125";"261,328125";"2,8301249999999527";"4,3702500000000555";"5,693041999999991";"1,4097499999998035";"197,152331878311";"7338,770237370663";"7338,770237370663";"27,12812499993015";"{""identity"":6572}";"1021,183";"5001,208916";"true";"false";""
"dashboard";"next";"ppr-flight";"route";"1";"4";"5000";"7183";"7183";"0";"1435,796193335378";"0,9021300292356954";"261,515625";"276,453125";"2,654457999999977";"4,336999999999534";"5,574125000000095";"4,308874999999716";"129,52748618701446";"4649,845468467214";"4649,845468467214";"172,88220899994485";"{""identity"":7183}";"704,548";"5002,799167";"true";"false";""
"dashboard";"rustyx";"ppr-flight";"route";"1";"4";"5000";"8394";"8394";"0";"1678,1715804584148";"1,1091255658803907";"229,125";"231,4375";"2,2269999999998618";"3,3870830000000183";"4,398874999999975";"3,326542000000245";"186,1303003820329";"3592,8677626876342";"3592,8677626876342";"27,349832999985665";"{""identity"":8394}";"787,433";"5001,872334";"true";"false";""
"dashboard";"next";"api-session";"route";"1";"4";"5000";"31749";"31749";"0";"6348,8824277671265";"0,20189612271252638";"256,125";"256,953125";"0,4847500000000764";"1,3108330000000024";"1,775624999999991";"1,3011249999999563";"128,18147457238743";"26,650067718668303";"26,650067718668303";"173,05737499997485";"{""identity"":31749}";"1457,88";"5000,722625";"true";"false";""
"dashboard";"rustyx";"api-session";"route";"1";"4";"5000";"67333";"67333";"0";"13465,127924889612";"0,1473274620171387";"169,796875";"170,265625";"0,2590829999999187";"0,4907499999999345";"0,8250829999997222";"0,46937500000001364";"198,3783122910088";"26,834999183164275";"26,834999183164275";"27,68208300007973";"{""identity"":67333}";"3062,294";"5000,546625";"true";"false";""
"dashboard";"next";"static";"route";"1";"4";"5000";"42566";"42566";"0";"8512,356992345034";"0,1404877131983273";"235,6875";"242,4375";"0,3306249999999409";"0,8778329999995549";"1,2803749999999923";"0,8642090000000735";"119,58815677823452";"7507";"7507";"176,2002499999944";"{""identity"":42566}";"1841,426";"5000,495167";"true";"false";""
"dashboard";"rustyx";"static";"route";"1";"4";"5000";"128224";"128224";"0";"25643,08020579707";"0,09974731719490891";"8,09375";"8,109375";"0,14420800000016243";"0,2202079999997295";"0,31741699999997763";"0,21216700000059063";"255,78284551421305";"5447";"5447";"27,51529200002551";"{""identity"":128224}";"4224,167";"5000,335333";"true";"false";""
"dashboard";"next";"mixed";"mixed";"1";"4";"8000";"13736";"13736";"0";"1716,323241302611";"0,7738788584740827";"289,296875";"291,03125";"1,08075000000008";"6,128083000000004";"7,7491250000002765";"1,787208000000021";"132,8226270751802";"5435,04011357018";"5435,04011357018";"184,1313749999972";"{""identity"":13736}";"1236,906";"8003,154458";"true";"false";""
"dashboard";"rustyx";"mixed";"mixed";"1";"4";"8000";"29047";"29047";"0";"3630,398491138446";"0,6269149998278651";"266,9375";"272,28125";"0,3860829999998714";"3,2899579999998423";"4,460874999999987";"0,86850000000004";"227,59512694471408";"4271,17926119737";"4271,17926119737";"27,572124999947846";"{""identity"":29047}";"2341,13";"8001,050042";"true";"false";""
"dashboard";"rustyx";"ppr-html";"route";"2";"4";"5000";"6077";"6077";"0";"1214,8015382265255";"1,6142833635017277";"257,046875";"268,671875";"3,08862500000032";"4,626332999999988";"6,236541999999872";"1,4824580000001788";"196,10339131153884";"7338,751522132631";"7338,751522132631";"27,98112500004936";"{""identity"":6077}";"1001,936";"5002,463208";"true";"false";""
"dashboard";"next";"ppr-html";"route";"2";"4";"5000";"4252";"4252";"0";"849,9798549576943";"1,6133584195672626";"262,96875";"272,234375";"4,576375000000098";"6,549750000000017";"8,490291999999954";"1,7430419999999458";"137,13221554585567";"8771,47789275635";"8771,47789275635";"174,9955830000108";"{""identity"":4252}";"766,007";"5002,471500000001";"true";"false";""
"dashboard";"rustyx";"ppr-flight";"route";"2";"4";"5000";"8193";"8193";"0";"1637,9962617686501";"1,1277920175759795";"225,78125";"228,796875";"2,2852499999999054";"3,4654169999998885";"4,477416000000005";"3,4163330000000087";"184,73191088419782";"3592,8645184913953";"3592,8645184913953";"27,90625";"{""identity"":8193}";"776,041";"5001,842917";"true";"false";""
"dashboard";"next";"ppr-flight";"route";"2";"4";"5000";"7276";"7276";"0";"1454,3092233844795";"0,8960967564595932";"269,90625";"277,65625";"2,6130000000002838";"4,278792000000067";"5,567374999999856";"4,242708000000022";"130,3201777964102";"4649,8474436503575";"4649,8474436503575";"172,67345899995416";"{""identity"":7276}";"703,756";"5003,062542";"true";"false";""
"dashboard";"rustyx";"api-session";"route";"2";"4";"5000";"58894";"58894";"0";"11776,421358374202";"0,1660610588514959";"168,40625";"172,703125";"0,30254100000001927";"0,5309999999999491";"0,8951660000002448";"0,5054590000000303";"195,56050002529918";"26,81135599551737";"26,81135599551737";"27,55191699997522";"{""identity"":58894}";"3035,895";"5001,009917";"true";"false";""
"dashboard";"next";"api-session";"route";"2";"4";"5000";"32733";"32733";"0";"6545,716109698274";"0,19827085815537837";"253,859375";"263,6875";"0,47337499999980537";"1,2962079999999787";"1,8152089999999959";"1,2847499999999172";"129,78247503113616";"26,660587175022147";"26,660587175022147";"191,8185409998987";"{""identity"":32733}";"1405,525";"5000,675166999999";"true";"false";""
"dashboard";"rustyx";"static";"route";"2";"4";"5000";"103011";"103011";"0";"20599,999063140094";"0,12309365019269787";"8,125";"8,15625";"0,18062499999996362";"0,2749579999999696";"0,3750830000008136";"0,26508400000000165";"253,57290786480706";"5447";"5447";"26,552417000057176";"{""identity"":103011}";"4299,609";"5000,534208";"true";"false";""
"dashboard";"next";"static";"route";"2";"4";"5000";"43704";"43704";"0";"8739,879035246662";"0,13774482884861797";"229,234375";"238,921875";"0,32508400000006077";"0,87824999999998";"1,3308330000000126";"0,8661250000000109";"120,38731418676758";"7507";"7507";"220,69670799991582";"{""identity"":43704}";"1844,318";"5000,526875";"true";"false";""
"dashboard";"rustyx";"mixed";"mixed";"2";"4";"8000";"24980";"24980";"0";"3121,6815181283478";"0,7177742193755005";"347,625";"349,328125";"0,4496249999997417";"3,786666999999852";"4,934624999999869";"0,9807500000000005";"224,06625148135018";"4270,984267413931";"4270,984267413931";"27,658707999973558";"{""identity"":24980}";"2330,432";"8002,097541";"true";"false";""
"dashboard";"next";"mixed";"mixed";"2";"4";"8000";"13946";"13946";"0";"1742,612848028722";"0,7679621396816292";"284,15625";"291,953125";"1,0737079999998969";"6,034959000000072";"7,611667000000125";"1,747124999999869";"133,8260691408835";"5435,054567617955";"5435,054567617955";"194,07912499993108";"{""identity"":13946}";"1232,115";"8002,925042";"true";"false";""
"dashboard";"next";"ppr-html";"route";"3";"4";"5000";"4223";"4223";"0";"844,0163415993754";"1,626805588444234";"262,734375";"273,265625";"4,61241700000005";"6,679500000000019";"8,57075000000009";"1,775500000000008";"137,30505012521218";"8771,474307364433";"8771,474307364433";"177,15945799998008";"{""identity"":4223}";"760,298";"5003,457625";"true";"false";""
"dashboard";"rustyx";"ppr-html";"route";"3";"4";"5000";"6509";"6509";"0";"1301,3323011709592";"1,5409433092640958";"252,0625";"266,125";"2,8543750000001182";"4,433166";"5,983749999999873";"1,4247909999999138";"200,5279302618639";"7338,7680135197415";"7338,7680135197415";"27,855875000008382";"{""identity"":6509}";"1018,104";"5001,797";"true";"false";""
"dashboard";"next";"ppr-flight";"route";"3";"4";"5000";"7218";"7218";"0";"1443,2585850583323";"0,8963701856469937";"257,828125";"266,640625";"2,647165999999743";"4,325791000000208";"5,65133300000025";"4,294374999999945";"129,36939658253544";"4649,846217788861";"4649,846217788861";"174,60620799998287";"{""identity"":7218}";"702,747";"5001,1827920000005";"true";"false";""
"dashboard";"rustyx";"ppr-flight";"route";"3";"4";"5000";"8385";"8385";"0";"1676,4030885167617";"1,1138938580799045";"316,5625";"318,03125";"2,2315000000000964";"3,328833000000003";"4,473375000000033";"3,2815420000000586";"186,73351039650035";"3592,8676207513417";"3592,8676207513417";"26,869624999933876";"{""identity"":8385}";"791,726";"5001,780334";"true";"false";""
"dashboard";"next";"api-session";"route";"3";"4";"5000";"32582";"32582";"0";"6514,806966826438";"0,1982689828739795";"251,96875";"260,796875";"0,47087499999997817";"1,3103750000000218";"1,8357500000000186";"1,2988749999999527";"129,16841509329933";"26,659014179608373";"26,659014179608373";"171,6359999999404";"{""identity"":32582}";"1416,512";"5001,222624999999";"true";"false";""
"dashboard";"rustyx";"api-session";"route";"3";"4";"5000";"56598";"56598";"0";"11318,295944423488";"0,17315099473479628";"170,625";"173,90625";"0,31295799999998053";"0,563457999999855";"0,9246250000001055";"0,5371670000000677";"195,97742014797376";"26,80370331107106";"26,80370331107106";"27,78275000001304";"{""identity"":56598}";"3049,216";"5000,576083000001";"true";"false";""
"dashboard";"next";"static";"route";"3";"4";"5000";"44537";"44537";"0";"8906,333911830754";"0,1351685115746458";"239,890625";"250,71875";"0,32037500000001273";"0,8390839999999571";"1,214334000000008";"0,8253749999998945";"120,38558984489556";"7507";"7507";"190,12716599996202";"{""identity"":44537}";"1820,288";"5000,5985";"true";"false";""
"dashboard";"rustyx";"static";"route";"3";"4";"5000";"106379";"106379";"0";"21274,246095026425";"0,11910245443179575";"8,0625";"8,0625";"0,17562500000008185";"0,2647909999999456";"0,36358300000028976";"0,25520799999981136";"253,38149261036935";"5447";"5447";"27,624499999918044";"{""identity"":106379}";"4278,34";"5000,365208";"true";"false";""
"dashboard";"next";"mixed";"mixed";"3";"4";"8000";"13988";"13988";"0";"1747,8212626701704";"0,7663711752931084";"288,125";"297,40625";"1,0776249999998981";"6,0418329999997695";"7,478874999999988";"1,7446250000000418";"133,94798352748234";"5435,057406348298";"5435,057406348298";"191,4445419999538";"{""identity"":13988}";"1236,674";"8003,106667";"true";"false";""
"dashboard";"rustyx";"mixed";"mixed";"3";"4";"8000";"27088";"27088";"0";"3385,1129768434434";"0,6674542232722976";"273,71875";"282,515625";"0,4081670000000486";"3,4474169999998594";"4,480375000000095";"0,8849589999999949";"225,94079526480158";"4271,168118724158";"4271,168118724158";"27,91170900000725";"{""identity"":27088}";"2309,425";"8002,096292";"true";"false";""
"dashboard";"rustyx";"capacity-1";"capacity";"1";"1";"6000";"9745";"9745";"0";"1623,8741100482916";"0,7911749615187276";"204,765625";"240,5";"0,3250000000000455";"1,495792000000165";"1,8708750000000691";"0,47833300000002055";"128,4768536528715";"4270,891534120062";"4270,891534120062";"26,46208300010767";"{""identity"":9745}";"1041,765";"6001,0809580000005";"true";"false";""
"dashboard";"next";"capacity-1";"capacity";"1";"1";"6000";"5038";"5038";"0";"839,519284299032";"1,0222310440651052";"236,171875";"283,3125";"0,4238339999999994";"3,0972090000004755";"3,716874999999959";"0,6546250000001237";"85,81826745017894";"5435,441445017865";"5435,441445017865";"185,70387500000652";"{""identity"":5038}";"711,956";"6001,053334";"true";"false";""
"dashboard";"next";"capacity-16";"capacity";"1";"16";"6000";"10284";"10284";"0";"1712,0275539374675";"0,822637106184364";"288,28125";"309,609375";"4,6397500000002765";"22,939582999999857";"27,860124999999243";"6,024999999999977";"140,83773926790136";"5434,9192921042395";"5434,9192921042395";"171,141707999981";"{""identity"":10284}";"996,753";"6006,9126670000005";"true";"false";""
"dashboard";"rustyx";"capacity-16";"capacity";"1";"16";"6000";"21035";"21035";"0";"3500,92445376175";"0,700261468980271";"271,34375";"282,890625";"1,4606250000001637";"13,988624999999956";"17,823958000000005";"4,0191249999998035";"245,1562500780156";"4270,918801996672";"4270,918801996672";"27,7172080000164";"{""identity"":21035}";"1836,712";"6008,4130000000005";"true";"false";""
"dashboard";"rustyx";"capacity-16";"capacity";"2";"16";"6000";"19623";"19623";"0";"3266,2584911610197";"0,7491209295214799";"273,078125";"290,046875";"1,5743330000000242";"14,547792000000072";"18,50425000000007";"4,214167000000089";"244,68225969559694";"4270,948886510727";"4270,948886510727";"27,728000000002794";"{""identity"":19623}";"1851,617";"6007,7915";"true";"false";""
"dashboard";"next";"capacity-16";"capacity";"2";"16";"6000";"10243";"10243";"0";"1705,0610109490308";"0,8259299033486284";"286,203125";"304,1875";"4,762042000000292";"23,35808299999985";"27,892541000000165";"6,045500000000004";"140,82608759766475";"5435,240847407986";"5435,240847407986";"192,1764999999432";"{""identity"":10243}";"1001,502";"6007,409667";"true";"false";""
"dashboard";"next";"capacity-16";"capacity";"3";"16";"6000";"10178";"10178";"0";"1693,7687557160848";"0,828257024955787";"284,734375";"306,9375";"4,763541000000032";"23,329374999999345";"27,663790999999947";"5,981792000000041";"140,28758705724695";"5434,704558852427";"5434,704558852427";"170,21729200007394";"{""identity"":10178}";"1013,843";"6009,08475";"true";"false";""
"dashboard";"rustyx";"capacity-16";"capacity";"3";"16";"6000";"18141";"18141";"0";"3018,1215399101347";"0,8086654539441045";"269,953125";"283,25";"1,7312080000001515";"15,496374999999716";"18,22354099999984";"4,59416600000003";"244,0650625129909";"4270,917479742021";"4270,917479742021";"27,79874999995809";"{""identity"":18141}";"1789,546";"6010,692333";"true";"false";""
"dashboard";"next";"capacity-64";"capacity";"1";"64";"6000";"10623";"10623";"0";"1762,5425852451037";"0,8302739339169726";"332,09375";"336,5625";"17,446750000000065";"89,26429099999996";"104,231583";"21,984750000000076";"146,33931659476434";"5434,9537795349715";"5434,9537795349715";"192,326834000065";"{""identity"":10623}";"1053,624";"6027,088417";"true";"false";""
"dashboard";"rustyx";"capacity-64";"capacity";"1";"64";"6000";"17410";"17410";"0";"2886,738838800916";"0,8357265939115451";"271,8125";"282,671875";"27,161083999999846";"46,41429199999993";"51,55308299999999";"35,921875";"241,2524417263258";"4271,076278001149";"4271,076278001149";"28,46654200006742";"{""identity"":17410}";"1867,012";"6031,027042";"true";"false";""
"dashboard";"rustyx";"capacity-64";"capacity";"2";"64";"6000";"16933";"16933";"0";"2810,9346016031654";"0,8580877576330243";"270,59375";"279,75";"27,475542000000132";"48,66904199999999";"56,641125";"38,19066700000002";"241,20285691427384";"4271,069036792062";"4271,069036792062";"28,16591600002721";"{""identity"":16933}";"1836,377";"6023,975083";"true";"false";""
"dashboard";"next";"capacity-64";"capacity";"2";"64";"6000";"10590";"10590";"0";"1758,3124782779298";"0,8309726156751652";"329,046875";"337,859375";"17,434041999999863";"89,50020900000004";"104,2884160000001";"22,495791999999938";"146,11095192488935";"5434,950519357885";"5434,950519357885";"189,0706249999348";"{""identity"":10590}";"1049,454";"6022,82025";"true";"false";""
"dashboard";"next";"capacity-64";"capacity";"3";"64";"6000";"10623";"10623";"0";"1763,2398964604886";"0,827449872917255";"334,734375";"343,34375";"17,490625000000364";"88,09375";"106,408583";"22,03479100000004";"145,8992628248865";"5434,9537795349715";"5434,9537795349715";"177,3092919999035";"{""identity"":10623}";"1058,2";"6024,704874999999";"true";"false";""
"dashboard";"rustyx";"capacity-64";"capacity";"3";"64";"6000";"17164";"17164";"0";"2844,5515510800496";"0,8546958750873922";"265,515625";"278,015625";"27,32099999999997";"47,01958300000024";"52,338292000000365";"36,66683399999965";"243,1226477181562";"4271,072593800979";"4271,072593800979";"28,154499999945983";"{""identity"":17164}";"1874,33";"6033,991542";"true";"false";""
"dashboard";"next";"capacity-128";"capacity";"1";"128";"6000";"10684";"10684";"0";"1762,5622273262495";"0,8395731935604642";"379,21875";"386,96875";"32,7182499999999";"166,61366599999997";"186,22458399999994";"42,04387499999939";"147,97999980453443";"5435,272182703107";"5435,272182703107";"203,39704199996777";"{""identity"":10684}";"1100,733";"6061,6299579999995";"true";"false";""
"dashboard";"rustyx";"capacity-128";"capacity";"1";"128";"6000";"16677";"16677";"0";"2751,808853417477";"0,8700605624512802";"271,125";"290,640625";"60,20050000000083";"87,3772919999999";"105,41566699999998";"76,72483300000022";"239,4240358762823";"4270,8809737962465";"4270,8809737962465";"27,653916999930516";"{""identity"":16677}";"1856,961";"6060,377333";"true";"false";""
"dashboard";"rustyx";"capacity-128";"capacity";"2";"128";"6000";"16394";"16394";"0";"2705,8237020682454";"0,8905697206294986";"269,078125";"284,765625";"61,773957999999766";"90,03504199999998";"101,876541";"79,623584";"240,9724658423593";"4270,801451750641";"4270,801451750641";"26,99654099997133";"{""identity"":16394}";"1902,798";"6058,7835";"true";"false";""
"dashboard";"next";"capacity-128";"capacity";"2";"128";"6000";"10405";"10405";"0";"1719,5692194884602";"0,8592023065833734";"352,796875";"389,703125";"33,765290999999706";"173,18183399999998";"192,94812500000012";"45,28016699999989";"147,7457839714256";"5435,252666987026";"5435,252666987026";"194,1694579999894";"{""identity"":10405}";"1059,361";"6050,9340839999995";"true";"false";""
"dashboard";"next";"capacity-128";"capacity";"3";"128";"6000";"10601";"10601";"0";"1751,8611492495656";"0,8395434392981794";"382,484375";"391,890625";"35,27391699999998";"182,07433400000014";"208,945417";"47,8371659999998";"147,07635344138416";"5434,756249410433";"5434,756249410433";"174,7866670000367";"{""identity"":10601}";"1081,283";"6051,2786670000005";"true";"false";""
"dashboard";"rustyx";"capacity-128";"capacity";"3";"128";"6000";"17120";"17120";"0";"2825,595288517912";"0,8563084112149533";"277,109375";"289,046875";"59,77329100000043";"83,84245799999985";"94,44987499999934";"74,097666";"241,9581012247231";"4270,824007009346";"4270,824007009346";"29,604124999954365";"{""identity"":17120}";"1880,405";"6058,90025";"true";"false";""
"dashboard";"next";"sustained";"sustained";"1";"64";"60000";"128798";"128798";"0";"2145,6792466497664";"0,5969036786285501";"339,703125";"346,53125";"13,725832999996783";"67,54916599999979";"79,74516700000004";"17,166291999999885";"128,07638354821816";"5436,1212208264105";"5436,1212208264105";"192,0476670000935";"{""identity"":128798}";"9271,008";"60026,679291";"true";"false";""
"dashboard";"rustyx";"sustained";"sustained";"1";"64";"60000";"214774";"214774";"0";"3578,099029796527";"0,6735452149701546";"309,96875";"312,484375";"22,40408299999399";"37,37224999999671";"41,01450000000477";"28,696208000001207";"241,00114802088035";"4272,381284513023";"4272,381284513023";"28,726792000001296";"{""identity"":214774}";"17085,81";"60024,610334000005";"true";"false";""
"portail";"next";"ssr";"route";"1";"4";"5000";"8321";"8321";"0";"1663,8825728021736";"0,7943756760004808";"273,9375";"285,421875";"2,169209000000592";"3,587665999999899";"4,733709000000005";"3,5541250000001128";"132,17478435551456";"6346,733205143612";"6346,733205143612";"176,50212500011548";"{""identity"":8321}";"729,858";"5000,953875";"true";"false";""
"portail";"rustyx";"ssr";"route";"1";"4";"5000";"18910";"18910";"0";"3781,394535207485";"0,5013220518244316";"239,40625";"241,609375";"0,9269999999999072";"1,7045829999997295";"2,797792000000001";"1,6432079999999587";"189,5696467147909";"4324,318561607615";"4324,318561607615";"29,074082999955863";"{""identity"":18910}";"1728,717";"5000,800584";"true";"false";""
"portail";"next";"ssr-search";"route";"1";"4";"5000";"6514";"6514";"0";"1302,472471415525";"1,0439054344488794";"268,75";"281,125";"2,8234170000000063";"4,445957999999791";"6,251792000000023";"4,39970900000003";"135,96580911307294";"11842,147988946883";"11842,147988946883";"173,3096249999944";"{""identity"":6514}";"710,254";"5001,257334";"true";"false";""
"portail";"rustyx";"ssr-search";"route";"1";"4";"5000";"14526";"14526";"0";"2904,60828307624";"0,6237092110698058";"235,5625";"240,6875";"1,226332999999613";"2,0395420000000968";"2,901083000000199";"1,9670000000000982";"181,1630940704305";"9781,175822662812";"9781,175822662812";"28,881584000075236";"{""identity"":14526}";"1549,264";"5001,018583";"true";"false";""
"portail";"next";"api-fast";"route";"1";"4";"5000";"32377";"32377";"0";"6474,439084469288";"0,19828890879327918";"262,140625";"263,25";"0,47504099999969185";"1,2954580000000533";"1,8399579999999958";"1,2810419999999567";"128,38094611079725";"38,656855174969884";"38,656855174969884";"174,25500000012107";"{""identity"":32377}";"1551,536";"5000,742084";"true";"false";""
"portail";"rustyx";"api-fast";"route";"1";"4";"5000";"81762";"81762";"0";"16350,854301420151";"0,13001149678334678";"176,359375";"179,25";"0,2089590000005046";"0,43233300000065356";"0,7433750000000146";"0,40954199999998764";"212,5799041414058";"38,86411780533744";"38,86411780533744";"29,082791999913752";"{""identity"":81762}";"3589,17";"5000,472666000001";"true";"false";""
"portail";"next";"api-async";"route";"1";"4";"5000";"580";"580";"0";"115,79023538221954";"1,5";"129,515625";"140,53125";"34,32195799999954";"36,66675000000032";"37,39662499999986";"36,56145900000001";"17,36853530733293";"41,810344827586206";"41,810344827586206";"171,62908399989828";"{""identity"":580}";"233,518";"5009,057958";"true";"false";""
"portail";"rustyx";"api-async";"route";"1";"4";"5000";"596";"596";"0";"118,49397045578542";"1,0570469798657718";"84,875";"93,484375";"33,620666999999685";"35,47924999999998";"36,17854200000011";"35,33308299999999";"12,525369360259196";"41,81543624161074";"41,81543624161074";"28,266499999910593";"{""identity"":596}";"273,288";"5029,791792";"true";"false";""
"portail";"next";"stream";"route";"1";"4";"5000";"236";"236";"0";"46,73543690491995";"4,322033898305085";"139,796875";"158,71875";"85,31450000000007";"89,09049999999979";"91,94341700000001";"12,414166000000023";"20,19921425551625";"7521,067796610169";"7521,067796610169";"175,8098750000354";"{""identity"":236}";"155,426";"5049,701375";"true";"false";""
"portail";"rustyx";"stream";"route";"1";"4";"5000";"236";"236";"0";"46,44897351458865";"3,6016949152542375";"127,203125";"132,4375";"86,16908300000023";"87,86633400000028";"89,66716700000052";"7,122458000000279";"16,72950317262727";"5065,838983050848";"5065,838983050848";"29,696082999929786";"{""identity"":236}";"180,4";"5080,844249999999";"true";"false";""
"portail";"next";"proxy";"route";"1";"4";"5000";"6155";"6155";"0";"1230,7335565231747";"1,10804224207961";"270,046875";"287,296875";"3,0417499999994106";"4,780625000000043";"6,898083000000042";"4,741167000000132";"136,3704769372551";"6308,639317627944";"6308,639317627944";"180,8807079999242";"{""identity"":6155}";"639,512";"5001,082458";"true";"false";""
"portail";"rustyx";"proxy";"route";"1";"4";"5000";"15840";"15840";"0";"3167,445881949498";"0,610479797979798";"243,65625";"251,5625";"1,1055830000000242";"2,0493340000000444";"2,8952500000000043";"1,9811659999995754";"193,36617221244728";"3777,571590909091";"3777,571590909091";"28,745624999981374";"{""identity"":15840}";"1472,059";"5000,874708";"true";"false";""
"portail";"next";"export-gzip";"route";"1";"4";"5000";"11738";"11738";"0";"2346,9426603200923";"0,5103084000681547";"262,265625";"310,71875";"1,4400000000000546";"2,995124999999973";"3,8198750000001382";"2,8160000000000025";"119,76645540396449";"141815";"141815";"173,5829580000136";"{""identity"":11738}";"2566,754";"5001,400417000001";"true";"false";""
"portail";"rustyx";"export-gzip";"route";"1";"4";"5000";"15432";"15432";"0";"3085,72155227661";"0,6966044582685329";"223,625";"249,34375";"1,1857920000002196";"1,9957079999999223";"2,621999999999389";"1,8020830000004935";"214,95273902911845";"6820,801775531363";"141815";"27,852916999952868";"{""gzip"":15432}";"3470,797";"5001,0993339999995";"true";"false";""
"portail";"next";"export-identity";"route";"1";"4";"5000";"11815";"11815";"0";"2362,2747424403096";"0,5069826491747779";"257,984375";"297,359375";"1,44074999999998";"2,97849999999994";"3,776375000000371";"2,8170829999999967";"119,76323070010542";"141815";"141815";"173,36100000003353";"{""identity"":11815}";"2595,27";"5001,535083000001";"true";"false";""
"portail";"rustyx";"export-identity";"route";"1";"4";"5000";"15892";"15892";"0";"3177,0006106560213";"0,4278882456581928";"227,921875";"242,125";"1,1530830000001515";"1,9308750000000146";"2,547541999999794";"1,7725829999999405";"135,9401217748612";"141815";"141815";"27,12320899986662";"{""identity"":15892}";"3352,32";"5002,202375";"true";"false";""
"portail";"next";"mixed";"mixed";"1";"4";"8000";"3600";"3600";"0";"448,29840869208687";"1,1027777777777779";"163,625";"190,96875";"1,9022500000000946";"32,39312500000051";"33,49445799999967";"32,36524999999983";"49,43735229187735";"4567,055555555556";"4567,055555555556";"171,7783749999944";"{""identity"":3600}";"554,007";"8030,365333";"true";"false";""
"portail";"rustyx";"mixed";"mixed";"1";"4";"8000";"3744";"3744";"0";"467,2173476930657";"0,8840811965811965";"185,078125";"196,015625";"1,25";"32,17016699999931";"33,184917000000496";"32,11883299999954";"41,30580718119785";"3544,9172008547007";"3544,9172008547007";"28,864000000059605";"{""identity"":3744}";"722,16";"8013,401083";"true";"false";""
"portail";"rustyx";"ssr";"route";"2";"4";"5000";"19244";"19244";"0";"3848,079831859468";"0,49469964664310956";"239,6875";"241,5625";"0,91274999999996";"1,7119580000000951";"2,632582999999613";"1,6491660000001502";"190,36437330753552";"4324,365100810643";"4324,365100810643";"27,81141599989496";"{""identity"":19244}";"1723,563";"5000,93575";"true";"false";""
"portail";"next";"ssr";"route";"2";"4";"5000";"8225";"8225";"0";"1644,8018697984471";"0,8072948328267477";"267,140625";"285,734375";"2,210541999999805";"3,6332499999999754";"5,208000000000084";"3,6048339999999826";"132,78400505120595";"6346,73009118541";"6346,73009118541";"170,98054199991748";"{""identity"":8225}";"734,543";"5000,602292";"true";"false";""
"portail";"rustyx";"ssr-search";"route";"2";"4";"5000";"14162";"14162";"0";"2831,704179490495";"0,6460951842960034";"238,046875";"239,34375";"1,2385839999999462";"2,1359999999999673";"3,306082999999944";"2,062707999999475";"182,95504337196743";"9781,077531422115";"9781,077531422115";"28,886791999917477";"{""identity"":14162}";"1578,264";"5001,228625";"true";"false";""
"portail";"next";"ssr-search";"route";"2";"4";"5000";"6532";"6532";"0";"1306,2136795908013";"1,0456215554194734";"297,96875";"314,390625";"2,8239589999999453";"4,366500000000087";"5,642375000000001";"4,32425000000012";"136,5805179363927";"11842,15033680343";"11842,15033680343";"171,61404099990614";"{""identity"":6532}";"707,648";"5000,713208";"true";"false";""
"portail";"rustyx";"api-fast";"route";"2";"4";"5000";"82194";"82194";"0";"16437,473633952515";"0,12920651142419154";"179,40625";"182,609375";"0,20750000000043656";"0,42487500000015643";"0,7477499999999964";"0,40208300000000463";"212,3828624870133";"38,864831982869795";"38,864831982869795";"28,564791000215337";"{""identity"":82194}";"3491,231";"5000,403458000001";"true";"false";""
"portail";"next";"api-fast";"route";"2";"4";"5000";"32756";"32756";"0";"6549,49958616994";"0,19599462693857614";"255,390625";"267,328125";"0,4666659999993499";"1,2625419999999394";"1,698208000000001";"1,2513329999999883";"128,36667280257362";"38,66082549761876";"38,66082549761876";"174,50941699999385";"{""identity"":32756}";"1541,005";"5001,298125";"true";"false";""
"portail";"rustyx";"api-async";"route";"2";"4";"5000";"577";"577";"0";"114,8817664445314";"1,1785095320623917";"83,65625";"91,78125";"33,81275000000005";"35,81720799999994";"40,636290999999915";"35,66212499999983";"13,538925681504566";"41,809358752166375";"41,809358752166375";"27,796166999964043";"{""identity"":577}";"288,204";"5022,555083";"true";"false";""
"portail";"next";"api-async";"route";"2";"4";"5000";"584";"584";"0";"116,40337296712048";"1,3869863013698631";"128,8125";"138,09375";"33,98033299999997";"36,623957999999675";"39,36537499999986";"36,53254100000004";"16,14498837386431";"41,81164383561644";"41,81164383561644";"190,96812500013039";"{""identity"":584}";"222,459";"5017,03675";"true";"false";""
"portail";"rustyx";"stream";"route";"2";"4";"5000";"236";"236";"0";"46,516302226960576";"3,7711864406779663";"126,625";"137,265625";"85,87162499999977";"88,14787499999989";"89,09358399999996";"7,921708000000308";"17,5421648228792";"5065,838983050848";"5065,838983050848";"29,958541000029072";"{""identity"":236}";"184,634";"5073,490125";"true";"false";""
"portail";"next";"stream";"route";"2";"4";"5000";"236";"236";"0";"46,83743996720039";"4,1525423728813555";"140,296875";"157,1875";"85,08245799999997";"88,43216600000005";"91,12995900000078";"11,672292000000198";"19,449445410108634";"7521,067796610169";"7521,067796610169";"179,58941600006074";"{""identity"":236}";"144,465";"5038,7040830000005";"true";"false";""
"portail";"rustyx";"proxy";"route";"2";"4";"5000";"15667";"15667";"0";"3133,0400400169383";"0,6172209101934001";"247,265625";"251,265625";"1,11850000000004";"2,0670000000000073";"3,204833000000235";"2,0012919999999212";"193,37778251716216";"3777,533733324823";"3777,533733324823";"29,593332999851555";"{""identity"":15667}";"1462,216";"5000,574458";"true";"false";""
"portail";"next";"proxy";"route";"2";"4";"5000";"6169";"6169";"0";"1233,5116871194298";"1,108769654725239";"271,515625";"286,8125";"3,069542000000183";"4,734542000000033";"5,936290999999997";"4,700249999999983";"136,76803274269574";"6308,640136164694";"6308,640136164694";"170,64133400004357";"{""identity"":6169}";"640,728";"5001,168667";"true";"false";""
"portail";"rustyx";"export-gzip";"route";"2";"4";"5000";"15586";"15586";"0";"3116,474614978272";"0,6910047478506351";"221,34375";"237,921875";"1,171624999999949";"1,980916999999863";"2,6006670000001577";"1,7789589999997588";"215,3498755505966";"6820,0322083921465";"141815";"28,80358299985528";"{""gzip"":15586}";"3467,809";"5001,163791";"true";"false";""
"portail";"next";"export-gzip";"route";"2";"4";"5000";"11767";"11767";"0";"2352,735508910918";"0,5073510665420243";"252,15625";"316,5";"1,4327910000000088";"2,990791999999601";"3,940208999999868";"2,824457999999993";"119,36628697372464";"141815";"141815";"173,17645899998024";"{""identity"":11767}";"2578,601";"5001,4121669999995";"true";"false";""
"portail";"rustyx";"export-identity";"route";"2";"4";"5000";"15816";"15816";"0";"3162,4431217353685";"0,4324734446130501";"217,453125";"231,5625";"1,1582080000002861";"1,942417000000205";"2,5140409999999065";"1,7766249999999957";"136,7672670249742";"141815";"141815";"28,90579200000502";"{""identity"":15816}";"3328,726";"5001,196667";"true";"false";""
"portail";"next";"export-identity";"route";"2";"4";"5000";"11784";"11784";"0";"2355,3002823297493";"0,508316361167685";"255,765625";"303,453125";"1,4442080000003443";"2,976957999999968";"3,7545840000000226";"2,809500000000014";"119,72376689710792";"141815";"141815";"174,02683300012723";"{""identity"":11784}";"2588,746";"5003,183708";"true";"false";""
"portail";"rustyx";"mixed";"mixed";"2";"4";"8000";"3745";"3745";"0";"467,868522780478";"0,897196261682243";"184,265625";"197,171875";"1,2158749999999827";"32,23337500000025";"33,14508299999943";"32,18987500000003";"41,97698895974382";"3545,124699599466";"3545,124699599466";"28,91504200012423";"{""identity"":3745}";"718,18";"8004,385458000001";"true";"false";""
"portail";"next";"mixed";"mixed";"2";"4";"8000";"3592";"3592";"0";"448,56773489871654";"1,0940979955456571";"174,375";"195,046875";"1,908125000000041";"32,43150000000014";"33,4768339999996";"32,40833300000031";"49,07770596191414";"4567,054008908686";"4567,054008908686";"175,41479200008325";"{""identity"":3592}";"548,909";"8007,70925";"true";"false";""
"portail";"next";"ssr";"route";"3";"4";"5000";"8094";"8094";"0";"1618,4697243861415";"0,8191252779836916";"275,046875";"287,921875";"2,280707999999777";"3,6957920000000115";"4,671707999999853";"3,6613330000000133";"132,5729462895987";"6346,725722757598";"6346,725722757598";"174,66849999991246";"{""identity"":8094}";"752,515";"5001,020333";"true";"false";""
"portail";"rustyx";"ssr";"route";"3";"4";"5000";"19508";"19508";"0";"3900,794908697522";"0,47980315767890097";"236,359375";"239,484375";"0,909291999999823";"1,6409579999999977";"2,501958000000002";"1,5826669999996739";"187,1613714650851";"4324,400758663112";"4324,400758663112";"27,993833999847993";"{""identity"":19508}";"1711,706";"5001,0319580000005";"true";"false";""
"portail";"next";"ssr-search";"route";"3";"4";"5000";"6506";"6506";"0";"1300,9816193069537";"1,0482631417153396";"269,359375";"284,0625";"2,856667000000016";"4,457583";"5,996374999999944";"4,415667000000212";"136,37710795686172";"11842,146941284967";"11842,146941284967";"172,65708300005645";"{""identity"":6506}";"707,075";"5000,839292000001";"true";"false";""
"portail";"rustyx";"ssr-search";"route";"3";"4";"5000";"14159";"14159";"0";"2831,1215687126764";"0,65258845963698";"237,296875";"245,59375";"1,248250000000553";"2,095040999999995";"2,969832999999994";"2,01941699999999";"184,7557263571236";"9781,076700331945";"9781,076700331945";"28,817290999926627";"{""identity"":14159}";"1536";"5001,198167";"true";"false";""
"portail";"next";"api-fast";"route";"3";"4";"5000";"32296";"32296";"0";"6458,321236895924";"0,19909586326480058";"263,359375";"270,953125";"0,47708299999999326";"1,2866670000000795";"1,729332999999997";"1,2756669999999986";"128,58250419011887";"38,65599455040872";"38,65599455040872";"170,41541699995287";"{""identity"":32296}";"1537,431";"5000,680334";"true";"false";""
"portail";"rustyx";"api-fast";"route";"3";"4";"5000";"81495";"81495";"0";"16297,56092537029";"0,1301920363212467";"174,484375";"175,140625";"0,20962500000041473";"0,4317079999998441";"0,7448750000003201";"0,4095829999999978";"212,18126439435397";"38,86367261795202";"38,86367261795202";"28,878374999854714";"{""identity"":81495}";"3533,072";"5000,4415";"true";"false";""
"portail";"next";"api-async";"route";"3";"4";"5000";"584";"584";"0";"116,12356185820374";"1,5068493150684932";"128,40625";"139,375";"34,15241600000013";"36,71341700000005";"38,416165999999976";"36,605458";"17,49807096493481";"41,81164383561644";"41,81164383561644";"171,78158300020732";"{""identity"":584}";"228,55";"5029,125792000001";"true";"false";""
"portail";"rustyx";"api-async";"route";"3";"4";"5000";"592";"592";"0";"117,95686260747782";"1,0810810810810811";"83,96875";"91,921875";"33,76999999999998";"35,493584000000055";"36,74912500000028";"35,37095799999997";"12,752093254862466";"41,814189189189186";"41,814189189189186";"29,79170800000429";"{""identity"":592}";"279,789";"5018,783874999999";"true";"false";""
"portail";"next";"stream";"route";"3";"4";"5000";"236";"236";"0";"46,64496956669517";"4,406779661016949";"141,0625";"158,34375";"85,39191700000015";"89,93024999999989";"91,07558400000016";"13,483208000000104";"20,555410317526682";"7521,067796610169";"7521,067796610169";"174,11008300003596";"{""identity"":236}";"159,107";"5059,495207999999";"true";"false";""
"portail";"rustyx";"stream";"route";"3";"4";"5000";"236";"236";"0";"46,49858779316338";"3,7711864406779663";"127,40625";"141,21875";"86,07020799999998";"88,00979199999983";"88,38799999999992";"7,111916000000292";"17,535484379625174";"5065,838983050848";"5065,838983050848";"28,4591669999063";"{""identity"":236}";"187,571";"5075,422958";"true";"false";""
"portail";"next";"proxy";"route";"3";"4";"5000";"6164";"6164";"0";"1232,5076287308384";"1,109669046073978";"262,78125";"292,265625";"3,0107090000001335";"4,801458000000025";"6,438874999999996";"4,756208000000015";"136,76755646526502";"6308,639844256976";"6308,639844256976";"181,0256250000093";"{""identity"":6164}";"640,225";"5001,186083";"true";"false";""
"portail";"rustyx";"proxy";"route";"3";"4";"5000";"15883";"15883";"0";"3176,03167581028";"0,604419819933262";"246,078125";"250,28125";"1,1072920000001432";"2,0162499999996726";"2,9406669999998485";"1,9535420000001977";"191,96564935955857";"3777,580872631115";"3777,580872631115";"29,003166999900714";"{""identity"":15883}";"1474,788";"5000,894708";"true";"false";""
"portail";"next";"export-gzip";"route";"3";"4";"5000";"11705";"11705";"0";"2340,2934069131175";"0,5083297736010252";"285,671875";"306,65625";"1,4512079999999514";"2,994082999999989";"3,923000000000229";"2,8180000000000405";"118,9640817696117";"141815";"141815";"172,97383399982937";"{""identity"":11705}";"2576,776";"5001,509625000001";"true";"false";""
"portail";"rustyx";"export-gzip";"route";"3";"4";"5000";"15133";"15133";"0";"3025,9674469233473";"0,7077248397541797";"222,125";"232,078125";"1,18229099999985";"2,046542000000045";"2,637124999999969";"1,8388749999999163";"214,155232647519";"6818,568228375074";"141815";"27,881875000195578";"{""gzip"":15133}";"3380,992";"5001,045208";"true";"false";""
"portail";"next";"export-identity";"route";"3";"4";"5000";"11730";"11730";"0";"2345,352213718571";"0,5072463768115942";"284,40625";"312,046875";"1,4431249999997817";"2,974999999999966";"3,899417000000085";"2,8079579999998714";"118,96714127557968";"141815";"141815";"171,40091599989682";"{""identity"":11730}";"2562,969";"5001,381";"true";"false";""
"portail";"rustyx";"export-identity";"route";"3";"4";"5000";"15596";"15596";"0";"3118,4419585260184";"0,4366504231854322";"221,84375";"242,328125";"1,1536659999997028";"1,9777920000001359";"2,8235420000000886";"1,8066670000002887";"136,1669000869594";"141815";"141815";"28,84487499995157";"{""identity"":15596}";"3376,004";"5001,215417";"true";"false";""
"portail";"next";"mixed";"mixed";"3";"4";"8000";"3608";"3608";"0";"450,1749278330475";"1,1114190687361418";"167,15625";"220,953125";"1,8442080000004353";"32,23712500000056";"33,35162500000024";"32,20970900000066";"50,03329990605655";"4567,057095343681";"4567,057095343681";"171,14383299998008";"{""identity"":3608}";"546,527";"8014,66225";"true";"false";""
"portail";"rustyx";"mixed";"mixed";"3";"4";"8000";"3744";"3744";"0";"467,3330256938941";"0,8894230769230769";"182,484375";"195,5625";"1,2362080000002607";"32,17695800000001";"33,12683300000003";"32,13270899999998";"41,565677766043464";"3544,9172008547007";"3544,9172008547007";"28,58362500020303";"{""identity"":3744}";"730,004";"8011,417542";"true";"false";""
"portail";"rustyx";"capacity-1";"capacity";"1";"1";"6000";"640";"640";"0";"106,46035611343765";"1,609375";"148,890625";"158,3125";"1,7775420000002669";"33,13133300000027";"33,63145799999984";"33,02899999999954";"17,133463562006373";"3543,246875";"3543,246875";"28,906625000061467";"{""identity"":640}";"261,587";"6011,627458";"true";"false";""
"portail";"next";"capacity-1";"capacity";"1";"1";"6000";"616";"616";"0";"102,35555695131316";"2,4512987012987013";"160,28125";"162,03125";"2,440832999999998";"33,2038749999997";"33,6701250000001";"33,128625000000056";"25,090404382545923";"4565,0941558441555";"4565,0941558441555";"173,52112500020303";"{""identity"":616}";"210,717";"6018,236999999999";"true";"false";""
"portail";"next";"capacity-16";"capacity";"1";"16";"6000";"10851";"10851";"0";"1800,1343132119853";"0,7206709059072897";"278,5625";"292";"1,5823749999999563";"30,887541000000056";"32,12012499999997";"30,863666000000194";"129,73044262572782";"4568,113169293153";"4568,113169293153";"179,61645800014958";"{""identity"":10851}";"914,851";"6027,8835420000005";"true";"false";""
"portail";"rustyx";"capacity-16";"capacity";"1";"16";"6000";"11668";"11668";"0";"1940,933214343193";"0,49365786767226605";"226,984375";"248,0625";"0,9026250000006257";"30,965291000000434";"32,42370800000026";"30,929791999999907";"95,81569518869378";"3545,7686835790196";"3545,7686835790196";"29,710042000049725";"{""identity"":11668}";"1149,724";"6011,541208";"true";"false";""
"portail";"rustyx";"capacity-16";"capacity";"2";"16";"6000";"11704";"11704";"0";"1942,3370890526917";"0,49726589200273413";"224,359375";"231,546875";"0,8988329999997404";"30,973790999999892";"32,467208";"30,949624999999287";"96,58579851577808";"3545,774777853725";"3545,774777853725";"29,633875000057742";"{""identity"":11704}";"1159,513";"6025,7305830000005";"true";"false";""
"portail";"next";"capacity-16";"capacity";"2";"16";"6000";"10802";"10802";"0";"1790,7764198103455";"0,7230142566191446";"283,421875";"292,59375";"1,6190839999999298";"30,880667000000017";"32,22233300000005";"30,86520900000005";"129,47568819402701";"4568,5240696167375";"4568,5240696167375";"185,11583300004713";"{""identity"":10802}";"913,019";"6032,020458";"true";"false";""
"portail";"next";"capacity-16";"capacity";"3";"16";"6000";"10848";"10848";"0";"1799,0219933354138";"0,719948377581121";"281,015625";"292,125";"1,5602499999999964";"30,869666000000507";"32,07458399999996";"30,85620800000015";"129,52029653345852";"4567,695427728613";"4567,695427728613";"178,34674999979325";"{""identity"":10848}";"912,546";"6029,942958";"true";"false";""
"portail";"rustyx";"capacity-16";"capacity";"3";"16";"6000";"11648";"11648";"0";"1932,026733509643";"0,4945054945054945";"231,46875";"253,234375";"0,9490829999999733";"31,03629200000023";"32,5615829999997";"31,017292000000452";"95,53978352520213";"3545,7652815934066";"3545,7652815934066";"28,93795799999498";"{""identity"":11648}";"1168,798";"6028,902084";"true";"false";""
"portail";"next";"capacity-64";"capacity";"1";"64";"6000";"11948";"11948";"0";"1978,8172862940812";"0,7206226983595581";"310,328125";"315,84375";"36,614166999999725";"53,49104200000011";"66,849583";"53,46583300000009";"142,5980652409779";"4567,907599598259";"4567,907599598259";"170,3562080000993";"{""identity"":11948}";"1005,404";"6037,950084";"true";"false";""
"portail";"rustyx";"capacity-64";"capacity";"1";"64";"6000";"11769";"11769";"0";"1944,3862147849507";"0,5089642280567593";"232,1875";"243,359375";"29,944417";"60,373499999999694";"62,007709000000034";"60,34112499999992";"98,96230288522266";"3545,851899056844";"3545,851899056844";"27,82541700010188";"{""identity"":11769}";"1184,456";"6052,809833";"true";"false";""
"portail";"rustyx";"capacity-64";"capacity";"2";"64";"6000";"11788";"11788";"0";"1948,925278398264";"0,508143875127248";"234,0625";"236,625";"29,908416000000216";"60,31062500000007";"61,911582999999155";"60,27891600000021";"99,03344432987446";"3545,7888530709197";"3545,7888530709197";"29,004625000059605";"{""identity"":11788}";"1207,511";"6048,4617499999995";"true";"false";""
"portail";"next";"capacity-64";"capacity";"2";"64";"6000";"11880";"11880";"0";"1967,6370631585626";"0,7205387205387206";"310,0625";"324,9375";"36,61129200000005";"54,20779100000004";"65,606625";"54,18766700000003";"141,77586919728364";"4567,895622895623";"4567,895622895623";"178,5368329999037";"{""identity"":11880}";"1009,706";"6037,6988329999995";"true";"false";""
"portail";"next";"capacity-64";"capacity";"3";"64";"6000";"11943";"11943";"0";"1979,3760169698942";"0,7200870802980825";"368,1875";"382,703125";"36,66229199999998";"53,327167";"66,07512500000001";"53,30275";"142,5323096871899";"4568,285690362555";"4568,285690362555";"173,14704099996015";"{""identity"":11943}";"987,578";"6033,719666";"true";"false";""
"portail";"rustyx";"capacity-64";"capacity";"3";"64";"6000";"11799";"11799";"0";"1947,2172084198407";"0,4958047292143402";"235,828125";"241,765625";"29,871667000000343";"60,21129199999996";"61,66208299999926";"60,182792000000006";"96,54395007421026";"3546,0876345453003";"3546,0876345453003";"28,02979200007394";"{""identity"":11799}";"1178,002";"6059,416458000001";"true";"false";""
"portail";"next";"capacity-128";"capacity";"1";"128";"6000";"11740";"11740";"0";"1942,6088430861275";"0,7495741056218058";"390,96875";"399,8125";"71,56212500000038";"115,35387500000002";"129,802583";"115,33129200000008";"145,6129286129295";"4567,870528109029";"4567,870528109029";"181,4249579999596";"{""identity"":11740}";"1042,342";"6043,419416";"true";"false";""
"portail";"rustyx";"capacity-128";"capacity";"1";"128";"6000";"11888";"11888";"0";"1952,6219928927553";"0,5047106325706595";"241,921875";"256,640625";"62,48029199999928";"93,0082080000002";"94,73745800000006";"92,98170800000025";"98,55090812042843";"3545,805349932705";"3545,805349932705";"28,781541999895126";"{""identity"":11888}";"1198,862";"6088,223959";"true";"false";""
"portail";"rustyx";"capacity-128";"capacity";"2";"128";"6000";"11848";"11848";"0";"1943,7362084601161";"0,50050641458474";"231,5625";"238,28125";"62,486791999999696";"93,14783399999988";"95,37091700000019";"93,10925000000043";"97,28524405949095";"3545,7987846049964";"3545,7987846049964";"28,516707999864593";"{""identity"":11848}";"1204,669";"6095,477333";"true";"false";""
"portail";"next";"capacity-128";"capacity";"2";"128";"6000";"11910";"11910";"0";"1971,7997455244254";"0,7329974811083123";"458,703125";"469,875";"71,41779200000019";"110,13666699999999";"130,92491700000005";"110,07966699999997";"144,5324246719415";"4568,661376994122";"4568,661376994122";"179,86895799986087";"{""identity"":11910}";"1009,701";"6040,167125";"true";"false";""
"portail";"next";"capacity-128";"capacity";"3";"128";"6000";"12058";"12058";"0";"1995,3214005629607";"0,73146458782551";"391,859375";"395,40625";"70,25012500000048";"111,62749999999994";"126,59579200000007";"111,57524999999987";"145,95069458422054";"4568,677807264887";"4568,677807264887";"176,96454100008123";"{""identity"":12058}";"1008,398";"6043,136708";"true";"false";""
"portail";"rustyx";"capacity-128";"capacity";"3";"128";"6000";"11888";"11888";"0";"1954,8925562446314";"0,4929340511440108";"235,5";"243,4375";"62,388582999999926";"92,90979199999947";"94,62045799999987";"92,888375";"96,36331073009372";"3545,805349932705";"3545,805349932705";"29,096291000023484";"{""identity"":11888}";"1199,564";"6081,152625";"true";"false";""
"portail";"next";"sustained";"sustained";"1";"64";"60000";"145679";"145679";"0";"2426,577571447864";"0,522106823907358";"375,296875";"380";"29,109000000004016";"42,24962499999947";"48,15549999999996";"42,237082999999984";"126,69327087934744";"4570,56497504788";"4570,56497504788";"179,33937499998137";"{""identity"":145679}";"8604,834";"60034,759125";"true";"false";""
"portail";"rustyx";"sustained";"sustained";"1";"64";"60000";"118188";"118188";"0";"1967,9305152088145";"0,39394862422580973";"243,640625";"250,5625";"30,246500000001106";"60,54441599999973";"61,919167000000016";"60,51654100000087";"77,52635190385014";"3548,540790943243";"3548,540790943243";"29,307833000086248";"{""identity"":118188}";"8901,636";"60056,9985";"true";"false";""
"documentation";"next";"static-large";"route";"1";"4";"5000";"27095";"27095";"0";"5418,238375569908";"0,2114781324967706";"212,078125";"216,984375";"0,5335829999999078";"1,3441669999999704";"1,75912500000004";"1,2991250000000036";"114,58389330878603";"43486";"43486";"153,7961250001099";"{""identity"":27095}";"2377,015";"5000,702834000001";"true";"false";""
"documentation";"rustyx";"static-large";"route";"1";"4";"5000";"70132";"70132";"0";"14025,112494672989";"0,07428848457195003";"8,1875";"8,34375";"0,2534169999998994";"0,42924999999991087";"0,5758749999999964";"0,38754199999993943";"104,19043531803781";"43023";"43023";"28,723834000062197";"{""identity"":70132}";"5356,086";"5000,459";"true";"false";""
"documentation";"next";"static-gzip";"route";"1";"4";"5000";"24809";"24809";"0";"4961,19308038242";"0,32085130396227174";"216,671875";"230,734375";"0,7205420000000231";"1,2175000000000011";"1,6395420000000058";"1,0732499999999163";"159,18052690492993";"1196";"43486";"157,8523339999374";"{""gzip"":24809}";"2299,332";"5000,611667";"true";"false";""
"documentation";"rustyx";"static-gzip";"route";"1";"4";"5000";"67119";"67119";"0";"13422,388187574312";"0,0889464980109954";"8,28125";"8,28125";"0,2837920000001759";"0,3999999999996362";"0,5681670000000025";"0,34600000000000364";"119,38744242288865";"1078";"43023";"27,80908300005831";"{""gzip"":67119}";"5287,73";"5000,525917";"true";"false";""
"documentation";"next";"public-gzip";"route";"1";"4";"5000";"14537";"14537";"0";"2906,707283403024";"0,8928939946343812";"200,359375";"201,140625";"1,1769580000000133";"2,5782090000002427";"3,234458000000018";"1,7107920000007653";"259,5381477510577";"843";"253952";"151,67304200003855";"{""gzip"":14537}";"4877,639";"5001,191583";"true";"false";""
"documentation";"rustyx";"public-gzip";"route";"1";"4";"5000";"15879";"15879";"0";"3174,824217776666";"0,3577051451602746";"20,015625";"24,109375";"1,2112500000000637";"1,5072920000000067";"1,8770419999998467";"1,2038750000001528";"113,56509576781576";"910,9930096353675";"253952";"27,870707999914885";"{""gzip"":15879}";"5264,229";"5001,53675";"true";"false";""
"documentation";"next";"isr-hit";"route";"1";"4";"5000";"64320";"64320";"0";"12862,85970748693";"0,09281716417910447";"221,234375";"223,0625";"0,21470799999997325";"0,5733329999998205";"0,890749999999997";"0,5689169999996011";"119,38941612826022";"1669";"1669";"155,2556249999907";"{""identity"":64320}";"2065,441";"5000,44325";"true";"false";""
"documentation";"rustyx";"isr-hit";"route";"1";"4";"5000";"143418";"143418";"0";"28681,70963440873";"0,09447907515095734";"8,453125";"8,46875";"0,12929099999996652";"0,19366700000000492";"0,2772090000003118";"0,1906249999992724";"270,982140000724";"1131";"1131";"28,585250000003725";"{""identity"":143418}";"3768,278";"5000,329542";"true";"false";""
"documentation";"next";"api-pages";"route";"1";"4";"5000";"63011";"63011";"0";"12600,817166162877";"0,09712589865261621";"216,859375";"218,78125";"0,21466599999985192";"0,6299579999999878";"0,9965839999999844";"0,6165829999999914";"122,38656910208822";"33,823681579406774";"33,823681579406774";"160,70075000007637";"{""identity"":63011}";"2376,625";"5000,548708";"true";"false";""
"documentation";"rustyx";"api-pages";"route";"1";"4";"5000";"124331";"124331";"0";"24864,39546649902";"0,09064513275048057";"136,90625";"137,421875";"0,13479099999995015";"0,2541659999999979";"0,6991670000002159";"0,2440000000000282";"225,3836427821251";"34,10633711624615";"34,10633711624615";"27,976250000065193";"{""identity"":124331}";"4110,424";"5000,362875";"true";"false";""
"documentation";"next";"static-rotation";"route";"1";"4";"5000";"27540";"27540";"0";"5507,209302424404";"0,2084241103848947";"229,28125";"237,34375";"0,5262500000001182";"1,2979579999999942";"1,6181250000000205";"1,2538340000000403";"114,78351995612229";"43485,49891067538";"43485,49891067538";"167,7435420001857";"{""identity"":27540}";"2376,282";"5000,717875";"true";"false";""
"documentation";"rustyx";"static-rotation";"route";"1";"4";"5000";"70530";"70530";"0";"14104,713768583899";"0,09272649936197362";"22,6875";"23,21875";"0,2692090000000462";"0,38491700000031415";"0,5370000000002619";"0,3423329999999396";"130,78807322634157";"43022,39940450872";"43022,39940450872";"28,664583000121638";"{""identity"":70530}";"5382,443";"5000,4559580000005";"true";"false";""
"documentation";"next";"mixed";"mixed";"1";"4";"8000";"73263";"73263";"0";"9157,349931290964";"0,13444712883720294";"227,921875";"230,921875";"0,30070800000021336";"0,9832499999999982";"1,4776669999999967";"0,9736659999998665";"123,11794060196279";"13122,640746352183";"13122,640746352183";"154,49974999995902";"{""identity"":73263}";"3499,545";"8000,458708";"true";"false";""
"documentation";"rustyx";"mixed";"mixed";"1";"4";"8000";"177586";"177586";"0";"22197,211933510673";"0,09077292128884033";"136,609375";"136,921875";"0,161040999999841";"0,2719999999999345";"0,49466700000002106";"0,2547079999994821";"201,49057716722714";"12746,980578423974";"12746,980578423974";"29,150625000009313";"{""identity"":177586}";"8012,564";"8000,374125";"true";"false";""
"documentation";"rustyx";"static-large";"route";"2";"4";"5000";"70259";"70259";"0";"14050,452679611828";"0,0733002177656955";"8,34375";"8,34375";"0,2567079999998896";"0,4270410000001448";"0,5439580000000035";"0,3850420000003396";"102,99012411221469";"43023";"43023";"28,407125000143424";"{""identity"":70259}";"5367,762";"5000,479458";"true";"false";""
"documentation";"next";"static-large";"route";"2";"4";"5000";"27495";"27495";"0";"5498,163500607956";"0,2087652300418258";"214,28125";"219,328125";"0,527042000000165";"1,303124999999909";"1,6423330000000078";"1,259999999999991";"114,78253680119902";"43486";"43486";"152,44349999981932";"{""identity"":27495}";"2363,663";"5000,760708";"true";"false";""
"documentation";"rustyx";"static-gzip";"route";"2";"4";"5000";"67124";"67124";"0";"13423,582703880229";"0,08908885048566832";"8,171875";"8,1875";"0,28416699999979755";"0,4029170000000022";"0,5655000000000001";"0,34808399999997164";"119,5891552487989";"1078";"43023";"28,99495800002478";"{""gzip"":67124}";"5296,223";"5000,453417000001";"true";"false";""
"documentation";"next";"static-gzip";"route";"2";"4";"5000";"24867";"24867";"0";"4972,644448446273";"0,3205050870631761";"212,296875";"228,4375";"0,7150409999999283";"1,2162080000000515";"1,684790999999997";"1,0756670000000668";"159,37578418834917";"1196";"43486";"151,33125000004657";"{""gzip"":24867}";"2315,853";"5000,759708";"true";"false";""
"documentation";"rustyx";"public-gzip";"route";"2";"4";"5000";"15714";"15714";"0";"3142,1102546400766";"0,3538246149929999";"19,265625";"19,265625";"1,2247499999999718";"1,5662919999999758";"1,9436249999998836";"1,2557090000000244";"111,17559511135818";"910,9938271604939";"253952";"27,498249999945983";"{""gzip"":15714}";"5282,312";"5001,097583";"true";"false";""
"documentation";"next";"public-gzip";"route";"2";"4";"5000";"12108";"12108";"0";"2420,6405186144343";"1,0530227948463826";"200,4375";"201,28125";"1,422917000000325";"2,985832999999957";"3,774499999999989";"2,0180419999996957";"254,89896442297686";"843";"253952";"152,92916699987836";"{""gzip"":12108}";"4908,887";"5001,9818749999995";"true";"false";""
"documentation";"rustyx";"isr-hit";"route";"2";"4";"5000";"123732";"123732";"0";"24744,563542625383";"0,10846022047651376";"8,390625";"8,40625";"0,14975000000004002";"0,22220799999996643";"0,31154200000037235";"0,21862499999997453";"268,3800817428253";"1131";"1131";"28,772499999962747";"{""identity"":123732}";"3862,635";"5000,371083";"true";"false";""
"documentation";"next";"isr-hit";"route";"2";"4";"5000";"64323";"64323";"0";"12863,377335984216";"0,09296830060786966";"216,71875";"219,046875";"0,21291599999995015";"0,5810419999997976";"0,9066249999996217";"0,5776670000000195";"119,58863310042382";"1669";"1669";"167,7505419999361";"{""identity"":64323}";"2079,806";"5000,4752499999995";"true";"false";""
"documentation";"rustyx";"api-pages";"route";"2";"4";"5000";"110747";"110747";"0";"22147,449917034803";"0,10140229532176943";"137,140625";"137,640625";"0,1514580000002752";"0,2898329999998168";"0,7684580000000096";"0,27799999999979264";"224,5802257111261";"33,996722258842226";"33,996722258842226";"28,679332999978215";"{""identity"":110747}";"4105,819";"5000,440250000001";"true";"false";""
"documentation";"next";"api-pages";"route";"2";"4";"5000";"70354";"70354";"0";"14069,635034219167";"0,0884100406515621";"215,921875";"217,609375";"0,1908329999999978";"0,5882499999999595";"0,9461670000000595";"0,5765829999999141";"124,38970053279589";"33,84208431645678";"33,84208431645678";"174,6025419998914";"{""identity"":70354}";"2375,416";"5000,414";"true";"false";""
"documentation";"rustyx";"static-rotation";"route";"2";"4";"5000";"63826";"63826";"0";"12763,904675556249";"0,10168269984019052";"23,671875";"23,90625";"0,29716700000017227";"0,40954099999999016";"0,5989579999998114";"0,36345799999980954";"129,78682879133905";"43022,399304358725";"43022,399304358725";"28,618875000160187";"{""identity"":63826}";"5382,204";"5000,507417";"true";"false";""
"documentation";"next";"static-rotation";"route";"2";"4";"5000";"27493";"27493";"0";"5497,62353080038";"0,20878041683337578";"233,0625";"233,890625";"0,5360419999999522";"1,309500000000014";"1,6394169999999946";"1,2664589999999976";"114,77961323534782";"43485,49987269487";"43485,49987269487";"165,2243749999907";"{""identity"":27493}";"2393,28";"5000,888083";"true";"false";""
"documentation";"rustyx";"mixed";"mixed";"2";"4";"8000";"149254";"149254";"0";"18655,392626636713";"0,1090758036635534";"135,46875";"136,078125";"0,1975830000001224";"0,3069589999999991";"0,4797079999998459";"0,28770799999999497";"203,4851943409528";"12746,976891741595";"12746,976891741595";"28,67304200003855";"{""identity"":149254}";"7671,203";"8000,582083";"true";"false";""
"documentation";"next";"mixed";"mixed";"2";"4";"8000";"74982";"74982";"0";"9372,128461527722";"0,13123149555893415";"232,109375";"233,5625";"0,29562499999974534";"0,9629999999997381";"1,4582499999996799";"0,9535829999999805";"122,99184345767354";"13122,79026966472";"13122,79026966472";"172,9004160000477";"{""identity"":74982}";"3466,124";"8000,5305419999995";"true";"false";""
"documentation";"next";"static-large";"route";"3";"4";"5000";"28045";"28045";"0";"5608,167187172706";"0,20574077375646282";"177,734375";"218,9375";"0,5177920000000995";"1,2955839999999625";"1,6650830000003225";"1,2526670000006561";"115,38286564445181";"43486";"43486";"157,361375000095";"{""identity"":28045}";"2360,86";"5000,742499999999";"true";"false";""
"documentation";"rustyx";"static-large";"route";"3";"4";"5000";"64280";"64280";"0";"12854,650904387583";"0,0805849408836341";"8,21875";"8,21875";"0,29070899999999256";"0,47233300000016243";"0,5845000000000482";"0,42412500000000364";"103,58912832098271";"43023";"43023";"27,71829200000502";"{""identity"":64280}";"5401,691";"5000,5247500000005";"true";"false";""
"documentation";"next";"static-gzip";"route";"3";"4";"5000";"22433";"22433";"0";"4485,911001751784";"0,3566174831721125";"224,078125";"234,34375";"0,8009590000001481";"1,310707999999977";"1,7851249999999936";"1,1508330000000342";"159,9754291178811";"1196";"43486";"172,96149999997579";"{""gzip"":22433}";"2313,886";"5000,767957999999";"true";"false";""
"documentation";"rustyx";"static-gzip";"route";"3";"4";"5000";"60514";"60514";"0";"12101,097576449214";"0,09799385266219388";"8,3125";"8,3125";"0,31554099999993923";"0,44170800000028976";"0,6287090000000717";"0,3798749999996289";"118,58331729573956";"1078";"43023";"27,92745799990371";"{""gzip"":60514}";"5292,749";"5000,703417";"true";"false";""
"documentation";"next";"public-gzip";"route";"3";"4";"5000";"10607";"10607";"0";"2120,709055175868";"1,2039219383426039";"198,09375";"198,875";"1,6564579999999864";"3,2675420000000486";"3,966291000000183";"2,362833000000137";"255,3168156368043";"843";"253952";"168,70341700012796";"{""gzip"":10607}";"5010,503";"5001,629042";"true";"false";""
"documentation";"rustyx";"public-gzip";"route";"3";"4";"5000";"13774";"13774";"0";"2753,9981734318053";"0,40438507332655727";"18,8125";"18,8125";"1,3960829999998623";"1,8006659999999783";"2,1253750000000764";"1,452833000000055";"111,36757533044253";"910,9933933497895";"253952";"28,8212919998914";"{""gzip"":13774}";"5294,376";"5001,45575";"true";"false";""
"documentation";"next";"isr-hit";"route";"3";"4";"5000";"70000";"70000";"0";"13998,713518227674";"0,08642857142857142";"218,40625";"219,84375";"0,1957919999999831";"0,5565000000000282";"0,8583330000001297";"0,5528750000003129";"120,9888811218249";"1669";"1669";"171,75662499992177";"{""identity"":70000}";"2052,904";"5000,4595";"true";"false";""
"documentation";"rustyx";"isr-hit";"route";"3";"4";"5000";"107656";"107656";"0";"21529,45790516058";"0,12437764732109682";"8,359375";"8,40625";"0,17312500000002728";"0,2627079999999751";"0,3552499999996144";"0,25854099999992286";"267,77833223424625";"1131";"1131";"28,59208400011994";"{""identity"":107656}";"3884,12";"5000,404584";"true";"false";""
"documentation";"next";"api-pages";"route";"3";"4";"5000";"67544";"67544";"0";"13507,566872608093";"0,09179201705554897";"210,859375";"212,640625";"0,19862499999999272";"0,6034170000000358";"0,9692500000001019";"0,59212500000001";"123,98868087494104";"33,83551462750207";"33,83551462750207";"173,46470899996348";"{""identity"":67544}";"2391,46";"5000,456458";"true";"false";""
"documentation";"rustyx";"api-pages";"route";"3";"4";"5000";"93961";"93961";"0";"18790,513081688092";"0,11983695362969743";"135,9375";"136,359375";"0,18012500000008913";"0,34362499999997453";"0,8659159999997428";"0,328708000000006";"225,17978448484786";"33,88175945339024";"33,88175945339024";"27,820957999909297";"{""identity"":93961}";"4174,221";"5000,448875";"true";"false";""
"documentation";"next";"static-rotation";"route";"3";"4";"5000";"27867";"27867";"0";"5572,500645204869";"0,20813148168084114";"233,375";"240,484375";"0,5307920000000195";"1,2855000000001837";"1,6230829999999514";"1,2434170000001359";"115,98128159539327";"43485,49940790182";"43485,49940790182";"174,82354200002737";"{""identity"":27867}";"2340,96";"5000,806958";"true";"false";""
"documentation";"rustyx";"static-rotation";"route";"3";"4";"5000";"59567";"59567";"0";"11911,849772811607";"0,11063172561989021";"23,828125";"23,96875";"0,3224159999999756";"0,44000000000005457";"0,6426249999999527";"0,38941700000009405";"131,7828495691045";"43022,39966760119";"43022,39966760119";"31,796250000130385";"{""identity"":59567}";"5384,43";"5000,650708";"true";"false";""
"documentation";"next";"mixed";"mixed";"3";"4";"8000";"74191";"74191";"0";"9273,342555967967";"0,13236106805407663";"228,34375";"229,796875";"0,29845899999963876";"0,9709169999996448";"1,4777500000000146";"0,9624169999999594";"122,74295251392412";"13122,638985860818";"13122,638985860818";"171,90058299992234";"{""identity"":74191}";"3456,964";"8000,459333";"true";"false";""
"documentation";"rustyx";"mixed";"mixed";"3";"4";"8000";"141737";"141737";"0";"17716,20790942494";"0,11500172855358869";"134,671875";"135,15625";"0,20654100000001563";"0,3307919999997466";"0,5208750000001601";"0,3081670000001395";"203,73945329986276";"12746,762059307026";"12746,762059307026";"28,856374999973923";"{""identity"":141737}";"7604,262";"8000,414125";"true";"false";""
"documentation";"rustyx";"capacity-1";"capacity";"1";"1";"6000";"52372";"52372";"0";"8728,380144495854";"0,08267776674558924";"124,53125";"125,125";"0,1033329999999637";"0,15616700000009587";"0,20812499999999545";"0,13199999999994816";"72,16429776534608";"12746,696975483082";"12746,696975483082";"28,414624999975786";"{""identity"":52372}";"2587,077";"6000,196959";"true";"false";""
"documentation";"next";"capacity-1";"capacity";"1";"1";"6000";"32586";"32586";"0";"5430,832813622111";"0,16540845761983675";"191,703125";"220,890625";"0,14545799999996234";"0,3277499999999236";"0,49724999999943975";"0,2934580000000153";"89,83056792924316";"13123,167924875714";"13123,167924875714";"155,7650830000639";"{""identity"":32586}";"1778,883";"6000,184708";"true";"false";""
"documentation";"next";"capacity-16";"capacity";"1";"16";"6000";"54476";"54476";"0";"9076,94773598066";"0,1393274102357001";"233,390625";"236,59375";"1,0575000000008004";"4,479583000000275";"6,236709000000019";"4,471708000000035";"126,46676208989871";"13122,449023423158";"13122,449023423158";"151,50050000008196";"{""identity"":54476}";"2810,674";"6001,576916";"true";"false";""
"documentation";"rustyx";"capacity-16";"capacity";"1";"16";"6000";"133466";"133466";"0";"22240,149868475783";"0,13194371600257743";"139,515625";"140,015625";"0,6202499999999418";"1,2967079999998532";"1,7516249999998763";"1,2753330000005008";"293,4448018100928";"12746,974158212579";"12746,974158212579";"27,134416999993846";"{""identity"":133466}";"6766,845";"6001,128625";"true";"false";""
"documentation";"next";"capacity-64";"capacity";"1";"64";"6000";"53375";"53375";"0";"8887,512460523503";"0,14407494145199062";"259,4375";"265,078125";"3,958708999999544";"18,791790999999876";"27,64633300000014";"18,78429099999994";"128,0467837403761";"13122,69318969555";"13122,69318969555";"188,87833400000818";"{""identity"":53375}";"2787,487";"6005,617459";"true";"false";""
"documentation";"rustyx";"capacity-64";"capacity";"1";"64";"6000";"113946";"113946";"0";"18982,364605968003";"0,1461218471907746";"141,203125";"141,609375";"3,1390410000003612";"5,698541000000205";"6,72262499999988";"5,677582999999686";"277,3738180272824";"12746,969731276218";"12746,969731276218";"28,870249999919906";"{""identity"":113946}";"6552,376";"6002,7294999999995";"true";"false";""
"documentation";"next";"capacity-128";"capacity";"1";"128";"6000";"52013";"52013";"0";"8652,970515975934";"0,15053928825485938";"253,625";"255,5";"8,043707999999697";"38,76737499999945";"56,451333000000034";"38,75937500000009";"130,26120227653004";"13122,334685559379";"13122,334685559379";"184,0049580000341";"{""identity"":52013}";"3128,587";"6010,999333";"true";"false";""
"documentation";"rustyx";"capacity-128";"capacity";"1";"128";"6000";"110893";"110893";"0";"18465,182032162433";"0,1564571253370366";"146,09375";"146,640625";"6,609208000000308";"9,268375000000106";"13,76870800000006";"9,237957999999935";"288,9009299577234";"12746,695878008532";"12746,695878008532";"28,153666999889538";"{""identity"":110893}";"6465,177";"6005,518917";"true";"false";""
"documentation";"next";"sustained";"sustained";"1";"64";"60000";"575207";"575207";"0";"9585,836112931933";"0,12312089386951132";"245,90625";"253,328125";"3,7504580000004353";"17,446749999995518";"19,86383299999943";"17,43904200000179";"118,02167107108214";"13122,724462671698";"13122,724462671698";"180,97662500012666";"{""identity"":575207}";"30124,834";"60005,928875";"true";"false";""
"documentation";"rustyx";"sustained";"sustained";"1";"64";"60000";"1309148";"1309148";"0";"21818,153410245588";"0,1323914484840522";"143,296875";"145,171875";"2,726042000002053";"5,079540999999153";"5,817624999996042";"5,061874999999418";"288,85369332296773";"12747,037818489582";"12747,037818489582";"28,58737500011921";"{""identity"":1309148}";"62826,142";"60002,694792";"true";"false";""
