"site";"scenario";"engine";"valid_runs";"runs";"errors";"requestsPerSecond_median";"requestsPerSecond_min";"requestsPerSecond_max";"requestsPerSecond_cv_percent";"cpuMsPerRequest_median";"cpuMsPerRequest_min";"cpuMsPerRequest_max";"cpuMsPerRequest_cv_percent";"loadMedianRssMiB_median";"loadMedianRssMiB_min";"loadMedianRssMiB_max";"loadMedianRssMiB_cv_percent";"sampledPeakRssMiB_median";"sampledPeakRssMiB_min";"sampledPeakRssMiB_max";"sampledPeakRssMiB_cv_percent";"p50Ms_median";"p50Ms_min";"p50Ms_max";"p50Ms_cv_percent";"p95Ms_median";"p95Ms_min";"p95Ms_max";"p95Ms_cv_percent";"p99Ms_median";"p99Ms_min";"p99Ms_max";"p99Ms_cv_percent";"ttfbP95Ms_median";"ttfbP95Ms_min";"ttfbP95Ms_max";"ttfbP95Ms_cv_percent";"cpuPercentOneCore_median";"cpuPercentOneCore_min";"cpuPercentOneCore_max";"cpuPercentOneCore_cv_percent";"meanBodyBytes_median";"meanBodyBytes_min";"meanBodyBytes_max";"meanBodyBytes_cv_percent";"meanDecodedBytes_median";"meanDecodedBytes_min";"meanDecodedBytes_max";"meanDecodedBytes_cv_percent";"startupMs_median";"startupMs_min";"startupMs_max";"startupMs_cv_percent"
"boutique";"static";"next";"3";"3";"0";"10085,613794392097";"10052,353383143747";"10098,821171757927";"0,23756678947364168";"0,11758174211329883";"0,11742806788253232";"0,11797003998647224";"0,2373977101984394";"243,546875";"241,078125";"246,375";"1,0877436056360437";"246,171875";"245,875";"247,078125";"0,2543908056840637";"0,2753749999997126";"0,2749579999999696";"0,27825000000007094";"0,6489733065325419";"0,7039999999999509";"0,6933340000000499";"0,710999999999899";"1,2658578721554496";"1,0937080000000066";"1,0725840000000062";"1,0957500000000095";"1,1795792672005365";"0,6932090000000244";"0,6827089999997042";"0,7001249999998436";"1,267205915191894";"118,58840402265407";"118,58765305676174";"118,58850580907445";"0,0003927394137980987";"7531";"7531";"7531";"0";"7531";"7531";"7531";"0";"188,62008299998706";"185,154583";"198,89383299999463";"3,743128224482258"
"boutique";"static";"rustyx";"3";"3";"0";"27978,860032807333";"27596,481429119";"29089,919336714884";"2,748878242096933";"0,08827355510128229";"0,08490364982572408";"0,0898609329593959";"2,887213866976601";"8,828125";"8,75";"8,859375";"0,6392821410397144";"8,828125";"8,828125";"8,875";"0,30601604374008434";"0,13129200000003038";"0,1257499999992433";"0,13237500000002456";"2,7377905701734915";"0,2080839999998716";"0,19887500000004366";"0,21258400000010624";"3,3837816004145393";"0,303957999999966";"0,28779199999999605";"0,30529200000000856";"3,257840393041331";"0,20045799999979863";"0,1914160000000038";"0,2049590000005992";"3,4669079957275697";"246,98403248230005";"246,9793442777083";"247,98455676172765";"0,23411794103448286";"6323";"6323";"6323";"0";"6323";"6323";"6323";"0";"28,50941599998623";"28,06737499999872";"29,80395799999951";"3,134354001602212"
"boutique";"runtime";"next";"3";"3";"0";"646,289996538217";"645,9061788820086";"648,5238159405455";"0,21851409826700466";"1,5522572665429808";"1,5254237288135593";"1,5548686244204017";"1,0554814626553506";"289,84375";"241,859375";"291,53125";"10,277834281411472";"311,453125";"311,203125";"312,375";"0,19802674461867623";"6,0932920000000195";"6,080375000000004";"6,09741699999995";"0,14598399954275648";"8,222249999999804";"8,215958999999998";"8,287374999999997";"0,4797617959864654";"9,490666000000601";"9,438875000000053";"9,808917000000008";"2,0916930011913193";"6,644916999999623";"6,523791999999958";"6,6788329999999405";"1,2319797886841617";"100,26125596746083";"98,92736175364254";"100,48960378940437";"0,8447086018636322";"5892";"5892";"5892";"0";"5892";"5892";"5892";"0";"192,31466699999874";"181,9162090000027";"196,57625000000007";"3,9633685498330995"
"boutique";"runtime";"rustyx";"3";"3";"0";"4070,290921945011";"4056,4508586474512";"4102,548925485526";"0,5802701702215189";"0,45738147875214935";"0,4508676155195945";"0,46335091437866616";"1,3656228630247926";"276,484375";"275,96875";"276,6875";"0,13406332921385028";"283,515625";"283,4375";"283,71875";"0,05119982317200138";"0,8696250000002692";"0,8656670000000304";"0,8711249999996653";"0,32455334040048606";"1,595957999999996";"1,5920420000002196";"1,6037919999999986";"0,3745705098495047";"2,4240839999999935";"2,4082499999999527";"2,438415999999961";"0,6226000442580262";"1,5516250000000582";"1,5475000000001273";"1,558832999999595";"0,369430026709124";"186,16756808306587";"184,97064515861334";"187,9560214486422";"0,8061737657564723";"4310,074379759273";"4310,067925272342";"4310,089491128875";"0,00025681036520665637";"4310,074379759273";"4310,067925272342";"4310,089491128875";"0,00025681036520665637";"28,58058300000266";"27,711624999996275";"29,067250000000058";"2,413573273788825"
"boutique";"api-get";"next";"3";"3";"0";"6784,695544449421";"6774,563567669817";"6813,7816089557555";"0,29977983909664396";"0,1883400141476067";"0,18753852023596396";"0,18862354990111285";"0,299064856641033";"256,84375";"250,171875";"267,390625";"3,3632509135469983";"265,40625";"258,921875";"273,921875";"2,8272673362388834";"0,454124999999749";"0,4519999999999982";"0,4546250000003056";"0,3072887871481621";"1,2235829999999623";"1,2037499999999";"1,2320000000000846";"1,1890975028078101";"1,7099170000000008";"1,678625000000011";"1,7232500000000073";"1,3443547146211412";"1,2191250000000764";"1,19825000000003";"1,2283330000000205";"1,2683917787339332";"127,78422291646288";"127,7829654828808";"127,7846520154588";"0,0006859341047534931";"140";"140";"140";"0";"140";"140";"140";"0";"182,490541999985";"180,6987079999999";"193,10395900000003";"3,6159216294942387"
"boutique";"api-get";"rustyx";"3";"3";"0";"17311,85847638769";"17039,214994671904";"17437,842463964178";"1,1803332600752265";"0,12522237368019776";"0,12431762924904813";"0,12722556717486475";"1,184936933989686";"172,234375";"170,890625";"172,734375";"0,5545169033127617";"174,078125";"171,609375";"175,484375";"1,129163384269703";"0,2016249999996944";"0,19950000000017099";"0,20366699999976845";"1,0335641497682129";"0,3508330000000086";"0,3488749999999641";"0,36999999999989086";"3,2735363540887374";"0,6920830000003662";"0,6912500000003092";"0,7049999999999272";"1,107489867681182";"0,3415830000000142";"0,3373749999999802";"0,3590839999999389";"3,327275851955797";"216,78312343384067";"216,7823791911593";"216,78320112289185";"0,00020932520330774966";"140";"140";"140";"0";"140";"140";"140";"0";"28,736625000019558";"26,1861249999929";"28,926457999998092";"5,475108578697587"
"boutique";"api-post";"next";"3";"3";"0";"5770,094124767398";"5752,447531542315";"5842,350717340212";"0,8229668851375739";"0,22769936730862825";"0,22521905805038336";"0,22804463852498788";"0,6790573667613743";"261,71875";"259,84375";"263,484375";"0,6957239240361195";"265,46875";"264,75";"266,703125";"0,3718712527045172";"0,541082999999162";"0,5404159999998228";"0,5466659999999592";"0,6323930996268464";"1,4493750000000318";"1,4394159999999374";"1,451708999999937";"0,4512437669096019";"2,0340000000001055";"1,9534160000000043";"2,0409169999998085";"2,4208214580377163";"1,4424999999999955";"1,4338330000000497";"1,4467919999999594";"0,4581017533474044";"131,5808725359344";"130,98286634082655";"131,58390289377377";"0,2634574760429018";"41";"41";"41";"0";"41";"41";"41";"0";"185,70624999999563";"182,78474999999162";"199,41199999998207";"4,689562530861445"
"boutique";"api-post";"rustyx";"3";"3";"0";"14758,519596512906";"14556,693172870406";"14822,34553450144";"0,942541315078375";"0,1283089128147009";"0,12804878048780488";"0,129138617942025";"0,44294927578445864";"177,953125";"176,1875";"178,40625";"0,6603878349406811";"181,859375";"181,4375";"182,015625";"0,16452581340923317";"0,23666600000024118";"0,23491700000067794";"0,23812500000030923";"0,6789481688176355";"0,45891600000004473";"0,44595800000001873";"0,47262499999999363";"2,9042334763095234";"0,7498340000000212";"0,7493329999999787";"0,7612910000000284";"0,8976899950072363";"0,4452080000000933";"0,4350000000000023";"0,45837500000016007";"2,6263607807760234";"188,98104361388476";"187,9831238150595";"190,18390408957163";"0,582905637426818";"41";"41";"41";"0";"41";"41";"41";"0";"28,511333000002196";"27,78349999999773";"28,601625000010245";"1,5850743403477023"
"boutique";"image-hot";"next";"3";"3";"0";"17324,29139087503";"17232,21345577966";"17394,643440725766";"0,47038495611281084";"0,07253441032425782";"0,07226384383621734";"0,07254708087102486";"0,22083950013575326";"219,9375";"218,765625";"220,53125";"0,408860121588361";"221,78125";"220,078125";"222,5";"0,5616684978977314";"0,19987500000024738";"0,19933300000047893";"0,20033300000068266";"0,2504854487449104";"0,33337499999998954";"0,3293749999999136";"0,3408749999999827";"1,7451019940942782";"0,8348329999998896";"0,8283329999999296";"0,8425409999999829";"0,8515625072176609";"0,3287499999999852";"0,32425000000000637";"0,33658300000001873";"1,8920426235482102";"125,19198876433178";"124,99284415967188";"126,19306044169741";"0,5126849845726626";"2254";"2254";"2254";"0";"2254";"2254";"2254";"0";"183,99937500001397";"182,5933339999974";"192,0416669999977";"2,7376492830446373"
"boutique";"image-hot";"rustyx";"3";"3";"0";"28782,25360010029";"28764,565775687097";"30038,68127568585";"2,5023265922687514";"0,08127537682852216";"0,07869297755053127";"0,08233683757061165";"2,3203214886423438";"14,5";"14,234375";"14,96875";"2,5524947084163787";"14,75";"14,328125";"15,234375";"3,070131812558567";"0,126166000000012";"0,1226249999999709";"0,12762500000008004";"2,0492465564097366";"0,20224999999982174";"0,19204100000001745";"0,20533400000022084";"3,480912086399978";"0,2879159999999956";"0,26916699999947014";"0,31391700000000355";"7,740317690590941";"0,19870799999989686";"0,18870799999967858";"0,2016670000002705";"3,4583340467582278";"236,38332712751105";"233,7850922727781";"236,98397395876103";"0,7212948276790229";"2254";"2254";"2254";"0";"2254";"2254";"2254";"0";"28,619999999995343";"27,89074999999866";"28,758042000001296";"1,6395971479549818"
"boutique";"mixed";"next";"3";"3";"0";"2105,81315426196";"2103,244548030389";"2106,107782994913";"0,07481714862209175";"0,6039909727996199";"0,6036527514231499";"0,6040109172896642";"0,033330337683504414";"307,671875";"302,390625";"310,59375";"1,3548144735869845";"335,015625";"329,484375";"348,453125";"2,8891140012847747";"0,9711659999998119";"0,9670420000002196";"0,9733750000000327";"0,3312005847407411";"5,6455409999998665";"5,6121250000001055";"5,6466669999999795";"0,3482987778476213";"6,9133750000000305";"6,86166699999967";"6,924209000000019";"0,48440930212298305";"4,5290829999999005";"4,517832999999882";"4,534791000000041";"0,19059336118725076";"127,13577579985896";"127,03407206003716";"127,19341349464074";"0,06346694367167423";"5054,2418416993";"5054";"5054,242071504929";"0,002763935462389213";"5054,2418416993";"5054";"5054,242071504929";"0,002763935462389213";"188,88333299997612";"187,9950830000016";"196,93591599998763";"2,5752092865134095"
"boutique";"mixed";"rustyx";"3";"3";"0";"12216,659946474612";"12044,847892083486";"12730,690753485045";"2,8941324028950373";"0,22661933068006263";"0,2161939265411917";"0,22767366083473425";"2,8391626315468477";"292,03125";"291,203125";"294,0625";"0,5031143744886881";"295,5625";"294,75";"296,375";"0,27489955593148657";"0,18762499999957072";"0,1820000000006985";"0,19233299999996234";"2,7617422314461746";"0,8445419999998194";"0,804417000000285";"0,8539589999991222";"3,1534465778967613";"1,423291000000063";"1,347250000000031";"1,4441249999999854";"3,6296056960808323";"0,8076249999999163";"0,7706250000001091";"0,8160000000000309";"3,025436039079552";"275,2298021577575";"274,2294613788179";"276,85313002160063";"0,480727717562931";"3780,369300375651";"3780,368852375155";"3780,3842400322033";"0,00023165978331588836";"3780,369300375651";"3780,368852375155";"3780,3842400322033";"0,00023165978331588836";"28,694375000006403";"26,783458999998402";"29,08370799999102";"4,367752141604729"
"boutique";"capacity-1";"next";"1";"1";"0";"523,7831282941073";"523,7831282941073";"523,7831282941073";"";"1,1036895674300256";"1,1036895674300256";"1,1036895674300256";"";"171,46875";"171,46875";"171,46875";"";"178,34375";"178,34375";"178,34375";"";"0,46445799999997917";"0,46445799999997917";"0,46445799999997917";"";"7,020415999999841";"7,020415999999841";"7,020415999999841";"";"7,469167000000198";"7,469167000000198";"7,469167000000198";"";"5,572625000000016";"5,572625000000016";"5,572625000000016";"";"57,809397429406886";"57,809397429406886";"57,809397429406886";"";"5054";"5054";"5054";"";"5054";"5054";"5054";"";"183,54000000000815";"183,54000000000815";"183,54000000000815";""
"boutique";"capacity-1";"rustyx";"1";"1";"0";"3647,7672013210954";"3647,7672013210954";"3647,7672013210954";"";"0,2777777777777778";"0,2777777777777778";"0,2777777777777778";"";"235";"235";"235";"";"250,21875";"250,21875";"250,21875";"";"0,19995900000049005";"0,19995900000049005";"0,19995900000049005";"";"0,5773329999999532";"0,5773329999999532";"0,5773329999999532";"";"0,7926669999997102";"0,7926669999997102";"0,7926669999997102";"";"0,5254159999999501";"0,5254159999999501";"0,5254159999999501";"";"101,32686670336376";"101,32686670336376";"101,32686670336376";"";"3779,75";"3779,75";"3779,75";"";"3779,75";"3779,75";"3779,75";"";"29,2894999999844";"29,2894999999844";"29,2894999999844";""
"boutique";"capacity-16";"next";"1";"1";"0";"2052,4890339197646";"2052,4890339197646";"2052,4890339197646";"";"0,6476452946421334";"0,6476452946421334";"0,6476452946421334";"";"310,359375";"310,359375";"310,359375";"";"342,171875";"342,171875";"342,171875";"";"4,148332999999184";"4,148332999999184";"4,148332999999184";"";"21,624832999999967";"21,624832999999967";"21,624832999999967";"";"26,406499999999994";"26,406499999999994";"26,406499999999994";"";"17,121582999999873";"17,121582999999873";"17,121582999999873";"";"132,92848651227138";"132,92848651227138";"132,92848651227138";"";"5054,200778147037";"5054,200778147037";"5054,200778147037";"";"5054,200778147037";"5054,200778147037";"5054,200778147037";"";"190,63612499999";"190,63612499999";"190,63612499999";""
"boutique";"capacity-16";"rustyx";"1";"1";"0";"14470,08358893117";"14470,08358893117";"14470,08358893117";"";"0,24812895797351756";"0,24812895797351756";"0,24812895797351756";"";"308,265625";"308,265625";"308,265625";"";"312,671875";"312,671875";"312,671875";"";"0,37712499999997817";"0,37712499999997817";"0,37712499999997817";"";"3,502874999999676";"3,502874999999676";"3,502874999999676";"";"5,041749999999865";"5,041749999999865";"5,041749999999865";"";"3,4632910000000265";"3,4632910000000265";"3,4632910000000265";"";"359,0446762711188";"359,0446762711188";"359,0446762711188";"";"3780,327587795049";"3780,327587795049";"3780,327587795049";"";"3780,327587795049";"3780,327587795049";"3780,327587795049";"";"28,10120800000732";"28,10120800000732";"28,10120800000732";""
"boutique";"capacity-64";"next";"1";"1";"0";"1998,752479038102";"1998,752479038102";"1998,752479038102";"";"0,6975779694757797";"0,6975779694757797";"0,6975779694757797";"";"360,71875";"360,71875";"360,71875";"";"373,515625";"373,515625";"373,515625";"";"16,70849999999973";"16,70849999999973";"16,70849999999973";"";"87,45233299999995";"87,45233299999995";"87,45233299999995";"";"106,51779199999999";"106,51779199999999";"106,51779199999999";"";"68,77649999999994";"68,77649999999994";"68,77649999999994";"";"139,428569581208";"139,428569581208";"139,428569581208";"";"5054";"5054";"5054";"";"5054";"5054";"5054";"";"184,7422910000023";"184,7422910000023";"184,7422910000023";""
"boutique";"capacity-64";"rustyx";"1";"1";"0";"13909,31094644014";"13909,31094644014";"13909,31094644014";"";"0,2566679829127329";"0,2566679829127329";"0,2566679829127329";"";"315,46875";"315,46875";"315,46875";"";"319,421875";"319,421875";"319,421875";"";"4,829790999999659";"4,829790999999659";"4,829790999999659";"";"11,52875000000006";"11,52875000000006";"11,52875000000006";"";"15,712208000000146";"15,712208000000146";"15,712208000000146";"";"11,48791700000038";"11,48791700000038";"11,48791700000038";"";"357,00747843287866";"357,00747843287866";"357,00747843287866";"";"3780,2674492347824";"3780,2674492347824";"3780,2674492347824";"";"3780,2674492347824";"3780,2674492347824";"3780,2674492347824";"";"29,93887499999255";"29,93887499999255";"29,93887499999255";""
"boutique";"capacity-128";"next";"1";"1";"0";"1977,832434590331";"1977,832434590331";"1977,832434590331";"";"0,7162534435261708";"0,7162534435261708";"0,7162534435261708";"";"394,25";"394,25";"394,25";"";"476,28125";"476,28125";"476,28125";"";"33,426749999999856";"33,426749999999856";"33,426749999999856";"";"178,52829200000008";"178,52829200000008";"178,52829200000008";"";"212,62583299999994";"212,62583299999994";"212,62583299999994";"";"140,287333";"140,287333";"140,287333";"";"141,66292919930746";"141,66292919930746";"141,66292919930746";"";"5053,930044244094";"5053,930044244094";"5053,930044244094";"";"5053,930044244094";"5053,930044244094";"5053,930044244094";"";"182,0714169999992";"182,0714169999992";"182,0714169999992";""
"boutique";"capacity-128";"rustyx";"1";"1";"0";"13362,021637009262";"13362,021637009262";"13362,021637009262";"";"0,2653645185369495";"0,2653645185369495";"0,2653645185369495";"";"307,09375";"307,09375";"307,09375";"";"320,515625";"320,515625";"320,515625";"";"13,312790999999834";"13,312790999999834";"13,312790999999834";"";"24,160084000000097";"24,160084000000097";"24,160084000000097";"";"34,284959000000015";"34,284959000000015";"34,284959000000015";"";"24,126958999999943";"24,126958999999943";"24,126958999999943";"";"354,58064383852644";"354,58064383852644";"354,58064383852644";"";"3780,254901716845";"3780,254901716845";"3780,254901716845";"";"3780,254901716845";"3780,254901716845";"3780,254901716845";"";"28,45800000001327";"28,45800000001327";"28,45800000001327";""
"boutique-node";"static";"next";"3";"3";"0";"9985,609593289466";"9957,944541525332";"9990,5283479938";"0,17604052133809842";"0,11910004403699108";"0,1189594056035087";"0,11928908524952304";"0,13888202576569314";"233,59375";"230,71875";"234,921875";"0,9217853941521786";"235,9375";"234,96875";"236";"0,24537711129265583";"0,27854200000001583";"0,2785000000000082";"0,2786670000000413";"0,031184168464446133";"0,7242089999999735";"0,7052499999999782";"0,7310419999998885";"1,8554918056263383";"1,0954169999999976";"1,0777499999999947";"1,0962499999995998";"0,958778088515939";"0,713457999999946";"0,6935000000000855";"0,7208749999999782";"1,9961406019746348";"118,78821818064092";"118,7874095324038";"118,98723661988693";"0,09687281617541331";"7531";"7531";"7531";"0";"7531";"7531";"7531";"0";"178,876082999981";"174,74420800001826";"180,18533299997216";"1,5960662742620546"
"boutique-node";"static";"rustyx";"3";"3";"0";"26908,78791916746";"26611,656523921614";"27171,786962514925";"1,0418790736145962";"0,09223131405468477";"0,09133865222127359";"0,09341229164474772";"1,126593744552922";"8,796875";"8,75";"8,796875";"0,3081940938734657";"8,890625";"8,796875";"8,9375";"0,8067914955908169";"0,13550000000032014";"0,13529099999959726";"0,1385419999999158";"1,3336103632578642";"0,21812499999987267";"0,21337499999981446";"0,22254099999986465";"2,102626948637426";"0,31062500000007276";"0,3073749999999791";"0,32683299999996507";"3,309580239884201";"0,20987500000001091";"0,20533400000000768";"0,21462500000006912";"2,2129124989132607";"248,18343995996867";"248,18328694036413";"248,5855820362419";"0,09351780728584937";"6323";"6323";"6323";"0";"6323";"6323";"6323";"0";"28,4047080000164";"28,052582999982405";"28,835375000024214";"1,3789655631799715"
"boutique-node";"runtime";"next";"3";"3";"0";"10435,079706538834";"10430,724765426716";"10532,081756219533";"0,547514968628735";"0,11392549272775605";"0,11388255142928354";"0,1144094593817673";"0,2565063099892564";"232,453125";"230,984375";"235,546875";"0,9995851107600605";"235,609375";"234,015625";"241,984375";"1,7776604553625468";"0,26391700000021956";"0,2616250000000946";"0,2660000000000764";"0,8293932075126259";"0,690375000000131";"0,6817499999999654";"0,6972500000001673";"1,12591206534325";"1,0649170000000368";"1,0538339999998243";"1,0846670000000103";"1,4626440886250047";"0,6820419999999103";"0,6730839999999603";"0,6886250000006839";"1,1450544561127811";"119,3871827830759";"118,78775495434095";"119,98726035263205";"0,5023584831169676";"5872";"5872";"5872";"0";"5872";"5872";"5872";"0";"186,44262499996694";"185,46212500002002";"188,07133399997838";"0,7060779017772538"
"boutique-node";"runtime";"rustyx";"3";"3";"0";"27071,108406300107";"26947,505590357";"27277,046281560084";"0,6143346003793441";"0,09581501865327079";"0,095751310531911";"0,09684816730613668";"0,6404367639909344";"8,828125";"8,796875";"8,828125";"0,20461320821841433";"8,859375";"8,8125";"8,875";"0,36756904051785744";"0,13641699999971024";"0,1360410000002048";"0,13720800000010058";"0,43621242423667383";"0,20704200000000128";"0,20545900000001893";"0,20875000000023647";"0,7947974018426892";"0,2985420000000012";"0,2915000000000134";"0,3060839999999416";"2,4416527473350405";"0,2012920000001941";"0,19987500000024738";"0,2030830000003334";"0,7981610662259998";"260,98165298979484";"259,38187569143605";"261,1812928898968";"0,37860669396401586";"4009";"4009";"4009";"0";"4009";"4009";"4009";"0";"28,2212920000311";"27,60191600001417";"28,696707999974024";"1,9485510564457844"
"boutique-node";"mixed";"next";"3";"3";"0";"7141,1944748773585";"7136,203411419956";"7146,443878214137";"0,071706697527077";"0,16849406242337198";"0,16841847531436366";"0,16872615255364581";"0,09512840344097996";"258,265625";"257,46875";"259,953125";"0,4906029367849841";"259,421875";"259,078125";"261,09375";"0,4149376347419718";"0,43066599999929167";"0,43025000000034197";"0,4309579999999187";"0,08262536204414743";"1,0080000000000098";"0,9999580000000492";"1,0103330000001733";"0,5410011850785936";"1,46783300000061";"1,4676249999997708";"1,4848749999998745";"0,6718811006599967";"0,9982089999999744";"0,9902079999999387";"1,0003750000000764";"0,5375382701525707";"120,35931818884929";"120,24079030696743";"120,49062683834099";"0,10382936465594092";"5049,071516084993";"5048,985606603823";"5049,071566189092";"0,0009826482608874985";"5049,071516084993";"5048,985606603823";"5049,071566189092";"0,0009826482608874985";"185,76633399998536";"175,93016599997645";"186,62679199996637";"3,251494455836874"
"boutique-node";"mixed";"rustyx";"3";"3";"0";"23627,482172369546";"23361,754611131917";"23919,795870369206";"1,1809193427884257";"0,11680809192288973";"0,11532813912534554";"0,11802913810907262";"1,1587948207516405";"165,15625";"163,90625";"166,0625";"0,6560053093199782";"167,703125";"165,765625";"168,328125";"0,7987877936079196";"0,15379099999972823";"0,1519590000007156";"0,15512499999931606";"1,0346716944128764";"0,25108300000010786";"0,2482079999999769";"0,2559589999991658";"1,5564296934900912";"0,37387500000022555";"0,36883399999987887";"0,38191699999970297";"1,7602158894287028";"0,2428330000002461";"0,24049999999999727";"0,24791600000025937";"1,5557057049476946";"275,86255459878055";"275,73677614675535";"275,988110949658";"0,04555437098570201";"3704,998411429348";"3704,998373487852";"3705";"0,000025055562490690307";"3704,998411429348";"3704,998373487852";"3705";"0,000025055562490690307";"28,51879200001713";"27,83383399999002";"29,144124999991618";"2,299636736216639"
"boutique-node";"capacity-1";"next";"1";"1";"0";"5126,593807763015";"5126,593807763015";"5126,593807763015";"";"0,20025356782939435";"0,20025356782939435";"0,20025356782939435";"";"233,140625";"233,140625";"233,140625";"";"249,28125";"249,28125";"249,28125";"";"0,16254200000003038";"0,16254200000003038";"0,16254200000003038";"";"0,32291699999996126";"0,32291699999996126";"0,32291699999996126";"";"0,6033749999996871";"0,6033749999996871";"0,6033749999996871";"";"0,3125";"0,3125";"0,3125";"";"102,6618700816624";"102,6618700816624";"102,6618700816624";"";"5049,080686583661";"5049,080686583661";"5049,080686583661";"";"5049,080686583661";"5049,080686583661";"5049,080686583661";"";"189,93704200000502";"189,93704200000502";"189,93704200000502";""
"boutique-node";"capacity-1";"rustyx";"1";"1";"0";"8775,095430258609";"8775,095430258609";"8775,095430258609";"";"0,09819190154220163";"0,09819190154220163";"0,09819190154220163";"";"125,875";"125,875";"125,875";"";"126,375";"126,375";"126,375";"";"0,0989999999999327";"0,0989999999999327";"0,0989999999999327";"";"0,15941699999984849";"0,15941699999984849";"0,15941699999984849";"";"0,24054199999955017";"0,24054199999955017";"0,24054199999955017";"";"0,1490000000000009";"0,1490000000000009";"0,1490000000000009";"";"86,16433065113766";"86,16433065113766";"86,16433065113766";"";"3705";"3705";"3705";"";"3705";"3705";"3705";"";"29,09579200000735";"29,09579200000735";"29,09579200000735";""
"boutique-node";"capacity-16";"next";"1";"1";"0";"6907,47730635068";"6907,47730635068";"6907,47730635068";"";"0,17871355184140078";"0,17871355184140078";"0,17871355184140078";"";"257,421875";"257,421875";"257,421875";"";"265,28125";"265,28125";"265,28125";"";"1,9828330000000278";"1,9828330000000278";"1,9828330000000278";"";"3,993832999999995";"3,993832999999995";"3,993832999999995";"";"5,34904199999994";"5,34904199999994";"5,34904199999994";"";"3,9847920000001977";"3,9847920000001977";"3,9847920000001977";"";"123,44598036818016";"123,44598036818016";"123,44598036818016";"";"5048,98015097798";"5048,98015097798";"5048,98015097798";"";"5048,98015097798";"5048,98015097798";"5048,98015097798";"";"170,28241699998034";"170,28241699998034";"170,28241699998034";""
"boutique-node";"capacity-16";"rustyx";"1";"1";"0";"30049,211683565863";"30049,211683565863";"30049,211683565863";"";"0,1767491902923821";"0,1767491902923821";"0,1767491902923821";"";"169,28125";"169,28125";"169,28125";"";"176,9375";"176,9375";"176,9375";"";"0,45833300000003874";"0,45833300000003874";"0,45833300000003874";"";"0,97037499999999";"0,97037499999999";"0,97037499999999";"";"1,464500000000001";"1,464500000000001";"1,464500000000001";"";"0,9450829999996131";"0,9450829999996131";"0,9450829999996131";"";"531,1173833994654";"531,1173833994654";"531,1173833994654";"";"3705";"3705";"3705";"";"3705";"3705";"3705";"";"28,65533300000243";"28,65533300000243";"28,65533300000243";""
"boutique-node";"capacity-64";"next";"1";"1";"0";"6770,847546317971";"6770,847546317971";"6770,847546317971";"";"0,1823857630951503";"0,1823857630951503";"0,1823857630951503";"";"266,25";"266,25";"266,25";"";"268,40625";"268,40625";"268,40625";"";"8,609166000000187";"8,609166000000187";"8,609166000000187";"";"14,658333000000084";"14,658333000000084";"14,658333000000084";"";"17,817499999999995";"17,817499999999995";"17,817499999999995";"";"14,648290999999972";"14,648290999999972";"14,648290999999972";"";"123,49061965361291";"123,49061965361291";"123,49061965361291";"";"5048,979770420077";"5048,979770420077";"5048,979770420077";"";"5048,979770420077";"5048,979770420077";"5048,979770420077";"";"175,76325000001816";"175,76325000001816";"175,76325000001816";""
"boutique-node";"capacity-64";"rustyx";"1";"1";"0";"27833,913557146014";"27833,913557146014";"27833,913557146014";"";"0,16953819997365932";"0,16953819997365932";"0,16953819997365932";"";"178,140625";"178,140625";"178,140625";"";"187,3125";"187,3125";"187,3125";"";"1,8441250000005311";"1,8441250000005311";"1,8441250000005311";"";"4,732915999999932";"4,732915999999932";"4,732915999999932";"";"9,593665999999757";"9,593665999999757";"9,593665999999757";"";"4,6119169999999485";"4,6119169999999485";"4,6119169999999485";"";"471,89116027009686";"471,89116027009686";"471,89116027009686";"";"3705,019522036374";"3705,019522036374";"3705,019522036374";"";"3705,019522036374";"3705,019522036374";"3705,019522036374";"";"28,759833999967668";"28,759833999967668";"28,759833999967668";""
"boutique-node";"capacity-128";"next";"1";"1";"0";"6537,651314927669";"6537,651314927669";"6537,651314927669";"";"0,1878542921782455";"0,1878542921782455";"0,1878542921782455";"";"266,640625";"266,640625";"266,640625";"";"300,140625";"300,140625";"300,140625";"";"17,56379199999992";"17,56379199999992";"17,56379199999992";"";"30,627917000000025";"30,627917000000025";"30,627917000000025";"";"39,943209000000024";"39,943209000000024";"39,943209000000024";"";"30,614666999999997";"30,614666999999997";"30,614666999999997";"";"122,81258602739132";"122,81258602739132";"122,81258602739132";"";"5048,979079285188";"5048,979079285188";"5048,979079285188";"";"5048,979079285188";"5048,979079285188";"5048,979079285188";"";"194,08808299998054";"194,08808299998054";"194,08808299998054";""
"boutique-node";"capacity-128";"rustyx";"1";"1";"0";"28438,651379660198";"28438,651379660198";"28438,651379660198";"";"0,18194172709912484";"0,18194172709912484";"0,18194172709912484";"";"182,4375";"182,4375";"182,4375";"";"192,78125";"192,78125";"192,78125";"";"3,650166999999783";"3,650166999999783";"3,650166999999783";"";"8,8247080000001";"8,8247080000001";"8,8247080000001";"";"11,584124999999403";"11,584124999999403";"11,584124999999403";"";"8,565458000000035";"8,565458000000035";"8,565458000000035";"";"517,4177348385286";"517,4177348385286";"517,4177348385286";"";"3705,0191021240203";"3705,0191021240203";"3705,0191021240203";"";"3705,0191021240203";"3705,0191021240203";"3705,0191021240203";"";"27,696500000020023";"27,696500000020023";"27,696500000020023";""
"journal";"static";"next";"3";"3";"0";"14622,420786196179";"14586,226538075012";"14651,468053950795";"0,22356943046932207";"0,10325915997647606";"0,1031898775643913";"0,1035139915269342";"0,16519344962979055";"201,046875";"199,734375";"202,421875";"0,6683674517961978";"202,046875";"200,9375";"203,9375";"0,7497799265710837";"0,24116700000013225";"0,24016600000004473";"0,24145800000019335";"0,2812990368994537";"0,4323330000000283";"0,4316249999999968";"0,4324160000000177";"0,10059816415925202";"0,8134169999993901";"0,8127910000000611";"0,8269580000001042";"0,978906329164875";"0,42583300000001145";"0,42541700000001015";"0,4265829999999369";"0,13873152238624947";"150,98988872051802";"150,98785302722396";"151,1883194625773";"0,07623443453522678";"2150";"2150";"2150";"0";"2150";"2150";"2150";"0";"163,9611670000013";"163,49233300000196";"173,58983300003456";"3,4124453082429276"
"journal";"static";"rustyx";"3";"3";"0";"32472,411115120463";"31984,33478234223";"32530,67689698615";"0,9280439653460585";"0,07531994038454433";"0,07524759779421257";"0,07565762735179546";"0,29022891234279535";"8,765625";"8,671875";"8,765625";"0,6196961744432476";"8,765625";"8,671875";"8,765625";"0,6196961744432476";"0,1135829999999487";"0,11320900000009715";"0,11449999999990723";"0,5838927413509671";"0,17804200000000492";"0,17774999999983265";"0,1831250000000182";"1,6825371135335545";"0,2592080000003989";"0,2552080000000103";"0,27325000000001864";"3,6088896516186946";"0,17445900000029724";"0,17412500000000364";"0,17949999999973443";"1,710792728126517";"244,58200693332878";"241,98588820575185";"244,7855291117897";"0,6402959750238639";"1840";"1840";"1840";"0";"1840";"1840";"1840";"0";"28,75091699999757";"28,54195800004527";"29,39437499997439";"1,5375326578462067"
"journal";"isr-hit";"next";"3";"3";"0";"7951,328402415044";"7873,813613133842";"8006,630864589541";"0,8398553468656559";"0,14813510726591383";"0,14711024526699634";"0,14933333333333335";"0,7508255290596285";"220,5";"219,96875";"220,765625";"0,1840870219387256";"227,984375";"227,4375";"227,984375";"0,13860208117634712";"0,3621660000001157";"0,359208999999737";"0,36541699999997945";"0,8571539154882494";"0,8791670000000522";"0,8688329999999951";"0,8935000000000173";"1,4068607025607762";"1,3218750000000057";"1,2952909999999065";"1,3272499999999923";"1,3015054787799334";"0,8731669999999667";"0,8613339999999425";"0,8872910000000047";"1,4869989273419704";"117,78574302520704";"117,58228328946538";"117,78708857982599";"0,10011851164448787";"1987";"1987";"1987";"0";"1987";"1987";"1987";"0";"170,6158750000177";"169,88320899999235";"171,70495900005335";"0,5368959336658355"
"journal";"isr-hit";"rustyx";"3";"3";"0";"30123,663117782493";"29591,07337255843";"30277,641961069225";"1,200979274376755";"0,08282749555809484";"0,08278728249251462";"0,08481735545568209";"1,390351330922868";"82,609375";"81,53125";"84,8125";"2,0153902588866055";"82,625";"81,5625";"84,8125";"1,9965472264401884";"0,12212499999986903";"0,12162499999999454";"0,12466700000004494";"1,3283043981308937";"0,19129199999997581";"0,19004200000000537";"0,19508399999995163";"1,366522800078267";"0,27720799999997325";"0,2767499999999927";"0,2780410000000302";"0,23600304463470478";"0,18758400000024267";"0,18608300000001066";"0,19124999999985448";"1,411545813679212";"250,78212550400468";"249,3856208241203";"250,98365885554574";"0,3475876840813028";"1693";"1693";"1693";"0";"1693";"1693";"1693";"0";"27,676040999940597";"26,421208999992814";"28,9340830000001";"4,539626053148955"
"journal";"ssr";"next";"3";"3";"0";"4493,539636604668";"4456,244926729623";"4494,498595740346";"0,48676917180526186";"0,2776294714361986";"0,27635619242579323";"0,27911150998429435";"0,4965721646178069";"221,84375";"198,53125";"226,53125";"6,954756467187332";"247,203125";"245,03125";"248,734375";"0,7533819880286367";"0,7585000000000264";"0,7576249999999618";"0,7618750000001455";"0,2955494514935626";"1,7123330000001715";"1,711874999999992";"1,7125420000002123";"0,01992456248411878";"2,2692499999999995";"2,2642499999999757";"2,279541999999992";"0,3433321192268088";"1,6914170000000013";"1,6906669999999622";"1,693916999999999";"0,10057414220776736";"124,37892503593562";"124,18175044864486";"124,78052695061292";"0,24520379281279886";"1807,022339904766";"1807,005833520305";"1807,0227798540666";"0,0005345535254453939";"1807,022339904766";"1807,005833520305";"1807,0227798540666";"0,0005345535254453939";"168,09199999994598";"163,5458749999525";"170,06533299997682";"1,9991506032641606"
"journal";"ssr";"rustyx";"3";"3";"0";"15339,982585609092";"15201,386045814072";"15406,706351250486";"0,6838312839573558";"0,11693848019085612";"0,11656282450674973";"0,11773527322476256";"0,5113626185896378";"142,84375";"142,46875";"143,03125";"0,2005942523508794";"147,28125";"143,765625";"148,234375";"1,6073818206993475";"0,23270899999988615";"0,23120800000015151";"0,23466699999971752";"0,7448743049269642";"0,3981670000000008";"0,396541999999954";"0,4029999999999916";"0,8413997372967134";"0,6225829999998496";"0,6186249999999802";"0,6252080000000433";"0,5326653438434726";"0,38016600000000267";"0,37904200000002675";"0,3852080000000342";"0,8608542126737668";"179,38342497153263";"178,97393394990127";"179,58492086478373";"0,17362723784358203";"1489,275815766488";"1489,2692520192586";"1489,2789460020767";"0,0003321950333488714";"1489,275815766488";"1489,2692520192586";"1489,2789460020767";"0,0003321950333488714";"29,056709000025876";"28,276165999937803";"29,259290999965742";"1,7984488009501325"
"journal";"api-pages";"next";"3";"3";"0";"12275,691708815175";"12274,27997195256";"12282,092359151937";"0,03390979906206096";"0,09953733872018768";"0,0994854760974339";"0,09954869087769035";"0,033862655362196986";"216,59375";"212,390625";"219,671875";"1,6904552805358433";"218,5";"214,296875";"220,90625";"1,5351689542403546";"0,223084000000199";"0,22287499999993088";"0,2239169999998012";"0,24687910043336153";"0,6370000000006257";"0,6254169999999704";"0,640584000000672";"1,2496989763792998";"0,995209000000159";"0,986583000000337";"0,9963330000000497";"0,5373563673660047";"0,6332499999998618";"0,6217919999999708";"0,63675000000012";"1,2407075450504212";"122,18896836449356";"122,18885026741309";"122,18898058228855";"0,000058900660260567176";"35";"35";"35";"0";"35";"35";"35";"0";"164,73704199993517";"163,29341599997133";"164,9106249999022";"0,5403319131133305"
"journal";"api-pages";"rustyx";"3";"3";"0";"25927,07023402602";"25891,872364816456";"26129,958819094507";"0,4945905160966178";"0,08600475147326525";"0,08526075709103155";"0,08612166713010165";"0,5442805979788513";"137,9375";"136,203125";"137,953125";"0,732272276632525";"138,234375";"136,546875";"138,34375";"0,7315011092304515";"0,1273750000000291";"0,12616700000012315";"0,1273750000000291";"0,5492843258188294";"0,2483749999999958";"0,24829199999999219";"0,25008299999990413";"0,4061304878653616";"0,7115420000000086";"0,7049580000000333";"0,7143329999998969";"0,6777187176021905";"0,2453339999999571";"0,24491699999998673";"0,24687500000004547";"0,4197528596621085";"222,98512131778006";"222,78600716734744";"222,98512319073012";"0,05156997728615649";"35";"35";"35";"0";"35";"35";"35";"0";"27,74683299998287";"27,734750000061467";"28,523374999989755";"1,613708981388757"
"journal";"mixed";"next";"3";"3";"0";"6653,334166614586";"6650,804431019846";"6678,366828703203";"0,22873231107975628";"0,1888742717534298";"0,18809657495788884";"0,18899117039263574";"0,2577600793529722";"251,078125";"244,265625";"253,75";"1,95857001275795";"254,296875";"250,484375";"257,328125";"1,3499239249758888";"0,39962500000001455";"0,3987080000001697";"0,40124999999989086";"0,32194383859209613";"1,5459580000000415";"1,5457499999999982";"1,5569159999995463";"0,41221845783959554";"2,1725420000000213";"2,159958000000188";"2,198082999999997";"0,8923855767996233";"1,542500000000473";"1,5413340000000062";"1,5515830000003916";"0,36314127249842115";"125,61779267914504";"125,61658434833573";"125,74214111618024";"0,05741255356858335";"1495,062859289874";"1495,0627889494456";"1495,0635597978664";"0,000028506999954956434";"1495,062859289874";"1495,0627889494456";"1495,0635597978664";"0,000028506999954956434";"164,11304099997506";"161,7495409999974";"165,46441700006835";"1,1480809056682868"
"journal";"mixed";"rustyx";"3";"3";"0";"23074,490051801225";"22822,705456164575";"23190,26405142994";"0,8160377842976592";"0,0982086269751418";"0,09685765105373793";"0,0991834208695938";"1,190768630904129";"232,390625";"230,21875";"237,5";"1,6017830798780512";"235,421875";"232,421875";"240,03125";"1,6244171538088326";"0,15912500000013097";"0,15850000000000364";"0,15991699999995035";"0,44612091674758925";"0,2809159999997064";"0,27958300000000236";"0,295708999999988";"3,1360592646901835";"0,4992080000001806";"0,49345800000000395";"0,5132079999998496";"2,0237001555599052";"0,2712079999996604";"0,2699999999999818";"0,28533299999992323";"3,0942985253487016";"226,36340006415455";"224,6154503337444";"226,61139861389665";"0,4816452284959578";"1265,0043389470604";"1264,9961060512292";"1265,0068129143535";"0,0004431313474142452";"1265,0043389470604";"1264,9961060512292";"1265,0068129143535";"0,0004431313474142452";"28,883874999941327";"27,843791999970563";"28,9879999999539";"2,2144008861855844"
"journal";"api-upload";"next";"3";"3";"0";"9674,79535377079";"9559,776943262817";"9713,235913175802";"0,8275284615591112";"0,13600942557721327";"0,13566649511065362";"0,13722701029202578";"0,6016784754364229";"244,796875";"237,453125";"284,671875";"9,939154910910826";"247,265625";"238,375";"287,6875";"10,195958345085723";"0,29025000000001455";"0,28891699999985576";"0,2907079999999951";"0,3208881769464005";"0,8091249999999945";"0,8027910000000702";"0,8241250000000946";"1,3492903573361041";"1,2233329999999114";"1,2124999999998636";"1,2644170000003214";"2,2205007290967504";"0,805958000000004";"0,7994579999999587";"0,8203750000002401";"1,3239352479087039";"131,5863358643457";"131,18596089825974";"131,77606725234904";"0,2290623674439348";"35";"35";"35";"0";"35";"35";"35";"0";"169,06599999999162";"168,65908399998443";"172,7112499999348";"1,3114355098306327"
"journal";"api-upload";"rustyx";"3";"3";"0";"15760,572615372057";"15741,611013449403";"15792,680521542427";"0,16375069987376653";"0,141733282578353";"0,14169937951120679";"0,14190253569795214";"0,07676315165364596";"213,515625";"213,203125";"220,8125";"1,9949151244033072";"227,9375";"223,671875";"239";"3,4366325212950057";"0,19762500000024374";"0,19704100000035396";"0,1981670000000122";"0,2849692250523593";"0,6665000000002692";"0,66599999999994";"0,670542000000296";"0,3730176104877471";"1,0765419999997903";"1,0753749999998945";"1,0911659999999301";"0,8139867359091973";"0,6639579999999796";"0,6632500000000618";"0,6681669999998121";"0,3996432207497726";"223,37976920911797";"223,37745187792802";"223,78130307212834";"0,10401976258144915";"35";"35";"35";"0";"35";"35";"35";"0";"28,403166999982204";"26,907083000056446";"28,994542000000365";"3,828638840747252"
"journal";"capacity-1";"next";"1";"1";"0";"4014,0422868833584";"4014,0422868833584";"4014,0422868833584";"";"0,24330496159435333";"0,24330496159435333";"0,24330496159435333";"";"195,515625";"195,515625";"195,515625";"";"246,296875";"246,296875";"246,296875";"";"0,20433300000013332";"0,20433300000013332";"0,20433300000013332";"";"0,4529579999998532";"0,4529579999998532";"0,4529579999998532";"";"0,6627920000000813";"0,6627920000000813";"0,6627920000000813";"";"0,431041999999934";"0,431041999999934";"0,431041999999934";"";"97,66364044482657";"97,66364044482657";"97,66364044482657";"";"1494,8159850529375";"1494,8159850529375";"1494,8159850529375";"";"1494,8159850529375";"1494,8159850529375";"1494,8159850529375";"";"164,6045419999864";"164,6045419999864";"164,6045419999864";""
"journal";"capacity-1";"rustyx";"1";"1";"0";"8252,968598888085";"8252,968598888085";"8252,968598888085";"";"0,10238287560581583";"0,10238287560581583";"0,10238287560581583";"";"212,90625";"212,90625";"212,90625";"";"213,359375";"213,359375";"213,359375";"";"0,1013329999996131";"0,1013329999996131";"0,1013329999996131";"";"0,1928330000000642";"0,1928330000000642";"0,1928330000000642";"";"0,30545900000004167";"0,30545900000004167";"0,30545900000004167";"";"0,17766699999992852";"0,17766699999992852";"0,17766699999992852";"";"84,49626574386629";"84,49626574386629";"84,49626574386629";"";"1264,2196082390954";"1264,2196082390954";"1264,2196082390954";"";"1264,2196082390954";"1264,2196082390954";"1264,2196082390954";"";"27,016583000076935";"27,016583000076935";"27,016583000076935";""
"journal";"capacity-16";"next";"1";"1";"0";"6279,822295052342";"6279,822295052342";"6279,822295052342";"";"0,20855444703884526";"0,20855444703884526";"0,20855444703884526";"";"239,46875";"239,46875";"239,46875";"";"251,046875";"251,046875";"251,046875";"";"1,488917000000015";"1,488917000000015";"1,488917000000015";"";"6,845332999999982";"6,845332999999982";"6,845332999999982";"";"9,595250000000007";"9,595250000000007";"9,595250000000007";"";"6,841333000000077";"6,841333000000077";"6,841333000000077";"";"130,96848662468534";"130,96848662468534";"130,96848662468534";"";"1494,9552642751007";"1494,9552642751007";"1494,9552642751007";"";"1494,9552642751007";"1494,9552642751007";"1494,9552642751007";"";"184,84504199994262";"184,84504199994262";"184,84504199994262";""
"journal";"capacity-16";"rustyx";"1";"1";"0";"29768,328892789563";"29768,328892789563";"29768,328892789563";"";"0,14975088171079887";"0,14975088171079887";"0,14975088171079887";"";"244,140625";"244,140625";"244,140625";"";"244,34375";"244,34375";"244,34375";"";"0,45829200000025594";"0,45829200000025594";"0,45829200000025594";"";"1,1188750000001164";"1,1188750000001164";"1,1188750000001164";"";"1,8788749999999936";"1,8788749999999936";"1,8788749999999936";"";"1,1075409999998556";"1,1075409999998556";"1,1075409999998556";"";"445,78334987522857";"445,78334987522857";"445,78334987522857";"";"1264,9781055813694";"1264,9781055813694";"1264,9781055813694";"";"1264,9781055813694";"1264,9781055813694";"1264,9781055813694";"";"29,40783299994655";"29,40783299994655";"29,40783299994655";""
"journal";"capacity-64";"next";"1";"1";"0";"6181,408145903675";"6181,408145903675";"6181,408145903675";"";"0,21466857004336468";"0,21466857004336468";"0,21466857004336468";"";"260,9375";"260,9375";"260,9375";"";"268,875";"268,875";"268,875";"";"5,599874999999884";"5,599874999999884";"5,599874999999884";"";"27,51995799999986";"27,51995799999986";"27,51995799999986";"";"39,29720800000007";"39,29720800000007";"39,29720800000007";"";"27,515333000000282";"27,515333000000282";"27,515333000000282";"";"132,6954047535548";"132,6954047535548";"132,6954047535548";"";"1494,990141945215";"1494,990141945215";"1494,990141945215";"";"1494,990141945215";"1494,990141945215";"1494,990141945215";"";"165,36008400004357";"165,36008400004357";"165,36008400004357";""
"journal";"capacity-64";"rustyx";"1";"1";"0";"30215,97421228104";"30215,97421228104";"30215,97421228104";"";"0,1546275208311505";"0,1546275208311505";"0,1546275208311505";"";"248,828125";"248,828125";"248,828125";"";"249,078125";"249,078125";"249,078125";"";"1,9275420000000167";"1,9275420000000167";"1,9275420000000167";"";"4,608000000000004";"4,608000000000004";"4,608000000000004";"";"6,935541999999998";"6,935541999999998";"6,935541999999998";"";"4,596000000000004";"4,596000000000004";"4,596000000000004";"";"467,22211819429924";"467,22211819429924";"467,22211819429924";"";"1264,9909010196372";"1264,9909010196372";"1264,9909010196372";"";"1264,9909010196372";"1264,9909010196372";"1264,9909010196372";"";"28,82820900005754";"28,82820900005754";"28,82820900005754";""
"journal";"capacity-128";"next";"1";"1";"0";"6040,9851596089875";"6040,9851596089875";"6040,9851596089875";"";"0,2221671622068054";"0,2221671622068054";"0,2221671622068054";"";"294,015625";"294,015625";"294,015625";"";"297,90625";"297,90625";"297,90625";"";"11,957790999999816";"11,957790999999816";"11,957790999999816";"";"55,89183400000002";"55,89183400000002";"55,89183400000002";"";"78,79262500000004";"78,79262500000004";"78,79262500000004";"";"55,88820900000019";"55,88820900000019";"55,88820900000019";"";"134,2108529843754";"134,2108529843754";"134,2108529843754";"";"1494,944196674375";"1494,944196674375";"1494,944196674375";"";"1494,944196674375";"1494,944196674375";"1494,944196674375";"";"162,32312499999534";"162,32312499999534";"162,32312499999534";""
"journal";"capacity-128";"rustyx";"1";"1";"0";"28866,143101389924";"28866,143101389924";"28866,143101389924";"";"0,15235193296514948";"0,15235193296514948";"0,15235193296514948";"";"252,84375";"252,84375";"252,84375";"";"253,171875";"253,171875";"253,171875";"";"3,824124999999867";"3,824124999999867";"3,824124999999867";"";"8,933125000000018";"8,933125000000018";"8,933125000000018";"";"13,171166999999997";"13,171166999999997";"13,171166999999997";"";"8,923666999999966";"8,923666999999966";"8,923666999999966";"";"439,78126987453703";"439,78126987453703";"439,78126987453703";"";"1264,9556101868043";"1264,9556101868043";"1264,9556101868043";"";"1264,9556101868043";"1264,9556101868043";"1264,9556101868043";"";"27,83850000007078";"27,83850000007078";"27,83850000007078";""
"dashboard";"ppr-html";"next";"3";"3";"0";"844,0163415993754";"838,0701565381405";"849,9798549576943";"0,7055326141254437";"1,626805588444234";"1,6133584195672626";"1,6412213740458015";"0,8563726432251973";"262,734375";"259,5";"262,96875";"0,7406634197985874";"273,265625";"272,234375";"430,828125";"28,04423089771594";"4,61241700000005";"4,576375000000098";"4,6584170000000995";"0,8909000912799157";"6,674416999999721";"6,549750000000017";"6,679500000000019";"1,1076525110006465";"8,490291999999954";"8,489292000000205";"8,57075000000009";"0,548843674464049";"1,7430419999999458";"1,7380419999999503";"1,775500000000008";"1,160673234829992";"137,30505012521218";"137,13221554585567";"137,5458653860307";"0,15128326904054645";"8771,474307364433";"8771,470419847328";"8771,47789275635";"0,00004260939699251219";"8771,474307364433";"8771,470419847328";"8771,47789275635";"0,00004260939699251219";"177,15945799998008";"174,9955830000108";"179,6925409999676";"1,3260732917414233"
"dashboard";"ppr-html";"rustyx";"3";"3";"0";"1301,3323011709592";"1214,8015382265255";"1314,0822769820081";"4,230831549212603";"1,5409433092640958";"1,5003043213633598";"1,6142833635017277";"3,722415546181541";"256,953125";"252,0625";"257,046875";"1,1165090275597247";"266,125";"261,328125";"268,671875";"1,4051358735216417";"2,8543750000001182";"2,8301249999999527";"3,08862500000032";"4,881744218657286";"4,433166";"4,3702500000000555";"4,626332999999988";"2,9810265362401185";"5,983749999999873";"5,693041999999991";"6,236541999999872";"4,554769157863161";"1,4247909999999138";"1,4097499999998035";"1,4824580000001788";"2,667133803308323";"197,152331878311";"196,10339131153884";"200,5279302618639";"1,1680916820594391";"7338,7680135197415";"7338,751522132631";"7338,770237370663";"0,00013931396506924803";"7338,7680135197415";"7338,751522132631";"7338,770237370663";"0,00013931396506924803";"27,855875000008382";"27,12812499993015";"27,98112500004936";"1,6655207089799482"
"dashboard";"ppr-flight";"next";"3";"3";"0";"1443,2585850583323";"1435,796193335378";"1454,3092233844795";"0,6448310155497269";"0,8963701856469937";"0,8960967564595932";"0,9021300292356954";"0,37932835676538224";"261,515625";"257,828125";"269,90625";"2,352788594534211";"276,453125";"266,640625";"277,65625";"2,208679975957491";"2,647165999999743";"2,6130000000002838";"2,654457999999977";"0,8389458768173326";"4,325791000000208";"4,278792000000067";"4,336999999999534";"0,715911660687049";"5,574125000000095";"5,567374999999856";"5,65133300000025";"0,8333353487632152";"4,294374999999945";"4,242708000000022";"4,308874999999716";"0,8122349130456321";"129,52748618701446";"129,36939658253544";"130,3201777964102";"0,3926857066727163";"4649,846217788861";"4649,845468467214";"4649,8474436503575";"0,000021444289548197562";"4649,846217788861";"4649,845468467214";"4649,8474436503575";"0,000021444289548197562";"172,88220899994485";"172,67345899995416";"174,60620799998287";"0,6117863446422097"
"dashboard";"ppr-flight";"rustyx";"3";"3";"0";"1676,4030885167617";"1637,9962617686501";"1678,1715804584148";"1,3641431874859722";"1,1138938580799045";"1,1091255658803907";"1,1277920175759795";"0,8682862570731273";"229,125";"225,78125";"316,5625";"20,01681071194045";"231,4375";"228,796875";"318,03125";"19,572126266809217";"2,2315000000000964";"2,2269999999998618";"2,2852499999999054";"1,4417710068171439";"3,3870830000000183";"3,328833000000003";"3,4654169999998885";"2,0195095042608697";"4,473375000000033";"4,398874999999975";"4,477416000000005";"0,9938520599229722";"3,326542000000245";"3,2815420000000586";"3,4163330000000087";"2,053724259767406";"186,1303003820329";"184,73191088419782";"186,73351039650035";"0,5524365682462434";"3592,8676207513417";"3592,8645184913953";"3592,8677626876342";"0,00005102995188821999";"3592,8676207513417";"3592,8645184913953";"3592,8677626876342";"0,00005102995188821999";"27,349832999985665";"26,869624999933876";"27,90625";"1,8950674054416021"
"dashboard";"api-session";"next";"3";"3";"0";"6514,806966826438";"6348,8824277671265";"6545,716109698274";"1,636117123842934";"0,19827085815537837";"0,1982689828739795";"0,20189612271252638";"1,0495303517220358";"253,859375";"251,96875";"256,125";"0,8193191564306606";"260,796875";"256,953125";"263,6875";"1,2969982440124725";"0,47337499999980537";"0,47087499999997817";"0,4847500000000764";"1,5525791185838567";"1,3103750000000218";"1,2962079999999787";"1,3108330000000024";"0,6367479421968222";"1,8152089999999959";"1,775624999999991";"1,8357500000000186";"1,689514859292498";"1,2988749999999527";"1,2847499999999172";"1,3011249999999563";"0,6854629228142027";"129,16841509329933";"128,18147457238743";"129,78247503113616";"0,6259137844401768";"26,659014179608373";"26,650067718668303";"26,660587175022147";"0,02128594390562848";"26,659014179608373";"26,650067718668303";"26,660587175022147";"0,02128594390562848";"173,05737499997485";"171,6359999999404";"191,8185409998987";"6,298753556703973"
"dashboard";"api-session";"rustyx";"3";"3";"0";"11776,421358374202";"11318,295944423488";"13465,127924889612";"9,277971066255812";"0,1660610588514959";"0,1473274620171387";"0,17315099473479628";"8,226731155768668";"169,796875";"168,40625";"170,625";"0,661045903303924";"172,703125";"170,265625";"173,90625";"1,0765822308699797";"0,30254100000001927";"0,2590829999999187";"0,31295799999998053";"9,802269003623193";"0,5309999999999491";"0,4907499999999345";"0,563457999999855";"6,893137343376726";"0,8951660000002448";"0,8250829999997222";"0,9246250000001055";"5,799965258678133";"0,5054590000000303";"0,46937500000001364";"0,5371670000000677";"6,730061264670447";"195,97742014797376";"195,56050002529918";"198,3783122910088";"0,7734307004461877";"26,81135599551737";"26,80370331107106";"26,834999183164275";"0,06083746551733159";"26,81135599551737";"26,80370331107106";"26,834999183164275";"0,06083746551733159";"27,68208300007973";"27,55191699997522";"27,78275000001304";"0,418217609610024"
"dashboard";"static";"next";"3";"3";"0";"8739,879035246662";"8512,356992345034";"8906,333911830754";"2,2681937246129826";"0,13774482884861797";"0,1351685115746458";"0,1404877131983273";"1,9303546137394039";"235,6875";"229,234375";"239,890625";"2,284679306351714";"242,4375";"238,921875";"250,71875";"2,4820077564954235";"0,32508400000006077";"0,32037500000001273";"0,3306249999999409";"1,5769005794819173";"0,8778329999995549";"0,8390839999999571";"0,87824999999998";"2,600189831260441";"1,2803749999999923";"1,214334000000008";"1,3308330000000126";"4,581542275776444";"0,8642090000000735";"0,8253749999998945";"0,8661250000000109";"2,6991203546353364";"120,38558984489556";"119,58815677823452";"120,38731418676758";"0,38369582081572884";"7507";"7507";"7507";"0";"7507";"7507";"7507";"0";"190,12716599996202";"176,2002499999944";"220,69670799991582";"11,632082619519508"
"dashboard";"static";"rustyx";"3";"3";"0";"21274,246095026425";"20599,999063140094";"25643,08020579707";"12,164971600155361";"0,11910245443179575";"0,09974731719490891";"0,12309365019269787";"10,955621103468099";"8,09375";"8,0625";"8,125";"0,3861003861003861";"8,109375";"8,0625";"8,15625";"0,5780346820809249";"0,17562500000008185";"0,14420800000016243";"0,18062499999996362";"11,833717996164168";"0,2647909999999456";"0,2202079999997295";"0,2749579999999696";"11,4962094867953";"0,36358300000028976";"0,31741699999997763";"0,3750830000008136";"8,669846576157266";"0,25520799999981136";"0,21216700000059063";"0,26508400000000165";"11,52448551366601";"253,57290786480706";"253,38149261036935";"255,78284551421305";"0,5249256162298263";"5447";"5447";"5447";"0";"5447";"5447";"5447";"0";"27,51529200002551";"26,552417000057176";"27,624499999918044";"2,166574160405223"
"dashboard";"mixed";"next";"3";"3";"0";"1742,612848028722";"1716,323241302611";"1747,8212626701704";"0,9728069659185685";"0,7679621396816292";"0,7663711752931084";"0,7738788584740827";"0,5141762718717092";"288,125";"284,15625";"289,296875";"0,9380943192707388";"291,953125";"291,03125";"297,40625";"1,1740665137892954";"1,0776249999998981";"1,0737079999998969";"1,08075000000008";"0,3275053657390422";"6,0418329999997695";"6,034959000000072";"6,128083000000004";"0,8551789882283879";"7,611667000000125";"7,478874999999988";"7,7491250000002765";"1,774960815759504";"1,747124999999869";"1,7446250000000418";"1,787208000000021";"1,3580142730963054";"133,8260691408835";"132,8226270751802";"133,94798352748234";"0,46247042954660883";"5435,054567617955";"5435,04011357018";"5435,057406348298";"0,00017062914993747245";"5435,054567617955";"5435,04011357018";"5435,057406348298";"0,00017062914993747245";"191,4445419999538";"184,1313749999972";"194,07912499993108";"2,7142646345642896"
"dashboard";"mixed";"rustyx";"3";"3";"0";"3385,1129768434434";"3121,6815181283478";"3630,398491138446";"7,5290789073045685";"0,6674542232722976";"0,6269149998278651";"0,7177742193755005";"6,786384698417589";"273,71875";"266,9375";"347,625";"15,115479441856262";"282,515625";"272,28125";"349,328125";"13,883934803768746";"0,4081670000000486";"0,3860829999998714";"0,4496249999997417";"7,780405563521918";"3,4474169999998594";"3,2899579999998423";"3,786666999999852";"7,235958655517233";"4,480375000000095";"4,460874999999987";"4,934624999999869";"5,795697080163013";"0,8849589999999949";"0,86850000000004";"0,9807500000000005";"6,65100783204795";"225,94079526480158";"224,06625148135018";"227,59512694471408";"0,7816898699098751";"4271,168118724158";"4270,984267413931";"4271,17926119737";"0,0025638524608042838";"4271,168118724158";"4270,984267413931";"4271,17926119737";"0,0025638524608042838";"27,658707999973558";"27,572124999947846";"27,91170900000725";"0,636704595203826"
"dashboard";"capacity-1";"next";"1";"1";"0";"839,519284299032";"839,519284299032";"839,519284299032";"";"1,0222310440651052";"1,0222310440651052";"1,0222310440651052";"";"236,171875";"236,171875";"236,171875";"";"283,3125";"283,3125";"283,3125";"";"0,4238339999999994";"0,4238339999999994";"0,4238339999999994";"";"3,0972090000004755";"3,0972090000004755";"3,0972090000004755";"";"3,716874999999959";"3,716874999999959";"3,716874999999959";"";"0,6546250000001237";"0,6546250000001237";"0,6546250000001237";"";"85,81826745017894";"85,81826745017894";"85,81826745017894";"";"5435,441445017865";"5435,441445017865";"5435,441445017865";"";"5435,441445017865";"5435,441445017865";"5435,441445017865";"";"185,70387500000652";"185,70387500000652";"185,70387500000652";""
"dashboard";"capacity-1";"rustyx";"1";"1";"0";"1623,8741100482916";"1623,8741100482916";"1623,8741100482916";"";"0,7911749615187276";"0,7911749615187276";"0,7911749615187276";"";"204,765625";"204,765625";"204,765625";"";"240,5";"240,5";"240,5";"";"0,3250000000000455";"0,3250000000000455";"0,3250000000000455";"";"1,495792000000165";"1,495792000000165";"1,495792000000165";"";"1,8708750000000691";"1,8708750000000691";"1,8708750000000691";"";"0,47833300000002055";"0,47833300000002055";"0,47833300000002055";"";"128,4768536528715";"128,4768536528715";"128,4768536528715";"";"4270,891534120062";"4270,891534120062";"4270,891534120062";"";"4270,891534120062";"4270,891534120062";"4270,891534120062";"";"26,46208300010767";"26,46208300010767";"26,46208300010767";""
"dashboard";"capacity-16";"next";"3";"3";"0";"1705,0610109490308";"1693,7687557160848";"1712,0275539374675";"0,5408723172319841";"0,8259299033486284";"0,822637106184364";"0,828257024955787";"0,3420210595630194";"286,203125";"284,734375";"288,28125";"0,6222422438200408";"306,9375";"304,1875";"309,609375";"0,8833268471426517";"4,762042000000292";"4,6397500000002765";"4,763541000000032";"1,5045603990852012";"23,329374999999345";"22,939582999999857";"23,35808299999985";"1,0072590588352313";"27,860124999999243";"27,663790999999947";"27,892541000000165";"0,4451529846064525";"6,024999999999977";"5,981792000000041";"6,045500000000004";"0,5404550357061635";"140,82608759766475";"140,28758705724695";"140,83773926790136";"0,22347665892629695";"5434,9192921042395";"5434,704558852427";"5435,240847407986";"0,004966215814549011";"5434,9192921042395";"5434,704558852427";"5435,240847407986";"0,004966215814549011";"171,141707999981";"170,21729200007394";"192,1764999999432";"6,983547829648056"
"dashboard";"capacity-16";"rustyx";"3";"3";"0";"3266,2584911610197";"3018,1215399101347";"3500,92445376175";"7,401898749730131";"0,7491209295214799";"0,700261468980271";"0,8086654539441045";"7,2128260399117705";"271,34375";"269,953125";"273,078125";"0,5767543959813728";"283,25";"282,890625";"290,046875";"1,4127488029633164";"1,5743330000000242";"1,4606250000001637";"1,7312080000001515";"8,551790002616883";"14,547792000000072";"13,988624999999956";"15,496374999999716";"5,193018384740546";"18,22354099999984";"17,823958000000005";"18,50425000000007";"1,880082440894687";"4,214167000000089";"4,0191249999998035";"4,59416600000003";"6,839296647836121";"244,68225969559694";"244,0650625129909";"245,1562500780156";"0,2236633364989794";"4270,918801996672";"4270,917479742021";"4270,948886510727";"0,0004159121886448864";"4270,918801996672";"4270,917479742021";"4270,948886510727";"0,0004159121886448864";"27,728000000002794";"27,7172080000164";"27,79874999995809";"0,15962537856283252"
"dashboard";"capacity-64";"next";"3";"3";"0";"1762,5425852451037";"1758,3124782779298";"1763,2398964604886";"0,1513850139705857";"0,8302739339169726";"0,827449872917255";"0,8309726156751652";"0,2248371922352783";"332,09375";"329,046875";"334,734375";"0,8573868590460278";"337,859375";"336,5625";"343,34375";"1,0610498201399643";"17,446750000000065";"17,434041999999863";"17,490625000000364";"0,17006031266694485";"89,26429099999996";"88,09375";"89,50020900000004";"0,8467527404938412";"104,2884160000001";"104,231583";"106,408583";"1,1819924580814434";"22,03479100000004";"21,984750000000076";"22,495791999999938";"1,270614983298394";"146,11095192488935";"145,8992628248865";"146,33931659476434";"0,15061921283121268";"5434,9537795349715";"5434,950519357885";"5434,9537795349715";"0,0000346325759352741";"5434,9537795349715";"5434,950519357885";"5434,9537795349715";"0,0000346325759352741";"189,0706249999348";"177,3092919999035";"192,326834000065";"4,241930121109755"
"dashboard";"capacity-64";"rustyx";"3";"3";"0";"2844,5515510800496";"2810,9346016031654";"2886,738838800916";"1,3339421114365693";"0,8546958750873922";"0,8357265939115451";"0,8580877576330243";"1,4185939169173392";"270,59375";"265,515625";"271,8125";"1,2401238665310368";"279,75";"278,015625";"282,671875";"0,8400008445879625";"27,32099999999997";"27,161083999999846";"27,475542000000132";"0,5755534689157643";"47,01958300000024";"46,41429199999993";"48,66904199999999";"2,4636554451637505";"52,338292000000365";"51,55308299999999";"56,641125";"5,118951883204613";"36,66683399999965";"35,921875";"38,19066700000002";"3,1318020226002647";"241,2524417263258";"241,20285691427384";"243,1226477181562";"0,4524773841351953";"4271,072593800979";"4271,069036792062";"4271,076278001149";"0,00008477473979781932";"4271,072593800979";"4271,069036792062";"4271,076278001149";"0,00008477473979781932";"28,16591600002721";"28,154499999945983";"28,46654200006742";"0,62611316723163"
"dashboard";"capacity-128";"next";"3";"3";"0";"1751,8611492495656";"1719,5692194884602";"1762,5622273262495";"1,2828737953033311";"0,8395731935604642";"0,8395434392981794";"0,8592023065833734";"1,3404311709629828";"379,21875";"352,796875";"382,484375";"4,382092320764615";"389,703125";"386,96875";"391,890625";"0,6330844842038882";"33,765290999999706";"32,7182499999999";"35,27391699999998";"3,78771857286004";"173,18183399999998";"166,61366599999997";"182,07433400000014";"4,460537024226929";"192,94812500000012";"186,22458399999994";"208,945417";"5,953695074113572";"45,28016699999989";"42,04387499999939";"47,8371659999998";"6,4440282172157035";"147,7457839714256";"147,07635344138416";"147,97999980453443";"0,31772567361950904";"5435,252666987026";"5434,756249410433";"5435,272182703107";"0,005379914326655006";"5435,252666987026";"5434,756249410433";"5435,272182703107";"0,005379914326655006";"194,1694579999894";"174,7866670000367";"203,39704199996777";"7,6539173930783555"
"dashboard";"capacity-128";"rustyx";"3";"3";"0";"2751,808853417477";"2705,8237020682454";"2825,595288517912";"2,188319658098218";"0,8700605624512802";"0,8563084112149533";"0,8905697206294986";"1,9765096192147957";"271,125";"269,078125";"277,109375";"1,53187290964718";"289,046875";"284,765625";"290,640625";"1,0543852989467437";"60,20050000000083";"59,77329100000043";"61,773957999999766";"1,739180057832353";"87,3772919999999";"83,84245799999985";"90,03504199999998";"3,567352981169174";"101,876541";"94,44987499999934";"105,41566699999998";"5,564255709114625";"76,72483300000022";"74,097666";"79,623584";"3,598331169850767";"240,9724658423593";"239,4240358762823";"241,9581012247231";"0,5305176426886921";"4270,824007009346";"4270,801451750641";"4270,8809737962465";"0,0009596049215956955";"4270,824007009346";"4270,801451750641";"4270,8809737962465";"0,0009596049215956955";"27,653916999930516";"26,99654099997133";"29,604124999954365";"4,828778190651177"
"dashboard";"sustained";"next";"1";"1";"0";"2145,6792466497664";"2145,6792466497664";"2145,6792466497664";"";"0,5969036786285501";"0,5969036786285501";"0,5969036786285501";"";"339,703125";"339,703125";"339,703125";"";"346,53125";"346,53125";"346,53125";"";"13,725832999996783";"13,725832999996783";"13,725832999996783";"";"67,54916599999979";"67,54916599999979";"67,54916599999979";"";"79,74516700000004";"79,74516700000004";"79,74516700000004";"";"17,166291999999885";"17,166291999999885";"17,166291999999885";"";"128,07638354821816";"128,07638354821816";"128,07638354821816";"";"5436,1212208264105";"5436,1212208264105";"5436,1212208264105";"";"5436,1212208264105";"5436,1212208264105";"5436,1212208264105";"";"192,0476670000935";"192,0476670000935";"192,0476670000935";""
"dashboard";"sustained";"rustyx";"1";"1";"0";"3578,099029796527";"3578,099029796527";"3578,099029796527";"";"0,6735452149701546";"0,6735452149701546";"0,6735452149701546";"";"309,96875";"309,96875";"309,96875";"";"312,484375";"312,484375";"312,484375";"";"22,40408299999399";"22,40408299999399";"22,40408299999399";"";"37,37224999999671";"37,37224999999671";"37,37224999999671";"";"41,01450000000477";"41,01450000000477";"41,01450000000477";"";"28,696208000001207";"28,696208000001207";"28,696208000001207";"";"241,00114802088035";"241,00114802088035";"241,00114802088035";"";"4272,381284513023";"4272,381284513023";"4272,381284513023";"";"4272,381284513023";"4272,381284513023";"4272,381284513023";"";"28,726792000001296";"28,726792000001296";"28,726792000001296";""
"portail";"ssr";"next";"3";"3";"0";"1644,8018697984471";"1618,4697243861415";"1663,8825728021736";"1,3883903807391695";"0,8072948328267477";"0,7943756760004808";"0,8191252779836916";"1,5340564494210334";"273,9375";"267,140625";"275,046875";"1,573478857864372";"285,734375";"285,421875";"287,921875";"0,4756805744028672";"2,210541999999805";"2,169209000000592";"2,280707999999777";"2,5388976766359153";"3,6332499999999754";"3,587665999999899";"3,6957920000000115";"1,4917734076753928";"4,733709000000005";"4,671707999999853";"5,208000000000084";"6,022671140407693";"3,6048339999999826";"3,5541250000001128";"3,6613330000000133";"1,4869298940990257";"132,5729462895987";"132,17478435551456";"132,78400505120595";"0,2334620139546186";"6346,73009118541";"6346,725722757598";"6346,733205143612";"0,00005922229224283765";"6346,73009118541";"6346,725722757598";"6346,733205143612";"0,00005922229224283765";"174,66849999991246";"170,98054199991748";"176,50212500011548";"1,6157437695297427"
"portail";"ssr";"rustyx";"3";"3";"0";"3848,079831859468";"3781,394535207485";"3900,794908697522";"1,556847726211586";"0,49469964664310956";"0,47980315767890097";"0,5013220518244316";"2,240383020239787";"239,40625";"236,359375";"239,6875";"0,7739161202919099";"241,5625";"239,484375";"241,609375";"0,5037930633642519";"0,91274999999996";"0,909291999999823";"0,9269999999999072";"1,024295288711281";"1,7045829999997295";"1,6409579999999977";"1,7119580000000951";"2,315617381008834";"2,632582999999613";"2,501958000000002";"2,797792000000001";"5,606933020739305";"1,6432079999999587";"1,5826669999996739";"1,6491660000001502";"2,2642322443033134";"189,5696467147909";"187,1613714650851";"190,36437330753552";"0,8823187267746804";"4324,365100810643";"4324,318561607615";"4324,400758663112";"0,0009531671620330522";"4324,365100810643";"4324,318561607615";"4324,400758663112";"0,0009531671620330522";"27,993833999847993";"27,81141599989496";"29,074082999955863";"2,4121205359283127"
"portail";"ssr-search";"next";"3";"3";"0";"1302,472471415525";"1300,9816193069537";"1306,2136795908013";"0,2068320362097896";"1,0456215554194734";"1,0439054344488794";"1,0482631417153396";"0,20987744861653235";"269,359375";"268,75";"297,96875";"5,990943281789811";"284,0625";"281,125";"314,390625";"6,281396059741087";"2,8239589999999453";"2,8234170000000063";"2,856667000000016";"0,671763876910464";"4,445957999999791";"4,366500000000087";"4,457583";"1,1207099032088728";"5,996374999999944";"5,642375000000001";"6,251792000000023";"5,1317824247084145";"4,39970900000003";"4,32425000000012";"4,415667000000212";"1,1148552743416429";"136,37710795686172";"135,96580911307294";"136,5805179363927";"0,22974358410542586";"11842,147988946883";"11842,146941284967";"11842,15033680343";"0,000014682749402906187";"11842,147988946883";"11842,146941284967";"11842,15033680343";"0,000014682749402906187";"172,65708300005645";"171,61404099990614";"173,3096249999944";"0,49572186330896967"
"portail";"ssr-search";"rustyx";"3";"3";"0";"2831,704179490495";"2831,1215687126764";"2904,60828307624";"1,4798033903311099";"0,6460951842960034";"0,6237092110698058";"0,65258845963698";"2,364387279201965";"237,296875";"235,5625";"238,046875";"0,5377400983410862";"240,6875";"239,34375";"245,59375";"1,360152818925339";"1,2385839999999462";"1,226332999999613";"1,248250000000553";"0,8874266572136575";"2,095040999999995";"2,0395420000000968";"2,1359999999999673";"2,3161148381911216";"2,969832999999994";"2,901083000000199";"3,306082999999944";"7,084798116266872";"2,01941699999999";"1,9670000000000982";"2,062707999999475";"2,3768624754345757";"182,95504337196743";"181,1630940704305";"184,7557263571236";"0,9818200671144093";"9781,077531422115";"9781,076700331945";"9781,175822662812";"0,0005826527279757925";"9781,077531422115";"9781,076700331945";"9781,175822662812";"0,0005826527279757925";"28,881584000075236";"28,817290999926627";"28,886791999917477";"0,1341238737362269"
"portail";"api-fast";"next";"3";"3";"0";"6474,439084469288";"6458,321236895924";"6549,49958616994";"0,7493123963458688";"0,19828890879327918";"0,19599462693857614";"0,19909586326480058";"0,8134574591861574";"262,140625";"255,390625";"263,359375";"1,6490449435577879";"267,328125";"263,25";"270,953125";"1,4424077891653442";"0,47504099999969185";"0,4666659999993499";"0,47708299999999326";"1,1671977568958696";"1,2866670000000795";"1,2625419999999394";"1,2954580000000533";"1,3298594273166038";"1,729332999999997";"1,698208000000001";"1,8399579999999958";"4,242886853344786";"1,2756669999999986";"1,2513329999999883";"1,2810419999999567";"1,247149620585139";"128,38094611079725";"128,36667280257362";"128,58250419011887";"0,09397224970711934";"38,656855174969884";"38,65599455040872";"38,66082549761876";"0,006665884692044887";"38,656855174969884";"38,65599455040872";"38,66082549761876";"0,006665884692044887";"174,25500000012107";"170,41541699995287";"174,50941699999385";"1,325412567619875"
"portail";"api-fast";"rustyx";"3";"3";"0";"16350,854301420151";"16297,56092537029";"16437,473633952515";"0,43157872705151756";"0,13001149678334678";"0,12920651142419154";"0,1301920363212467";"0,40422621706186745";"176,359375";"174,484375";"179,40625";"1,4054201817171716";"179,25";"175,140625";"182,609375";"2,0897463047423996";"0,2089590000005046";"0,20750000000043656";"0,20962500000041473";"0,5207996107119762";"0,4317079999998441";"0,42487500000015643";"0,43233300000065356";"0,9629662205992399";"0,7448750000003201";"0,7433750000000146";"0,7477499999999964";"0,2982853660935556";"0,40954199999998764";"0,40208300000000463";"0,4095829999999978";"1,060836482584875";"212,3828624870133";"212,18126439435397";"212,5799041414058";"0,09385203522323037";"38,86411780533744";"38,86367261795202";"38,864831982869795";"0,0015048811948544444";"38,86411780533744";"38,86367261795202";"38,864831982869795";"0,0015048811948544444";"28,878374999854714";"28,564791000215337";"29,082791999913752";"0,9046210316915582"
"portail";"api-async";"next";"3";"3";"0";"116,12356185820374";"115,79023538221954";"116,40337296712048";"0,26437782479246114";"1,5";"1,3869863013698631";"1,5068493150684932";"4,59595416611241";"128,8125";"128,40625";"129,515625";"0,4353910154271931";"139,375";"138,09375";"140,53125";"0,8750842614947318";"34,15241600000013";"33,98033299999997";"34,32195799999954";"0,5001646483206675";"36,66675000000032";"36,623957999999675";"36,71341700000005";"0,12202311117977659";"38,416165999999976";"37,39662499999986";"39,36537499999986";"2,5645078179590968";"36,56145900000001";"36,53254100000004";"36,605458";"0,1004130019534052";"17,36853530733293";"16,14498837386431";"17,49807096493481";"4,390904147469003";"41,81164383561644";"41,810344827586206";"41,81164383561644";"0,0017937357493173554";"41,81164383561644";"41,810344827586206";"41,81164383561644";"0,0017937357493173554";"171,78158300020732";"171,62908399989828";"190,96812500013039";"6,2436829880937275"
"portail";"api-async";"rustyx";"3";"3";"0";"117,95686260747782";"114,8817664445314";"118,49397045578542";"1,6642756126464444";"1,0810810810810811";"1,0570469798657718";"1,1785095320623917";"5,818024621136721";"83,96875";"83,65625";"84,875";"0,7521046833781434";"91,921875";"91,78125";"93,484375";"1,0231232587595422";"33,76999999999998";"33,620666999999685";"33,81275000000005";"0,29895101244910666";"35,493584000000055";"35,47924999999998";"35,81720799999994";"0,5368947333374527";"36,74912500000028";"36,17854200000011";"40,636290999999915";"6,408205704695772";"35,37095799999997";"35,33308299999999";"35,66212499999983";"0,5077864792024885";"12,752093254862466";"12,525369360259196";"13,538925681504566";"4,111255450272081";"41,814189189189186";"41,809358752166375";"41,81543624161074";"0,0076770106197165166";"41,814189189189186";"41,809358752166375";"41,81543624161074";"0,0076770106197165166";"28,266499999910593";"27,796166999964043";"29,79170800000429";"3,645258780683845"
"portail";"stream";"next";"3";"3";"0";"46,73543690491995";"46,64496956669517";"46,83743996720039";"0,20602113421891333";"4,322033898305085";"4,1525423728813555";"4,406779661016949";"3,0148524308920037";"140,296875";"139,796875";"141,0625";"0,4540651664720983";"158,34375";"157,1875";"158,71875";"0,5048922708089225";"85,31450000000007";"85,08245799999997";"85,39191700000015";"0,18887358437035143";"89,09049999999979";"88,43216600000005";"89,93024999999989";"0,8422460475364277";"91,12995900000078";"91,07558400000016";"91,94341700000001";"0,5319456095184434";"12,414166000000023";"11,672292000000198";"13,483208000000104";"7,269457558406409";"20,19921425551625";"19,449445410108634";"20,555410317526682";"2,8130988684779408";"7521,067796610169";"7521,067796610169";"7521,067796610169";"0";"7521,067796610169";"7521,067796610169";"7521,067796610169";"0";"175,8098750000354";"174,11008300003596";"179,58941600006074";"1,5890245773911078"
"portail";"stream";"rustyx";"3";"3";"0";"46,49858779316338";"46,44897351458865";"46,516302226960576";"0,07507564166444484";"3,7711864406779663";"3,6016949152542375";"3,7711864406779663";"2,6342978061884064";"127,203125";"126,625";"127,40625";"0,3189750835134107";"137,265625";"132,4375";"141,21875";"3,210745144090345";"86,07020799999998";"85,87162499999977";"86,16908300000023";"0,1760738137441303";"88,00979199999983";"87,86633400000028";"88,14787499999989";"0,15996165183197067";"89,09358399999996";"88,38799999999992";"89,66716700000052";"0,719506592842081";"7,122458000000279";"7,111916000000292";"7,921708000000308";"6,289744582078606";"17,535484379625174";"16,72950317262727";"17,5421648228792";"2,705845787048633";"5065,838983050848";"5065,838983050848";"5065,838983050848";"0";"5065,838983050848";"5065,838983050848";"5065,838983050848";"0";"29,696082999929786";"28,4591669999063";"29,958541000029072";"2,7262207411015953"
"portail";"proxy";"next";"3";"3";"0";"1232,5076287308384";"1230,7335565231747";"1233,5116871194298";"0,11416004535040077";"1,108769654725239";"1,10804224207961";"1,109669046073978";"0,07349349117232891";"270,046875";"262,78125";"271,515625";"1,7443360861320154";"287,296875";"286,8125";"292,265625";"1,045136974395032";"3,0417499999994106";"3,0107090000001335";"3,069542000000183";"0,9679273701961214";"4,780625000000043";"4,734542000000033";"4,801458000000025";"0,7175457872991802";"6,438874999999996";"5,936290999999997";"6,898083000000042";"7,487979698180205";"4,741167000000132";"4,700249999999983";"4,756208000000015";"0,6119114890431813";"136,76755646526502";"136,3704769372551";"136,76803274269574";"0,16788596539049527";"6308,639844256976";"6308,639317627944";"6308,640136164694";"0,00000657573541963499";"6308,639844256976";"6308,639317627944";"6308,640136164694";"0,00000657573541963499";"180,8807079999242";"170,64133400004357";"181,0256250000093";"3,354054795181047"
"portail";"proxy";"rustyx";"3";"3";"0";"3167,445881949498";"3133,0400400169383";"3176,03167581028";"0,7202457458564024";"0,610479797979798";"0,604419819933262";"0,6172209101934001";"1,048549677189862";"246,078125";"243,65625";"247,265625";"0,7487910250607785";"251,265625";"250,28125";"251,5625";"0,2671574759985805";"1,1072920000001432";"1,1055830000000242";"1,11850000000004";"0,6318574995032704";"2,0493340000000444";"2,0162499999996726";"2,0670000000000073";"1,2602703492042542";"2,9406669999998485";"2,8952500000000043";"3,204833000000235";"5,547434450464247";"1,9811659999995754";"1,9535420000001977";"2,0012919999999212";"1,2115691245118918";"193,36617221244728";"191,96564935955857";"193,37778251716216";"0,4209181594368677";"3777,571590909091";"3777,533733324823";"3777,580872631115";"0,0006610486032765878";"3777,571590909091";"3777,533733324823";"3777,580872631115";"0,0006610486032765878";"29,003166999900714";"28,745624999981374";"29,593332999851555";"1,4927305236328"
"portail";"export-gzip";"next";"3";"3";"0";"2346,9426603200923";"2340,2934069131175";"2352,735508910918";"0,26531192383213337";"0,5083297736010252";"0,5073510665420243";"0,5103084000681547";"0,2961837421599266";"262,265625";"252,15625";"285,671875";"6,4461717662534";"310,71875";"306,65625";"316,5";"1,5891270418150583";"1,4400000000000546";"1,4327910000000088";"1,4512079999999514";"0,6438885803518581";"2,994082999999989";"2,990791999999601";"2,995124999999973";"0,07555742968108298";"3,923000000000229";"3,8198750000001382";"3,940208999999868";"1,6710929430109442";"2,8180000000000405";"2,8160000000000025";"2,824457999999993";"0,15678296435085465";"119,36628697372464";"118,9640817696117";"119,76645540396449";"0,3360995303293415";"141815";"141815";"141815";"0";"141815";"141815";"141815";"0";"173,17645899998024";"172,97383399982937";"173,5829580000136";"0,17905123910273824"
"portail";"export-gzip";"rustyx";"3";"3";"0";"3085,72155227661";"3025,9674469233473";"3116,474614978272";"1,4961199297689893";"0,6966044582685329";"0,6910047478506351";"0,7077248397541797";"1,218506315621746";"222,125";"221,34375";"223,625";"0,521370217015864";"237,921875";"232,078125";"249,34375";"3,662383413682799";"1,18229099999985";"1,171624999999949";"1,1857920000002196";"0,6254160283293893";"1,9957079999999223";"1,980916999999863";"2,046542000000045";"1,7145121034099693";"2,621999999999389";"2,6006670000001577";"2,637124999999969";"0,6991360100034185";"1,8020830000004935";"1,7789589999997588";"1,8388749999999163";"1,672537284610686";"214,95273902911845";"214,155232647519";"215,3498755505966";"0,28321493668424474";"6820,0322083921465";"6818,568228375074";"6820,801775531363";"0,016637173899336374";"141815";"141815";"141815";"0";"27,881875000195578";"27,852916999952868";"28,80358299985528";"1,9187796487721192"
"portail";"export-identity";"next";"3";"3";"0";"2355,3002823297493";"2345,352213718571";"2362,2747424403096";"0,36123957725658584";"0,5072463768115942";"0,5069826491747779";"0,508316361167685";"0,13916938858508834";"257,984375";"255,765625";"284,40625";"5,988993125512061";"303,453125";"297,359375";"312,046875";"2,4250588831542275";"1,4431249999997817";"1,44074999999998";"1,4442080000003443";"0,12260183480022344";"2,976957999999968";"2,974999999999966";"2,97849999999994";"0,05892583140535882";"3,776375000000371";"3,7545840000000226";"3,899417000000085";"2,049608637417414";"2,809500000000014";"2,8079579999998714";"2,8170829999999967";"0,173729147693486";"119,72376689710792";"118,96714127557968";"119,76323070010542";"0,37549935929200723";"141815";"141815";"141815";"0";"141815";"141815";"141815";"0";"173,36100000003353";"171,40091599989682";"174,02683300012723";"0,7893863920424077"
"portail";"export-identity";"rustyx";"3";"3";"0";"3162,4431217353685";"3118,4419585260184";"3177,0006106560213";"0,9670686104016346";"0,4324734446130501";"0,4278882456581928";"0,4366504231854322";"1,0137160579592666";"221,84375";"217,453125";"227,921875";"2,36368988694983";"242,125";"231,5625";"242,328125";"2,580001087867935";"1,1536659999997028";"1,1530830000001515";"1,1582080000002861";"0,24292992607443925";"1,942417000000205";"1,9308750000000146";"1,9777920000001359";"1,2534387940531566";"2,547541999999794";"2,5140409999999065";"2,8235420000000886";"6,462075307401252";"1,7766249999999957";"1,7725829999999405";"1,8066670000002887";"1,0430551193197453";"136,1669000869594";"135,9401217748612";"136,7672670249742";"0,313594660050113";"141815";"141815";"141815";"0";"141815";"141815";"141815";"0";"28,84487499995157";"27,12320899986662";"28,90579200000502";"3,5772420492027495"
"portail";"mixed";"next";"3";"3";"0";"448,56773489871654";"448,29840869208687";"450,1749278330475";"0,2259701768283489";"1,1027777777777779";"1,0940979955456571";"1,1114190687361418";"0,7853481146675665";"167,15625";"163,625";"174,375";"3,254078952449867";"195,046875";"190,96875";"220,953125";"8,03792918187666";"1,9022500000000946";"1,8442080000004353";"1,908125000000041";"1,8743485674964318";"32,39312500000051";"32,23712500000056";"32,43150000000014";"0,3181946586748089";"33,4768339999996";"33,35162500000024";"33,49445799999967";"0,23287964105817047";"32,36524999999983";"32,20970900000066";"32,40833300000031";"0,32320009717119735";"49,43735229187735";"49,07770596191414";"50,03329990605655";"0,974716593122932";"4567,055555555556";"4567,054008908686";"4567,057095343681";"0,00003379023419938442";"4567,055555555556";"4567,054008908686";"4567,057095343681";"0,00003379023419938442";"171,7783749999944";"171,14383299998008";"175,41479200008325";"1,3338463371990161"
"portail";"mixed";"rustyx";"3";"3";"0";"467,3330256938941";"467,2173476930657";"467,868522780478";"0,07431686774438395";"0,8894230769230769";"0,8840811965811965";"0,897196261682243";"0,7408152611848443";"184,265625";"182,484375";"185,078125";"0,7212486320315084";"196,015625";"195,5625";"197,171875";"0,42287489569711784";"1,2362080000002607";"1,2158749999999827";"1,25";"1,3911083856932567";"32,17695800000001";"32,17016699999931";"32,23337500000025";"0,10778354619485069";"33,14508299999943";"33,12683300000003";"33,184917000000496";"0,08959524661849916";"32,13270899999998";"32,11883299999954";"32,18987500000003";"0,11713374328951816";"41,565677766043464";"41,30580718119785";"41,97698895974382";"0,8132091566732638";"3544,9172008547007";"3544,9172008547007";"3545,124699599466";"0,0033794052710201423";"3544,9172008547007";"3544,9172008547007";"3545,124699599466";"0,0033794052710201423";"28,864000000059605";"28,58362500020303";"28,91504200012423";"0,6198635822049775"
"portail";"capacity-1";"next";"1";"1";"0";"102,35555695131316";"102,35555695131316";"102,35555695131316";"";"2,4512987012987013";"2,4512987012987013";"2,4512987012987013";"";"160,28125";"160,28125";"160,28125";"";"162,03125";"162,03125";"162,03125";"";"2,440832999999998";"2,440832999999998";"2,440832999999998";"";"33,2038749999997";"33,2038749999997";"33,2038749999997";"";"33,6701250000001";"33,6701250000001";"33,6701250000001";"";"33,128625000000056";"33,128625000000056";"33,128625000000056";"";"25,090404382545923";"25,090404382545923";"25,090404382545923";"";"4565,0941558441555";"4565,0941558441555";"4565,0941558441555";"";"4565,0941558441555";"4565,0941558441555";"4565,0941558441555";"";"173,52112500020303";"173,52112500020303";"173,52112500020303";""
"portail";"capacity-1";"rustyx";"1";"1";"0";"106,46035611343765";"106,46035611343765";"106,46035611343765";"";"1,609375";"1,609375";"1,609375";"";"148,890625";"148,890625";"148,890625";"";"158,3125";"158,3125";"158,3125";"";"1,7775420000002669";"1,7775420000002669";"1,7775420000002669";"";"33,13133300000027";"33,13133300000027";"33,13133300000027";"";"33,63145799999984";"33,63145799999984";"33,63145799999984";"";"33,02899999999954";"33,02899999999954";"33,02899999999954";"";"17,133463562006373";"17,133463562006373";"17,133463562006373";"";"3543,246875";"3543,246875";"3543,246875";"";"3543,246875";"3543,246875";"3543,246875";"";"28,906625000061467";"28,906625000061467";"28,906625000061467";""
"portail";"capacity-16";"next";"3";"3";"0";"1799,0219933354138";"1790,7764198103455";"1800,1343132119853";"0,2845319438558047";"0,7206709059072897";"0,719948377581121";"0,7230142566191446";"0,2222311152499697";"281,015625";"278,5625";"283,421875";"0,8646708827672541";"292,125";"292";"292,59375";"0,10711088363084456";"1,5823749999999563";"1,5602499999999964";"1,6190839999999298";"1,8722312419736054";"30,880667000000017";"30,869666000000507";"30,887541000000056";"0,029199356101756144";"32,12012499999997";"32,07458399999996";"32,22233300000005";"0,23542718982994115";"30,863666000000194";"30,85620800000015";"30,86520900000005";"0,015597112706673898";"129,52029653345852";"129,47568819402701";"129,73044262572782";"0,10499364275203882";"4568,113169293153";"4567,695427728613";"4568,5240696167375";"0,009069956068703084";"4568,113169293153";"4567,695427728613";"4568,5240696167375";"0,009069956068703084";"179,61645800014958";"178,34674999979325";"185,11583300004713";"1,9875834248194486"
"portail";"capacity-16";"rustyx";"3";"3";"0";"1940,933214343193";"1932,026733509643";"1942,3370890526917";"0,28846278519599855";"0,4945054945054945";"0,49365786767226605";"0,49726589200273413";"0,38102606196601735";"226,984375";"224,359375";"231,46875";"1,5794895099507191";"248,0625";"231,546875";"253,234375";"4,637037746767879";"0,9026250000006257";"0,8988329999997404";"0,9490829999999733";"3,05192735442223";"30,973790999999892";"30,965291000000434";"31,03629200000023";"0,12510519812675416";"32,467208";"32,42370800000026";"32,5615829999997";"0,21698116039462303";"30,949624999999287";"30,929791999999907";"31,017292000000452";"0,14815619740788805";"95,81569518869378";"95,53978352520213";"96,58579851577808";"0,5648185631285436";"3545,7686835790196";"3545,7652815934066";"3545,774777853725";"0,0001356917668501852";"3545,7686835790196";"3545,7652815934066";"3545,774777853725";"0,0001356917668501852";"29,633875000057742";"28,93795799999498";"29,710042000049725";"1,4458794862957915"
"portail";"capacity-64";"next";"3";"3";"0";"1978,8172862940812";"1967,6370631585626";"1979,3760169698942";"0,33524880798749174";"0,7205387205387206";"0,7200870802980825";"0,7206226983595581";"0,039987089041080205";"310,328125";"310,0625";"368,1875";"10,160674497152137";"324,9375";"315,84375";"382,703125";"10,629081851631156";"36,614166999999725";"36,61129200000005";"36,66229199999998";"0,07821892844612119";"53,49104200000011";"53,327167";"54,20779100000004";"0,8725518165824286";"66,07512500000001";"65,606625";"66,849583";"0,9485510326505362";"53,46583300000009";"53,30275";"54,18766700000003";"0,8777702942561915";"142,5323096871899";"141,77586919728364";"142,5980652409779";"0,3210758173790323";"4567,907599598259";"4567,895622895623";"4568,285690362555";"0,00485612051425844";"4567,907599598259";"4567,895622895623";"4568,285690362555";"0,00485612051425844";"173,14704099996015";"170,3562080000993";"178,5368329999037";"2,3897878027096757"
"portail";"capacity-64";"rustyx";"3";"3";"0";"1947,2172084198407";"1944,3862147849507";"1948,925278398264";"0,11775809076644633";"0,508143875127248";"0,4958047292143402";"0,5089642280567593";"1,4618643082727791";"234,0625";"232,1875";"235,828125";"0,7779417602952564";"241,765625";"236,625";"243,359375";"1,462869102384104";"29,908416000000216";"29,871667000000343";"29,944417";"0,12162444223897284";"60,31062500000007";"60,21129199999996";"60,373499999999694";"0,13563197683720687";"61,911582999999155";"61,66208299999926";"62,007709000000034";"0,2883822721125754";"60,27891600000021";"60,182792000000006";"60,34112499999992";"0,1323589662114493";"98,96230288522266";"96,54395007421026";"99,03344432987446";"1,443492904041263";"3545,851899056844";"3545,7888530709197";"3546,0876345453003";"0,004441422715594575";"3545,851899056844";"3545,7888530709197";"3546,0876345453003";"0,004441422715594575";"28,02979200007394";"27,82541700010188";"29,004625000059605";"2,2277631849585626"
"portail";"capacity-128";"next";"3";"3";"0";"1971,7997455244254";"1942,6088430861275";"1995,3214005629607";"1,3405201577443553";"0,7329974811083123";"0,73146458782551";"0,7495741056218058";"1,3607254321095554";"391,859375";"390,96875";"458,703125";"9,388062637467607";"399,8125";"395,40625";"469,875";"9,907733230337053";"71,41779200000019";"70,25012500000048";"71,56212500000038";"1,0122121615649025";"111,62749999999994";"110,13666699999999";"115,35387500000002";"2,3913685678616288";"129,802583";"126,59579200000007";"130,92491700000005";"1,7401311078712012";"111,57524999999987";"110,07966699999997";"115,33129200000008";"2,4087146739696603";"145,6129286129295";"144,5324246719415";"145,95069458422054";"0,5096400796654726";"4568,661376994122";"4567,870528109029";"4568,677807264887";"0,010100092778739956";"4568,661376994122";"4567,870528109029";"4568,677807264887";"0,010100092778739956";"179,86895799986087";"176,96454100008123";"181,4249579999596";"1,2618046212396026"
"portail";"capacity-128";"rustyx";"3";"3";"0";"1952,6219928927553";"1943,7362084601161";"1954,8925562446314";"0,3022942139981176";"0,50050641458474";"0,4929340511440108";"0,5047106325706595";"1,1950782576919108";"235,5";"231,5625";"241,921875";"2,2126447376828673";"243,4375";"238,28125";"256,640625";"3,8473289169137903";"62,48029199999928";"62,388582999999926";"62,486791999999696";"0,0879410543631984";"93,0082080000002";"92,90979199999947";"93,14783399999988";"0,12858691387823515";"94,73745800000006";"94,62045799999987";"95,37091700000019";"0,42541859649189534";"92,98170800000025";"92,888375";"93,10925000000043";"0,11923264243923372";"97,28524405949095";"96,36331073009372";"98,55090812042843";"1,127610138564447";"3545,805349932705";"3545,7987846049964";"3545,805349932705";"0,00010690085002937391";"3545,805349932705";"3545,7987846049964";"3545,805349932705";"0,00010690085002937391";"28,781541999895126";"28,516707999864593";"29,096291000023484";"1,0075272406462055"
"portail";"sustained";"next";"1";"1";"0";"2426,577571447864";"2426,577571447864";"2426,577571447864";"";"0,522106823907358";"0,522106823907358";"0,522106823907358";"";"375,296875";"375,296875";"375,296875";"";"380";"380";"380";"";"29,109000000004016";"29,109000000004016";"29,109000000004016";"";"42,24962499999947";"42,24962499999947";"42,24962499999947";"";"48,15549999999996";"48,15549999999996";"48,15549999999996";"";"42,237082999999984";"42,237082999999984";"42,237082999999984";"";"126,69327087934744";"126,69327087934744";"126,69327087934744";"";"4570,56497504788";"4570,56497504788";"4570,56497504788";"";"4570,56497504788";"4570,56497504788";"4570,56497504788";"";"179,33937499998137";"179,33937499998137";"179,33937499998137";""
"portail";"sustained";"rustyx";"1";"1";"0";"1967,9305152088145";"1967,9305152088145";"1967,9305152088145";"";"0,39394862422580973";"0,39394862422580973";"0,39394862422580973";"";"243,640625";"243,640625";"243,640625";"";"250,5625";"250,5625";"250,5625";"";"30,246500000001106";"30,246500000001106";"30,246500000001106";"";"60,54441599999973";"60,54441599999973";"60,54441599999973";"";"61,919167000000016";"61,919167000000016";"61,919167000000016";"";"60,51654100000087";"60,51654100000087";"60,51654100000087";"";"77,52635190385014";"77,52635190385014";"77,52635190385014";"";"3548,540790943243";"3548,540790943243";"3548,540790943243";"";"3548,540790943243";"3548,540790943243";"3548,540790943243";"";"29,307833000086248";"29,307833000086248";"29,307833000086248";""
"documentation";"static-large";"next";"3";"3";"0";"5498,163500607956";"5418,238375569908";"5608,167187172706";"1,7312500240047035";"0,2087652300418258";"0,20574077375646282";"0,2114781324967706";"1,3754768088671891";"212,078125";"177,734375";"214,28125";"10,177552858532616";"218,9375";"216,984375";"219,328125";"0,5749028734853678";"0,527042000000165";"0,5177920000000995";"0,5335829999999078";"1,5079919306542968";"1,303124999999909";"1,2955839999999625";"1,3441669999999704";"1,9893456067216453";"1,6650830000003225";"1,6423330000000078";"1,75912500000004";"3,6661926060435945";"1,259999999999991";"1,2526670000006561";"1,2991250000000036";"1,965710851787352";"114,78253680119902";"114,58389330878603";"115,38286564445181";"0,36198035582168453";"43486";"43486";"43486";"0";"43486";"43486";"43486";"0";"153,7961250001099";"152,44349999981932";"157,361375000095";"1,6440049731490578"
"documentation";"static-large";"rustyx";"3";"3";"0";"14025,112494672989";"12854,650904387583";"14050,452679611828";"5,007539339508457";"0,07428848457195003";"0,0733002177656955";"0,0805849408836341";"5,195471589297226";"8,21875";"8,1875";"8,34375";"1,0021785269184056";"8,34375";"8,21875";"8,34375";"0,8692852233720839";"0,2567079999998896";"0,2534169999998994";"0,29070899999999256";"7,734259762857732";"0,42924999999991087";"0,4270410000001448";"0,47233300000016243";"5,765866692410671";"0,5758749999999964";"0,5439580000000035";"0,5845000000000482";"3,7593078285599875";"0,38754199999993943";"0,3850420000003396";"0,42412500000000364";"5,4846993583726364";"103,58912832098271";"102,99012411221469";"104,19043531803781";"0,5793576349847283";"43023";"43023";"43023";"0";"43023";"43023";"43023";"0";"28,407125000143424";"27,71829200000502";"28,723834000062197";"1,8177615534018057"
"documentation";"static-gzip";"next";"3";"3";"0";"4961,19308038242";"4485,911001751784";"4972,644448446273";"5,7789283709602906";"0,32085130396227174";"0,3205050870631761";"0,3566174831721125";"6,237722257812227";"216,671875";"212,296875";"224,078125";"2,735759510404418";"230,734375";"228,4375";"234,34375";"1,2879297481813232";"0,7205420000000231";"0,7150409999999283";"0,8009590000001481";"6,451319646648967";"1,2175000000000011";"1,2162080000000515";"1,310707999999977";"4,341703706747611";"1,684790999999997";"1,6395420000000058";"1,7851249999999936";"4,374719849171338";"1,0756670000000668";"1,0732499999999163";"1,1508330000000342";"4,010430693807274";"159,37578418834917";"159,18052690492993";"159,9754291178811";"0,25969441170648294";"1196";"1196";"1196";"0";"43486";"43486";"43486";"0";"157,8523339999374";"151,33125000004657";"172,96149999997579";"6,903920894324926"
"documentation";"static-gzip";"rustyx";"3";"3";"0";"13422,388187574312";"12101,097576449214";"13423,582703880229";"5,878690598979675";"0,08908885048566832";"0,0889464980109954";"0,09799385266219388";"5,6329776929193915";"8,28125";"8,171875";"8,3125";"0,8944761437702097";"8,28125";"8,1875";"8,3125";"0,787515510516822";"0,28416699999979755";"0,2837920000001759";"0,31554099999993923";"6,187777642882213";"0,4029170000000022";"0,3999999999996362";"0,44170800000028976";"5,6122410110267795";"0,5681670000000025";"0,5655000000000001";"0,6287090000000717";"6,085316023356787";"0,34808399999997164";"0,34600000000000364";"0,3798749999996289";"5,303207654745007";"119,38744242288865";"118,58331729573956";"119,5891552487989";"0,44647325190312287";"1078";"1078";"1078";"0";"43023";"43023";"43023";"0";"27,92745799990371";"27,80908300005831";"28,99495800002478";"2,312648131473897"
"documentation";"public-gzip";"next";"3";"3";"0";"2420,6405186144343";"2120,709055175868";"2906,707283403024";"15,97686748567414";"1,0530227948463826";"0,8928939946343812";"1,2039219383426039";"14,813786439575471";"200,359375";"198,09375";"200,4375";"0,6668255325801381";"201,140625";"198,875";"201,28125";"0,6737865297817258";"1,422917000000325";"1,1769580000000133";"1,6564579999999864";"16,90023772243824";"2,985832999999957";"2,5782090000002427";"3,2675420000000486";"11,772900249024065";"3,774499999999989";"3,234458000000018";"3,966291000000183";"10,372663820636836";"2,0180419999996957";"1,7107920000007653";"2,362833000000137";"16,064596157911136";"255,3168156368043";"254,89896442297686";"259,5381477510577";"1,0001880656811748";"843";"843";"843";"0";"253952";"253952";"253952";"0";"152,92916699987836";"151,67304200003855";"168,70341700012796";"6,015574323702548"
"documentation";"public-gzip";"rustyx";"3";"3";"0";"3142,1102546400766";"2753,9981734318053";"3174,824217776666";"7,742064502881865";"0,3577051451602746";"0,3538246149929999";"0,40438507332655727";"7,564517472781013";"19,265625";"18,8125";"20,015625";"3,1378749455411152";"19,265625";"18,8125";"24,109375";"14,164103491983631";"1,2247499999999718";"1,2112500000000637";"1,3960829999998623";"8,06644340792392";"1,5662919999999758";"1,5072920000000067";"1,8006659999999783";"9,55085849628048";"1,9436249999998836";"1,8770419999998467";"2,1253750000000764";"6,485337148597917";"1,2557090000000244";"1,2038750000001528";"1,452833000000055";"10,072157909753342";"111,36757533044253";"111,17559511135818";"113,56509576781576";"1,1850053099465234";"910,9933933497895";"910,9930096353675";"910,9938271604939";"0,000044898052527333506";"253952";"253952";"253952";"0";"27,870707999914885";"27,498249999945983";"28,8212919998914";"2,43109431245819"
"documentation";"isr-hit";"next";"3";"3";"0";"12863,377335984216";"12862,85970748693";"13998,713518227674";"4,951317386643253";"0,09281716417910447";"0,08642857142857142";"0,09296830060786966";"4,113876832678858";"218,40625";"216,71875";"221,234375";"1,0428871570743266";"219,84375";"219,046875";"223,0625";"0,9635363054414843";"0,21291599999995015";"0,1957919999999831";"0,21470799999997325";"5,025069876137429";"0,5733329999998205";"0,5565000000000282";"0,5810419999997976";"2,200713717130116";"0,890749999999997";"0,8583330000001297";"0,9066249999996217";"2,78046353198714";"0,5689169999996011";"0,5528750000003129";"0,5776670000000195";"2,2195523973988815";"119,58863310042382";"119,38941612826022";"120,9888811218249";"0,7264439503747205";"1669";"1669";"1669";"0";"1669";"1669";"1669";"0";"167,7505419999361";"155,2556249999907";"171,75662499992177";"5,2186999340889555"
"documentation";"isr-hit";"rustyx";"3";"3";"0";"24744,563542625383";"21529,45790516058";"28681,70963440873";"14,33724280352358";"0,10846022047651376";"0,09447907515095734";"0,12437764732109682";"13,711235388217471";"8,390625";"8,359375";"8,453125";"0,5682052938568927";"8,40625";"8,40625";"8,46875";"0,4281955024892157";"0,14975000000004002";"0,12929099999996652";"0,17312500000002728";"14,552062275435652";"0,22220799999996643";"0,19366700000000492";"0,2627079999999751";"15,337561340989678";"0,31154200000037235";"0,2772090000003118";"0,3552499999996144";"12,430359178147476";"0,21862499999997453";"0,1906249999992724";"0,25854099999992286";"15,333440796486634";"268,3800817428253";"267,77833223424625";"270,982140000724";"0,6329014087378593";"1131";"1131";"1131";"0";"1131";"1131";"1131";"0";"28,59208400011994";"28,585250000003725";"28,772499999962747";"0,3706500076367428"
"documentation";"api-pages";"next";"3";"3";"0";"13507,566872608093";"12600,817166162877";"14069,635034219167";"5,533762379754075";"0,09179201705554897";"0,0884100406515621";"0,09712589865261621";"4,753439171330791";"215,921875";"210,859375";"216,859375";"1,504420809400668";"217,609375";"212,640625";"218,78125";"1,5069018676345582";"0,19862499999999272";"0,1908329999999978";"0,21466599999985192";"6,034571104162298";"0,6034170000000358";"0,5882499999999595";"0,6299579999999878";"3,476713978641885";"0,9692500000001019";"0,9461670000000595";"0,9965839999999844";"2,6001040058767773";"0,59212500000001";"0,5765829999999141";"0,6165829999999914";"3,388512228151043";"123,98868087494104";"122,38656910208822";"124,38970053279589";"0,8575917452350565";"33,83551462750207";"33,823681579406774";"33,84208431645678";"0,02756410279741731";"33,83551462750207";"33,823681579406774";"33,84208431645678";"0,02756410279741731";"173,46470899996348";"160,70075000007637";"174,6025419998914";"4,551426617243051"
"documentation";"api-pages";"rustyx";"3";"3";"0";"22147,449917034803";"18790,513081688092";"24864,39546649902";"13,871336576547517";"0,10140229532176943";"0,09064513275048057";"0,11983695362969743";"14,200663987994616";"136,90625";"135,9375";"137,140625";"0,46671839276653565";"137,421875";"136,359375";"137,640625";"0,499754180231544";"0,1514580000002752";"0,13479099999995015";"0,18012500000008913";"14,750076678889894";"0,2898329999998168";"0,2541659999999979";"0,34362499999997453";"15,220796506178186";"0,7684580000000096";"0,6991670000002159";"0,8659159999997428";"10,769477256272154";"0,27799999999979264";"0,2440000000000282";"0,328708000000006";"15,032564307885757";"225,17978448484786";"224,5802257111261";"225,3836427821251";"0,18557552579437975";"33,996722258842226";"33,88175945339024";"34,10633711624615";"0,33034164770642727";"33,996722258842226";"33,88175945339024";"34,10633711624615";"0,33034164770642727";"27,976250000065193";"27,820957999909297";"28,679332999978215";"1,6243306538067377"
"documentation";"static-rotation";"next";"3";"3";"0";"5507,209302424404";"5497,62353080038";"5572,500645204869";"0,7373807085164467";"0,2084241103848947";"0,20813148168084114";"0,20878041683337578";"0,15591035575458065";"233,0625";"229,28125";"233,375";"0,9825867389372936";"237,34375";"233,890625";"240,484375";"1,3902018056780745";"0,5307920000000195";"0,5262500000001182";"0,5360419999999522";"0,9227882662371745";"1,2979579999999942";"1,2855000000001837";"1,309500000000014";"0,9249711685994219";"1,6230829999999514";"1,6181250000000205";"1,6394169999999946";"0,6848095120473834";"1,2538340000000403";"1,2434170000001359";"1,2664589999999976";"0,9197269448041994";"114,78351995612229";"114,77961323534782";"115,98128159539327";"0,6013628083935234";"43485,49940790182";"43485,49891067538";"43485,49987269487";"0,0000011063477816193563";"43485,49940790182";"43485,49891067538";"43485,49987269487";"0,0000011063477816193563";"167,7435420001857";"165,2243749999907";"174,82354200002737";"2,940315357469228"
"documentation";"static-rotation";"rustyx";"3";"3";"0";"12763,904675556249";"11911,849772811607";"14104,713768583899";"8,551774112726477";"0,10168269984019052";"0,09272649936197362";"0,11063172561989021";"8,804667806877148";"23,671875";"22,6875";"23,828125";"2,643160906490694";"23,90625";"23,21875";"23,96875";"1,756042580697862";"0,29716700000017227";"0,2692090000000462";"0,3224159999999756";"8,983538814490615";"0,40954099999999016";"0,38491700000031415";"0,44000000000005457";"6,70568643786689";"0,5989579999998114";"0,5370000000002619";"0,6426249999999527";"8,952485804631568";"0,36345799999980954";"0,3423329999999396";"0,38941700000009405";"6,459956918544408";"130,78807322634157";"129,78682879133905";"131,7828495691045";"0,7630883790335888";"43022,39940450872";"43022,399304358725";"43022,39966760119";"4,360830995865255e-7";"43022,39940450872";"43022,399304358725";"43022,39966760119";"4,360830995865255e-7";"28,664583000121638";"28,618875000160187";"31,796250000130385";"6,134080279348957"
"documentation";"mixed";"next";"3";"3";"0";"9273,342555967967";"9157,349931290964";"9372,128461527722";"1,1599982449082031";"0,13236106805407663";"0,13123149555893415";"0,13444712883720294";"1,2295406487173215";"228,34375";"227,921875";"232,109375";"1,0047746711125534";"230,921875";"229,796875";"233,5625";"0,8352433991329248";"0,29845899999963876";"0,29562499999974534";"0,30070800000021336";"0,8539764888396231";"0,9709169999996448";"0,9629999999997381";"0,9832499999999982";"1,0494705017981747";"1,4776669999999967";"1,4582499999996799";"1,4777500000000146";"0,7636131269457198";"0,9624169999999594";"0,9535829999999805";"0,9736659999998665";"1,0450001570994303";"122,99184345767354";"122,74295251392412";"123,11794060196279";"0,15519646416937533";"13122,640746352183";"13122,638985860818";"13122,79026966472";"0,0006617545350868511";"13122,640746352183";"13122,638985860818";"13122,79026966472";"0,0006617545350868511";"171,90058299992234";"154,49974999995902";"172,9004160000477";"6,216946167341921"
"documentation";"mixed";"rustyx";"3";"3";"0";"18655,392626636713";"17716,20790942494";"22197,211933510673";"12,1043137595194";"0,1090758036635534";"0,09077292128884033";"0,11500172855358869";"12,03457258860045";"135,46875";"134,671875";"136,609375";"0,7182439310090053";"136,078125";"135,15625";"136,921875";"0,6490900417784475";"0,1975830000001224";"0,161040999999841";"0,20654100000001563";"12,794474302748505";"0,3069589999999991";"0,2719999999999345";"0,3307919999997466";"9,751329647084637";"0,49466700000002106";"0,4797079999998459";"0,5208750000001601";"4,180854866274712";"0,28770799999999497";"0,2547079999994821";"0,3081670000001395";"9,513552344603978";"203,4851943409528";"201,49057716722714";"203,73945329986276";"0,6069685929609109";"12746,976891741595";"12746,762059307026";"12746,980578423974";"0,0009815040035546633";"12746,976891741595";"12746,762059307026";"12746,980578423974";"0,0009815040035546633";"28,856374999973923";"28,67304200003855";"29,150625000009313";"0,8338549635725471"
"documentation";"capacity-1";"next";"1";"1";"0";"5430,832813622111";"5430,832813622111";"5430,832813622111";"";"0,16540845761983675";"0,16540845761983675";"0,16540845761983675";"";"191,703125";"191,703125";"191,703125";"";"220,890625";"220,890625";"220,890625";"";"0,14545799999996234";"0,14545799999996234";"0,14545799999996234";"";"0,3277499999999236";"0,3277499999999236";"0,3277499999999236";"";"0,49724999999943975";"0,49724999999943975";"0,49724999999943975";"";"0,2934580000000153";"0,2934580000000153";"0,2934580000000153";"";"89,83056792924316";"89,83056792924316";"89,83056792924316";"";"13123,167924875714";"13123,167924875714";"13123,167924875714";"";"13123,167924875714";"13123,167924875714";"13123,167924875714";"";"155,7650830000639";"155,7650830000639";"155,7650830000639";""
"documentation";"capacity-1";"rustyx";"1";"1";"0";"8728,380144495854";"8728,380144495854";"8728,380144495854";"";"0,08267776674558924";"0,08267776674558924";"0,08267776674558924";"";"124,53125";"124,53125";"124,53125";"";"125,125";"125,125";"125,125";"";"0,1033329999999637";"0,1033329999999637";"0,1033329999999637";"";"0,15616700000009587";"0,15616700000009587";"0,15616700000009587";"";"0,20812499999999545";"0,20812499999999545";"0,20812499999999545";"";"0,13199999999994816";"0,13199999999994816";"0,13199999999994816";"";"72,16429776534608";"72,16429776534608";"72,16429776534608";"";"12746,696975483082";"12746,696975483082";"12746,696975483082";"";"12746,696975483082";"12746,696975483082";"12746,696975483082";"";"28,414624999975786";"28,414624999975786";"28,414624999975786";""
"documentation";"capacity-16";"next";"1";"1";"0";"9076,94773598066";"9076,94773598066";"9076,94773598066";"";"0,1393274102357001";"0,1393274102357001";"0,1393274102357001";"";"233,390625";"233,390625";"233,390625";"";"236,59375";"236,59375";"236,59375";"";"1,0575000000008004";"1,0575000000008004";"1,0575000000008004";"";"4,479583000000275";"4,479583000000275";"4,479583000000275";"";"6,236709000000019";"6,236709000000019";"6,236709000000019";"";"4,471708000000035";"4,471708000000035";"4,471708000000035";"";"126,46676208989871";"126,46676208989871";"126,46676208989871";"";"13122,449023423158";"13122,449023423158";"13122,449023423158";"";"13122,449023423158";"13122,449023423158";"13122,449023423158";"";"151,50050000008196";"151,50050000008196";"151,50050000008196";""
"documentation";"capacity-16";"rustyx";"1";"1";"0";"22240,149868475783";"22240,149868475783";"22240,149868475783";"";"0,13194371600257743";"0,13194371600257743";"0,13194371600257743";"";"139,515625";"139,515625";"139,515625";"";"140,015625";"140,015625";"140,015625";"";"0,6202499999999418";"0,6202499999999418";"0,6202499999999418";"";"1,2967079999998532";"1,2967079999998532";"1,2967079999998532";"";"1,7516249999998763";"1,7516249999998763";"1,7516249999998763";"";"1,2753330000005008";"1,2753330000005008";"1,2753330000005008";"";"293,4448018100928";"293,4448018100928";"293,4448018100928";"";"12746,974158212579";"12746,974158212579";"12746,974158212579";"";"12746,974158212579";"12746,974158212579";"12746,974158212579";"";"27,134416999993846";"27,134416999993846";"27,134416999993846";""
"documentation";"capacity-64";"next";"1";"1";"0";"8887,512460523503";"8887,512460523503";"8887,512460523503";"";"0,14407494145199062";"0,14407494145199062";"0,14407494145199062";"";"259,4375";"259,4375";"259,4375";"";"265,078125";"265,078125";"265,078125";"";"3,958708999999544";"3,958708999999544";"3,958708999999544";"";"18,791790999999876";"18,791790999999876";"18,791790999999876";"";"27,64633300000014";"27,64633300000014";"27,64633300000014";"";"18,78429099999994";"18,78429099999994";"18,78429099999994";"";"128,0467837403761";"128,0467837403761";"128,0467837403761";"";"13122,69318969555";"13122,69318969555";"13122,69318969555";"";"13122,69318969555";"13122,69318969555";"13122,69318969555";"";"188,87833400000818";"188,87833400000818";"188,87833400000818";""
"documentation";"capacity-64";"rustyx";"1";"1";"0";"18982,364605968003";"18982,364605968003";"18982,364605968003";"";"0,1461218471907746";"0,1461218471907746";"0,1461218471907746";"";"141,203125";"141,203125";"141,203125";"";"141,609375";"141,609375";"141,609375";"";"3,1390410000003612";"3,1390410000003612";"3,1390410000003612";"";"5,698541000000205";"5,698541000000205";"5,698541000000205";"";"6,72262499999988";"6,72262499999988";"6,72262499999988";"";"5,677582999999686";"5,677582999999686";"5,677582999999686";"";"277,3738180272824";"277,3738180272824";"277,3738180272824";"";"12746,969731276218";"12746,969731276218";"12746,969731276218";"";"12746,969731276218";"12746,969731276218";"12746,969731276218";"";"28,870249999919906";"28,870249999919906";"28,870249999919906";""
"documentation";"capacity-128";"next";"1";"1";"0";"8652,970515975934";"8652,970515975934";"8652,970515975934";"";"0,15053928825485938";"0,15053928825485938";"0,15053928825485938";"";"253,625";"253,625";"253,625";"";"255,5";"255,5";"255,5";"";"8,043707999999697";"8,043707999999697";"8,043707999999697";"";"38,76737499999945";"38,76737499999945";"38,76737499999945";"";"56,451333000000034";"56,451333000000034";"56,451333000000034";"";"38,75937500000009";"38,75937500000009";"38,75937500000009";"";"130,26120227653004";"130,26120227653004";"130,26120227653004";"";"13122,334685559379";"13122,334685559379";"13122,334685559379";"";"13122,334685559379";"13122,334685559379";"13122,334685559379";"";"184,0049580000341";"184,0049580000341";"184,0049580000341";""
"documentation";"capacity-128";"rustyx";"1";"1";"0";"18465,182032162433";"18465,182032162433";"18465,182032162433";"";"0,1564571253370366";"0,1564571253370366";"0,1564571253370366";"";"146,09375";"146,09375";"146,09375";"";"146,640625";"146,640625";"146,640625";"";"6,609208000000308";"6,609208000000308";"6,609208000000308";"";"9,268375000000106";"9,268375000000106";"9,268375000000106";"";"13,76870800000006";"13,76870800000006";"13,76870800000006";"";"9,237957999999935";"9,237957999999935";"9,237957999999935";"";"288,9009299577234";"288,9009299577234";"288,9009299577234";"";"12746,695878008532";"12746,695878008532";"12746,695878008532";"";"12746,695878008532";"12746,695878008532";"12746,695878008532";"";"28,153666999889538";"28,153666999889538";"28,153666999889538";""
"documentation";"sustained";"next";"1";"1";"0";"9585,836112931933";"9585,836112931933";"9585,836112931933";"";"0,12312089386951132";"0,12312089386951132";"0,12312089386951132";"";"245,90625";"245,90625";"245,90625";"";"253,328125";"253,328125";"253,328125";"";"3,7504580000004353";"3,7504580000004353";"3,7504580000004353";"";"17,446749999995518";"17,446749999995518";"17,446749999995518";"";"19,86383299999943";"19,86383299999943";"19,86383299999943";"";"17,43904200000179";"17,43904200000179";"17,43904200000179";"";"118,02167107108214";"118,02167107108214";"118,02167107108214";"";"13122,724462671698";"13122,724462671698";"13122,724462671698";"";"13122,724462671698";"13122,724462671698";"13122,724462671698";"";"180,97662500012666";"180,97662500012666";"180,97662500012666";""
"documentation";"sustained";"rustyx";"1";"1";"0";"21818,153410245588";"21818,153410245588";"21818,153410245588";"";"0,1323914484840522";"0,1323914484840522";"0,1323914484840522";"";"143,296875";"143,296875";"143,296875";"";"145,171875";"145,171875";"145,171875";"";"2,726042000002053";"2,726042000002053";"2,726042000002053";"";"5,079540999999153";"5,079540999999153";"5,079540999999153";"";"5,817624999996042";"5,817624999996042";"5,817624999996042";"";"5,061874999999418";"5,061874999999418";"5,061874999999418";"";"288,85369332296773";"288,85369332296773";"288,85369332296773";"";"12747,037818489582";"12747,037818489582";"12747,037818489582";"";"12747,037818489582";"12747,037818489582";"12747,037818489582";"";"28,58737500011921";"28,58737500011921";"28,58737500011921";""
